0x9dc5995702da0d40	0x141cdd378	##type##Wrapper
0x36ee3c8aca944a20	0x141dc48a0	$deleted$property$
0x0f4e6777025acbe8	0x141dc4880	$metadata$
0x6a19e90fe5665312	0x141dc4858	$rederived_from$
0x7cdcaffd8f8eb0fb	0x141c8ae30	(CBillboardCS)
0x542a5ceba70cb165	0x141c8ad38	(CCanvasUICS)
0xc7c72931ce11be33	0x141c8ae08	(CR15DialoguePOICS)
0xf733e8fbe42af293	0x141c8ade8	(CTransformCS)
0xd1d52cf94503a80c	0x141cf4730	*
0x05d48e62e21925ea	0x14171d7b0	*writeptr
0xd1d52cf94503a816	0x141cb72f8	0
0xd1d52cf94503a817	0x141cb7310	1
0xd1d52cf94503a814	0x141cb7328	2
0xd1d52cf94503a815	0x141cb7340	3
0xd1d52cf94503a812	0x141cb7358	4
0xd1d52cf94503a813	0x141cb7370	5
0xd1d52cf94503a810	0x141cb7388	6
0xd1d52cf94503a811	0x141cb73a0	7
0xd1d52cf94503a81e	0x141cb73b8	8
0xd1d52cf94503a81f	0x141cb73d0	9
0x558c21a9b108687a	0x141ce19f0	<invalid>
0xd1d52cf94503a847	0x141cd2b20	A
0x37ee971239eb8162	0x1416d80b8	ACCEPTED
0xa5327ebc42c217ea	0x141c39168	ACES_RRT_10
0xa5327ebc42c217e2	0x141c39188	ACES_RRT_18
0xe32dc7dbda9b4ba2	0x1417153d0	ACTOR
0xd739c2b1ad1b42c1	0x141cf5d98	AIEnterTube_ArrivedAtTubeBack
0x26059a5e64fc6542	0x141cf5d68	AIEnterTube_ArrivedAtTubeFront
0xb4e9c43891eafb2d	0x141cf5e58	AIEnterTube_GetReadyAtTubeBack
0xbd2bf60312289e58	0x141cf5e28	AIEnterTube_GetReadyTubeFront
0x0293be48b12cee39	0x141cf5df8	AIEnterTube_MovingToTubeBack
0xc50c04138ecd1aa0	0x141cf5dc8	AIEnterTube_MovingToTubeFront
0x17d512aaa8a1dd66	0x141cf60a8	AILostGame_Celebration0
0x17d512aaa8a1dd67	0x141cf60d0	AILostGame_Celebration1
0x17d512aaa8a1dd64	0x141cf60f8	AILostGame_Celebration2
0x35d334258b135e5c	0x141cf62a0	AILostGame_PostRound0
0x35d334258b135e5d	0x141cf62c8	AILostGame_PostRound1
0x35d334258b135e5e	0x141cf62f0	AILostGame_PostRound2
0xc62430859e0b4ae4	0x141cf61d0	AIPointLost_ForwardDefender
0x84c17404f5b672c5	0x141cf6148	AIPointLost_Goalie
0x0076e901e1407430	0x141cf61a0	AIPointLost_MiddleDefender
0x5737b356bcc3d7dc	0x141cf6120	AIPointWon_BotScored
0x7238a2ab9dbde889	0x141cf6200	AIPointWon_Goalie
0x1b742626dd17c370	0x141cf6318	AIPreGame_0
0x1b742626dd17c371	0x141cf6338	AIPreGame_1
0x32288281995a27a4	0x141cf6490	AIStunnedEnd
0x289213459aed7dda	0x141cf6430	AIStunnedStart0
0x289213459aed7ddb	0x141cf6450	AIStunnedStart1
0x289213459aed7dd8	0x141cf6470	AIStunnedStart2
0x4e63bc3c3746d63a	0x141ca80c8	AIThrustPitchBlend
0xae2cd62f02429a54	0x141ca80a0	AIThrustYawBlend
0x4ec1c612d16af6e2	0x141cf6518	AITubeLaunch
0xfc575bde0c948540	0x141cf6030	AIWonGame_Celebration0
0xfc575bde0c948541	0x141cf6058	AIWonGame_Celebration1
0xfc575bde0c948542	0x141cf6080	AIWonGame_Celebration2
0x7c0b849e2774c48e	0x141cf6228	AIWonGame_PostRound0
0x7c0b849e2774c48f	0x141cf6250	AIWonGame_PostRound1
0x7c0b849e2774c48c	0x141cf6278	AIWonGame_PostRound2
0x1ef60d6caa3ae73a	0x1417153e8	ASSETELEMENT
0x37ee801e3ffe9063	0x141c84610	Activate
0x5261c95bb31678f9	0x141ce6398	ActivateAnimOverrideNode
0x41d2c63e0e2a111b	0x141c884b8	Active
0x1802a076e7cd2b54	0x141ce9868	ActiveCheckpointExpression
0x071fffd371d7bff0	0x141c88618	ActiveCreepScanned
0xfee9828aa6661950	0x141dc1748	ActiveViewportMaskExpression
0xe32dc7dbda9b4ba2	0x1416eb7d0	Actor
0xf3e85f4f46771783	0x141ce84b0	ActorAliasSetActorNode
0xf1becaed778d7201	0x141cd8438	ActorAnimCamera
0x555bd1ed886def21	0x141ce7fa0	ActorAttachNode
0xf7a5680566dcaf38	0x141cf7008	ActorConnection
0x9544bb9ef01c978c	0x141ce9f00	ActorEnabledExpression
0xb6c2c81d8ea7e5e3	0x14171e738	ActorExchange
0x78a793dcd5fe065f	0x14171e0c8	ActorExchangeSaveBlock
0xd93f5f00ca8a0700	0x141ce97b8	ActorExpression
0xed45c2c3d9b16944	0x141ce8f60	ActorHasTagExpression
0x1de9c8f3a39faa0c	0x141ce9998	ActorInEventExpression
0x21232911892d4850	0x141ce99c0	ActorInVolumeExpression
0x567c6ab7923567f1	0x141ce84d8	ActorJugglerSetActiveNode
0x37ee80183bf38b62	0x1416d9520	ActorLOD
0x0ebf91377806fecc	0x141ce9d78	ActorLookingAtShapeExpression
0x4a15ab63bec03154	0x141cea3a0	ActorNodeIDExpression
0x30750ad929d06e3e	0x141ceacb0	ActorPhysicsBoundsPercentInVolumeExpression
0x3322d914a642a24e	0x1416d9540	ActorRegionLOD
0xdff20be37d30d43b	0x141ce18b0	ActorTransform
0x3ea837b3a97c007c	0x141c4a228	ActsAsHelper
0x37e990162aeb8b74	0x14171dfb8	AddActor
0x9ce51069b7b96967	0x141ce63c8	AddCollisionExclusionNode
0x682e4a4110f368b3	0x141ce7f38	AddTagNode
0x5a45805ec343f24b	0x141ce6420	AddToListNode
0x5d1b2e08a717b7e1	0x141ce7f58	AdvancedLockIKNode
0xca3cb870ac7c82d4	0x141c88640	AggressiveCreepScanned
0x30db4bd9534cfb56	0x141701e20	AimAssistDisabled
0x4541e6b92a6d1ccc	0x14171f048	AlignChildrenBehavior
0x27b7ac84d250760d	0x141ce7d60	AlignChildrenRefreshNode
0xcb674df3045eac1f	0x141c485f0	AllowAdditiveHeadlookMovements
0x391a9651db6005d8	0x141c4c940	AllowInvertedGrab
0x524514a4ceb32d77	0x141c48dd0	AllowProceduralBlinks
0xed8f185873e8f3b0	0x141c48cf0	AllowSaccadeMovement
0x2da1c7f554c3ce20	0x141c48680	AllowSmoothPursuit
0xad7279c3dcbc5062	0x141c48b60	AllowVergenceMovement
0x7d19041b1f527351	0x14171e0f0	AlreadyRunning
0x0353766c08182abf	0x141cf38b0	AltBloomParams
0xfe79813326c6b1ed	0x141cf3eb0	AltChromAberParams
0x96fdc4a423122b77	0x141cf3730	AltDOFParams
0x747a9d1afa8d58c1	0x141cf3d88	AltDistortionParams
0x3026984587147eaf	0x141cf3850	AltExposureParams
0xc8f74a16f12ba0e7	0x141cf3e50	AltFXParams
0x0d8cf69391080ed3	0x141cf3df0	AltFilmGrainParams
0xc04e8802923d0da3	0x141cf39b8	AltFogParams
0x315c734ced5470e5	0x141cf3cb8	AltLensDirtParams
0x2bd7344918f5205f	0x141cf3bf8	AltLensFlareParams
0xa907cfe6de5f87b7	0x141cf3a18	AltScreenTintParams
0x2056fd28f06898c9	0x141cf3d20	AltVignetteParams
0x340b4f98b0c488b3	0x141ced420	Ambient.Flags
0x608966113782dd2c	0x141ced468	Ambient.Tint
0x59a4d04feaa5fdaf	0x141ced440	Ambient.intensity
0x340b119faec482b3	0x141cf36d8	AmbientParams
0x6089664c2c9edd3c	0x1416ed8c8	AmbientSound
0x288aa20b3f8084ae	0x141cea9b0	AmbientSoundExpression
0x834cf590bc63a9c4	0x141cd7600	AngleValueAnimTrigger
0xa703f021833ff6c3	0x141c456c0	AngularGripBreak
0x694c367b666ac333	0x141cd85e0	AnimCamera
0x46bf66ee7e9982be	0x141cd8570	AnimCameraController
0xa5d20bd751caedbc	0x141cea5d0	AnimExpression
0x4274012dc5f0b94a	0x1416eea98	AnimOverrideComponent
0x80dc2216c3eb8888	0x141cd7540	AnimTrigger
0x03bdcf2429c6e652	0x141cea9d8	AnimTriggerExpression
0xecc58fcf3580666c	0x141cea348	AnimationDataExpression
0xaccdd175303d4060	0x1416fe658	AnyCollision
0x04f37720ff0c8ada	0x141cea0a0	AnyDialogueSceneActiveOnChannelExpression
0x7bdfa32cfacb1fbb	0x141cd2ff8	Apostrophe
0xc31dfdd9b312b0cd	0x141ce8248	AppendTextNode
0xd0b7fa049a564b06	0x141cd3090	Application
0x64c0ae3dfad718ac	0x141c4be18	ApplyColor
0x01e6139262354956	0x141714400	ApplyFSFXGlobal
0xe3f2e0d3e3350ddf	0x141ce7398	ApplyLevelSettingsNode
0xedeaa8e4148f2acf	0x141714568	ApplyReflectionProbes
0xf0e6dd6437df4605	0x141ce8990	ApplyRigidImpulseNode
0xdc0421cc390609bb	0x141ce7760	ApplyRigidImpulseVectorNode
0xbc5dabec0e21640c	0x141701be8	ApplyStartPosition
0xc8e8d0b1a891f0e9	0x141cb46b0	Arc
0xea549ad62a4580eb	0x1416e9d90	ArchiveUnloading
0xf38ce5737d9b33e8	0x141ca3590	ArenaGamesPlayed
0x8c6da4187e37a1fb	0x141ca3618	ArenaMVPPercentage
0xed7365600f41a063	0x141ca3538	ArenaWinPercentage
0x2b7ff7d54ce1366f	0x1416d2ad8	Arial-HUGE
0x33f1474ccad52ecb	0x1416d2ab8	Arial-Large
0x521a8865b1133533	0x1416d2a98	Arial-Medium
0x33f14753c6c625c2	0x1416d2a78	Arial-Small
0xb8dcd3feb698c55e	0x141d3f090	ArrayElement
0x04281e255b2cd576	0x141c455b0	AttachHandEventGlobal
0x7f344f3b63e79b1f	0x1417018c0	AttachPointIsBone
0xd0bf0529b2e79448	0x141c4a388	AttachToActor
0xd0bf0525bef79e56	0x141c47608	AttachToModel
0x451fc4857d63c004	0x141c4ab60	AttachToPayload
0xe6fe0b21c217db7d	0x141cb73e8	AutoCamera
0xe489779cf84e2273	0x141ca3718	AveragePointsPerGame
0xd1d52cf94503a844	0x141cd2b38	B
0x0ebcfa3c4d4c690f	0x141c42b48	BBLobbyProfile
0x34ef9a123dfd8b72	0x141c424d8	BBNetbot
0x41d2c53f09260b18	0x141cf59d8	BBSelf
0x41d2c53f162c0415	0x141c42020	BBlock
0x8fd1fa0969bcfd51	0x141c420a8	BClearDisc
0xe32dc7d8dd8a45b4	0x141cf5a60	BDead
0x34e991112cf19763	0x141c42138	BDefense
0x76162be2aad1872b	0x141c421c8	BEnterTube
0x34ea91032df69765	0x141c42258	BGetDisc
0x2fd588905f785e8f	0x141c422e8	BGoalie
0xe32dc7d8d08b48b5	0x141c42370	BIdle
0x6ac9399a848b59a2	0x141c423f8	BMoveToProp
0xc8e8d0b1a892edfe	0x1416d0f48	BOT
0x8e49322e01507d2d	0x141c42488	BPostGame
0x44bee0c902616348	0x141c42568	BPostRound
0x34fd86122efe8963	0x141c425f8	BPreGame
0x41d2c52d0f2d0416	0x141c42688	BPunch
0x5383bc5379df6e3d	0x141c42710	BRandomMove
0x34fe800227f18162	0x141c427a0	BStunned
0x41d2c52912310809	0x141c42830	BThrow
0xa607062c9488d2e7	0x141c428b8	BTravelToPass
0x3b671abb00845559	0x141c42948	BTravelToScore
0x9e8e4b2733c62c62	0x141c429d8	BTravelToTunnel
0x12efebad353f75bb	0x141c42a68	BTubeEscape
0x12efe2bf233066b6	0x141c42af8	BTubeLaunch
0xd66db5a8c88ec788	0x1416d5848	BackButton
0xd66db0afd38fc682	0x141716d80	Background
0x9124e22b4b18ca6c	0x141c8a670	Background_clipped
0x9f452a290a506320	0x141cd2f98	Backslash
0x9f452a291650732d	0x141cd2f20	Backspace
0xfac92aae4f60b884	0x141c448b8	BarrelRollGamepadLeft
0x613dc249ec8c1190	0x141c448e0	BarrelRollGamepadRight
0xbeb11ec5357203d6	0x141c44878	BarrelRollLeft
0x6224a4a8b98dd4b8	0x141c44898	BarrelRollRight
0xc663b6b3d597c182	0x141701688	BaseAnimId
0x8177fc527c7f8a0c	0x141704a70	BaseInstanceModel
0x974a2d380950622c	0x1416ef3f8	Billboard
0x105dc8649d6e413e	0x141cea440	BillboardExpression
0x918fe63b33f8cb63	0x141c351d0	BillboardUpdate
0x41d2c53414221507	0x141c4c768	Binary
0xc2a2b23211911143	0x141ce63f8	BindScriptInputNode
0x81ab902e162957d3	0x141ce75d0	BindUINode
0x34e4801120fa8862	0x1416ef850	BitField
0x8fb618f372b367c4	0x141cea690	BitFieldGetBitExpression
0xa5b6c5abe580a625	0x141ce85d0	BitFieldSetBitNode
0x0891313b2dee9f10	0x1416efc90	Blackboard
0x6686fe4c4cf9db90	0x141ce8f88	BlackboardActorExpression
0x9d75c439e2719028	0x141cead88	BlackboardDelegateValueNameExpression
0x76614aec6c4acc88	0x141ce8fb8	BlackboardFlagExpression
0x4a39f570f37f6a96	0x141ce8fe8	BlackboardIntExpression
0x0270af0f772c4fb0	0x141ce9040	BlackboardReal2Expression
0x111e298ca1b509d2	0x141ce9070	BlackboardReal3Expression
0x7c37795b281ef352	0x141ce90a0	BlackboardReal4Expression
0x49df2c7947d8e316	0x141ce9010	BlackboardRealExpression
0x6dc188314724690a	0x141ce90d0	BlackboardStringExpression
0x29489dedc4daf488	0x141ce9100	BlackboardSymbolExpression
0xb99055872778ed00	0x141ce9130	BlackboardValueExistsExpression
0x6b9391f4446ad099	0x141cd8b88	BlendCamera
0xde321cb13323b4e7	0x141c39010	Bloom.HiQuality
0xccf2a7f89da6377d	0x141ced3f8	Bloom.bluriterations
0x66e1fcc82efd720f	0x141cd7aa8	BloomParams
0xc8c33e48387f0bb5	0x1416e27e0	Blue
0x34e181123dfa856b	0x141c4b9e8	BlueTeam
0xfee12660b40c4555	0x141cf3788	BokehParams
0x7b7453cdc6522aab	0x141cd92b0	BoomCamera
0x365dcc544b2576d2	0x141c8a540	Bottom_Edge_Left
0x3ec2ba2a322990c8	0x141c8a798	Bottom_Edge_Left_clipped
0x78ac2ee0618dfee8	0x141c8a568	Bottom_Edge_Right
0x3d6d3975c1546018	0x141c8a7c8	Bottom_Edge_Right_clipped
0x12a1ce35554b87c6	0x141c47368	BounceLikeABall
0x5430d599d93889c7	0x1416eddf0	BoundingSphere
0xc8e8d0b1a892edf2	0x141ce1898	Box
0x7c102fd12979c684	0x141cf7098	BoxConnection
0x211a3ab74f132371	0x141dc12f0	BreakpointNode
0x541ae9c96a1fe82c	0x141cea2c0	BuildRotationExpression
0x41d2c528162f020a	0x141ca31c0	Bullet
0xd1d52cf94503a845	0x141cd2b50	C
0xc24f7ae860e6e23a	0x1416f3838	CAbilityCR
0xd9f7e7a800311ca0	0x1416f3988	CActorAliasCR
0x4e711e5bf26532e7	0x1416ec5a0	CActorDataResource
0xa6915825f13a8526	0x1416f3ad8	CActorJugglerCR
0x554824f77770f14c	0x1416f3c28	CActorLODCR
0xdfed7704b1ccbb02	0x1416f3d78	CActorRegionLODCR
0xe7adb3ed4a5bd38e	0x1416f3ed0	CActorSelectionCR
0xcc4a79e275ebee3a	0x141d3e880	CAllocator
0x69bbaef119bbac31	0x141cf3890	CAltBloomParams
0xb504704b49b3f641	0x141cf3e88	CAltChromAberParams
0x208fde51a8c7d1f3	0x141cf3710	CAltDOFParams
0xf8e029cc872a00af	0x141cf3d60	CAltDistortionParams
0xfeb620eef402eb77	0x141cf3828	CAltExposureParams
0x42e1d05b949e2f15	0x141cf3e30	CAltFXParams
0x46f107ebfe7d497f	0x141cf3dc8	CAltFilmGrainParams
0x763c92f719e8f727	0x141cf3998	CAltFogParams
0xffcccbe79e42e53d	0x141cf3c90	CAltLensDirtParams
0x60aac531778067f3	0x141cf3bd0	CAltLensFlareParams
0x259d7b30a3f8dfd9	0x141cf39f0	CAltScreenTintParams
0xeec64583837e0d11	0x141cf3cf8	CAltVignetteParams
0xcfe2b70d780d832f	0x141cf36b8	CAmbientParams
0x12287f2723fd33b4	0x1416f4028	CAmbientSoundCR
0x866806a60a9c7efd	0x141cd8540	CAnimCameraControllerData
0x43b4143cebfa2829	0x141cd85c0	CAnimCameraData
0xf7f6b48375f7c5fa	0x1416f42c8	CAnimOverrideCR
0x88ce6cdb97d4b1af	0x141c3d668	CAnimSetResource
0xa50b6d5d132f6c31	0x1416ebc78	CAnimTreeHandle
0x0adfbe5bae57017a	0x1416f4178	CAnimationCR
0x403b7b8867a17f09	0x1416d0c00	CArchiveResource
0xaeaab1dee1acb701	0x1416e9d60	CArchiveUnloadingEventData
0x0369d30b6b706e79	0x141dc4160	CAttributesResource
0x910f363de37209e5	0x1416ea390	CAudioInputCallbackRegistry
0xcbde0df4615fc927	0x1416f31a0	CBVHResource
0xb71e14605dc3f150	0x141d3e930	CBasicErr
0xf8e9f10df3935a3e	0x1416f4418	CBillboardCR
0x665b0227f94c363a	0x1416f4568	CBitFieldCR
0x138348caeb778898	0x1416f46b8	CBlackboardCR
0xcb370de49f4bf823	0x141cd8b60	CBlendCameraData
0xecf766854b48fdfd	0x141cd7a88	CBloomParams
0x74f7bc2dd1b9caa7	0x141cf3768	CBokehParams
0x031bb223cdbb08c5	0x141cd9290	CBoomCameraData
0xb374f7689b3f8f24	0x1416f4808	CBoundingSphereCR
0x7565796e6c4abf61	0x141cd78d8	CCamInterpData
0x2fd48c9e5371458b	0x1416f0250	CCamera
0xf88a2f20aab41a19	0x141cd8470	CCameraAnimIdData
0x358fb742cc8788a9	0x141cd84d8	CCameraAnimSpecData
0xfb139ca0df476b4f	0x141cd77f0	CCameraDOFData
0xfb1285a3d5527c5c	0x1416f4960	CCameraEventCR
0xa6e1d764ea2826e5	0x141cd9578	CCameraLookFixedData
0x523a66a0cd3c3427	0x141cd9500	CCameraLookInterpolatableData
0x97f93f55c4ddc6f2	0x1416f0278	CCameraMan
0x6f5c4aca0b028e92	0x1416f4ab0	CCameraManCR
0x30b1eae5979e83d3	0x141c3dca0	CCameraNode
0x80dcfe979bc957fc	0x1416f4c00	CCameraTargetCR
0x33a2f9f78c9884c4	0x1416f4d50	CCanvasUICR
0x333a892ccce05530	0x1416f4ea0	CCharacterAnimationCR
0x23c9487952ab5c2d	0x141cd9720	CCheatCamInterpData
0x439653cbd61d2be9	0x141cd9678	CCheatCameraConfigData
0x1f5d2ae515a42b3b	0x141cd9608	CCheatCameraData
0x922e3ca605e36c72	0x1416f4ff8	CCheckpointCR
0x721e4d618fc6cb75	0x141cd7d38	CChromAberParams
0x3a19cae2a776fda7	0x141ce3790	CClearFSFXNode
0x21c7c7c5a860f320	0x1416f5148	CComponentLODCR
0x9917c1eee76b3c3a	0x1416f5298	CComponentLODZoneCR
0xdbb3a5199ffba970	0x1416f53f0	CComponentRegionLODCR
0xe1273b5cac2ce869	0x1416f3740	CComponentSpaceResource
0x497dd9fe5c3732f9	0x141cd7910	CDOFParams
0xdb136c3be599bb87	0x141cd7968	CDOFQualityParams
0xf0318362eb99b9ca	0x141cea240	CDSpringReal2Expression
0xe35f05e13d00ffa8	0x141cea268	CDSpringReal3Expression
0xe09b4aa224814630	0x141cea218	CDSpringRealExpression
0x98e495a9c3cee922	0x141cea290	CDSpringRotationExpression
0xb11e13685cc7f047	0x141dc1890	CDatabase
0x0d8375dbf7c7b44e	0x14171efe0	CDeadlockMonitor
0x35e9911428f38774	0x1416f5548	CDecalCR
0x5a57a2c94582a34e	0x1416f5698	CDialogue2CR
0x5e500c6b92d0589e	0x1416f57e8	CDialogueSceneCR
0x3802469a1ca70ed6	0x1416f5940	CDialogueUICR
0xc1aaf294613da727	0x141cd9cd0	CDistanceTransitionCameraData
0x48884dc817dca339	0x141cd7c70	CDistortionParams
0xb10609684cd4e25b	0x14170f1b8	CDynArray
0x0b68cfa0041e0c32	0x141cdd960	CDynAvoidActor
0xa04360d839e1d7ef	0x141cdd8c0	CDynAvoidObstacle
0x35e98d192bfe9763	0x14170f168	CDynBase
0xbe627c9a8e385c2c	0x141cf73a0	CDynDataRoot
0xb106096f57dee646	0x141cf72a8	CDynFixed
0x9c52da81d6f56416	0x141cf7260	CDynFuncMap
0x35e98d1925f69772	0x141715c90	CDynList
0x5f75daeb5c233cfe	0x1416e9c98	CDynStruct
0xae7a789e92365e3d	0x141cf7310	CDynTypeName
0x649cdde08403b251	0x141cf7350	CDynTypeNameArray
0xcf12d762faa3923e	0x1416f5a90	CDynamicLODRegionTargetCR
0x2fd48a8d4c79448d	0x141ca3c00	CErrMsg
0x35e8860526ed8064	0x1416ceb30	CErrorDb
0x35e8821227eb8774	0x1416f5bf0	CEventCR
0x7b27e1b812a0b881	0x1416e9d00	CEventData
0x7b27e1b818aea885	0x141717db0	CEventNode
0xbf09c281bf6ba08e	0x1416f5d40	CExclusiveAbilityCR
0xa2cc902cf15a324a	0x1416f5e98	CExclusiveAbilityUpdaterCR
0x0e1ceca9ebeb5588	0x1416f5ff8	CExclusiveZoneCR
0xccf93e3026ee3a37	0x141cd7a30	CExposureParams
0x52b7d4a5c3ed1546	0x1416f63f0	CFSFXStackCR
0x87a61590f6a19d86	0x1416f6540	CFSFXVolumeCR
0x924d7b64cfa4a823	0x141cf3ab0	CFXAAParams
0x38193cc3c5ec2ae9	0x1416e8358	CFactoryCategory
0x81eb3ac13808744b	0x141cd7cd8	CFilmGrainParams
0xaf232a6989a8334d	0x141cd9f10	CFixedCameraData
0x1fce9558ed18142d	0x141cf3940	CFogParams
0x910dfe40c25cdd43	0x141cda230	CFollowCamInterpData
0x90937b0534a0b009	0x141cda1b0	CFollowCameraConfigData
0x895f276d2cf7badf	0x141cda140	CFollowCameraData
0x1fcaac99997d936b	0x141dc1bc0	CFontResource
0xd2e11a418ddff99e	0x1416f6150	CForceFieldCR
0xa7b2aff59f7352e2	0x1416f62a0	CFrustumCullCR
0xe578b66bd397d9e7	0x141c30d50	CGFSEffectsResource
0x857497d08cb4096b	0x141719a10	CGFSEffectsVolumeResource
0xbd21a6a6d84fd5a7	0x141c2fc10	CGInstancedModelResource
0x57d18b35c34c44fd	0x1416ecf68	CGLightMapResource
0xa7a866d4766a5121	0x141c2e9e8	CGMaterialResource
0xa196a1d7e1f051af	0x141c2fa38	CGMeshListResource
0xbeeeb54966ae3ce9	0x141c2fac8	CGParticleEffectResource
0xc68b96e020f3a115	0x141c2fb60	CGParticleGraphResource
0x763c5f026ac1d96f	0x141c2fd40	CGReflectionProbeResource
0x3f05e89c47a3df35	0x1416d1420	CGRenderPass
0x5070ecc7fa07eb2e	0x141c2f5f0	CGRenderPass2D
0x613cb843b12b2f5e	0x141c2eed8	CGRenderPassAltFX
0x7a47ac94ca93bb1b	0x141c2f018	CGRenderPassCascadeShadows
0x4328d17e584727d4	0x141c2f0c0	CGRenderPassCascadeShadows0
0x4328d17e584727d5	0x141c2f168	CGRenderPassCascadeShadows1
0x4328d17e584727d6	0x141c2f210	CGRenderPassCascadeShadows2
0x4328d17e584727d7	0x141c2f2b8	CGRenderPassCascadeShadows3
0x47f5c1a694dfbba1	0x141c2ed98	CGRenderPassCompute
0x47f2cba991cdfda0	0x141c2f688	CGRenderPassDebug2D
0xf4008b15658bc44d	0x141c2f7c8	CGRenderPassFullscreenEffects
0xfbcb3025b5cd6aa3	0x141c2f360	CGRenderPassLowresTransparents
0xff4f166b4906ca70	0x141c2f408	CGRenderPassMain
0xff1dd8e66da383e5	0x141c2f728	CGRenderPassOutlines
0x47e6dcae94cbbcb7	0x141c2ee38	CGRenderPassPrepass
0x47e5c6aa80c5b8b7	0x141c2ef78	CGRenderPassShadows
0xddbc6a8c01fafd79	0x141c2f4a8	CGRenderPassTransparents
0xe601c9fd74a294e2	0x141c2f550	CGRenderPassViewport
0x29edbd196a3c7457	0x141c2fe80	CGSceneResource
0xbbd813f7ad760c69	0x141c2ea78	CGShaderSetResource
0x332ce8f4f25ece79	0x1416d6fb8	CGStandaloneShaderResource
0x76f35cc5085f234d	0x1417056c0	CGStaticInstanceResource
0xb5dccda6692b0148	0x141c30090	CGTempResourceMgr
0xb3ebe9e0bf0eb81f	0x141716010	CGTextureResource
0x79f2eedae4cb3491	0x1416ecf90	CGTextureStreamingResource
0xc10b55448eb1c4e1	0x141c2ff08	CGVisibilityResource
0x54d6416d94d1287f	0x141cd7dd8	CGameCamInterpData
0x5393387424ce33bd	0x14171aa48	CGameCameraData
0x639917514326a7d0	0x14171aaa0	CGameCameraDataList
0x161dd788aa77c674	0x1416f0298	CGameCameraMan
0x1f67a9b5cae86efb	0x14171ec68	CGameIdleState
0xe0ea05e65f5cca7f	0x14170b7a8	CGameLevelInfoResource
0xfd7c74d55c15302b	0x1417206a8	CGameLevelResource
0x825103e411f3c696	0x1416d2bf0	CGameSceneResourceWin10
0xaff5200df8fbb38f	0x1416d1610	CGameTransitionState
0x5fb2bb232ed0d078	0x1416f6690	CHierarchicalLODCR
0x1f052134d61672e9	0x141dc4408	CHitFXResource
0xe32dc7d9d08447a2	0x1416f67e8	CIKCR
0x374e26a156c68f0c	0x1416f6930	CInitialCameraCR
0x35e49a073ceb8774	0x1416f6a88	CInputCR
0xeec3e1b72efdcc44	0x141c87250	CInputContext
0x741d204c96d4a19e	0x1416f6bd8	CInputDriverCR
0x6df512c53b124e38	0x1416f6d28	CInstanceModelCR
0xbc11136c50d2e050	0x1416f6e80	CIntentCR
0xff4e72232a868627	0x141cda760	CJointCameraData
0xde1cae3808abad4c	0x1416f6fd0	CJsonConfigCR
0xcf16b33114bead5b	0x14171a9a0	CJsonResource
0x35e6910e3da39038	0x1416e83d8	CKeyT<T>
0x398f911ac3950c3e	0x1416f77b0	CLODRegionCR
0x1f081c92d7eea2e1	0x14171f020	CLanguageTableResource
0x6a5273c93e6d7e02	0x1416f7120	CLegacyCameraDataCR
0xdb3d1e91cec9ad97	0x141cd79d0	CLensBokehParams
0xdf75a0b2723ae4f9	0x141c38c48	CLensConfigResource
0xb91a097a5ac7f743	0x141c38b90	CLensData
0xcd83d5394cae347d	0x141cf3c38	CLensDirtParams
0x78ea117099f387ee	0x141cdd3f8	CLensEffect
0xd959138374e9228c	0x141cdd598	CLensEffectGroup
0x8541756935a68a40	0x141cdd5f8	CLensEffectGroupList
0x46f4c652b5996092	0x141cdd450	CLensEffectList
0x261a5b96841d08e1	0x141cdd4b8	CLensEffectSequence
0x76ca1914fa9c7fd4	0x141cdd520	CLensEffectSequenceList
0x1f792062456cb034	0x1416f7278	CLensEffectsCR
0x9dbd8f0ec79ae159	0x14171b0f0	CLensEffectsResource
0x9bc8bf6af062567b	0x141cd7bb0	CLensFlareAssetParams
0xa7b0f81bb1f55ac7	0x141cf3b70	CLensFlareParams
0x18962aeb560c26d5	0x141c38c28	CLensResource
0x41d2c4311f350212	0x1416d0db8	CLevel
0x41752923c3904eb2	0x1416f73c8	CLevelAABBCR
0x41d2c43113240f0a	0x14171b4f8	CLight
0x35e19d1021eb8774	0x1416f7518	CLightCR
0x2fd483964d605498	0x1416f7668	CListCR
0x5168f2e12122ae93	0x1416ceb50	CLoggingData
0x20502379486e6a10	0x1416f7900	CMaterialTypeCR
0xa0759a30281db927	0x1416f29d8	CMaterialTypesBVHResource
0xf3a5264e010d4927	0x14171c4d8	CMissionScriptCheckpointsResource
0xb8fe0a0ecd69f5dd	0x14171c180	CMissionScriptResource
0xc6fba1b9620daec2	0x1416f7a50	CMissionScriptRuntimeCR
0x41d2c43015270212	0x14171cf18	CModel
0xf893ea2b69193b13	0x141cda990	CModelBlenderCameraData
0x35e09b132cf38774	0x1416f7ba8	CModelCR
0x6ba7a71a4d0413c2	0x1416f7cf8	CModelLODCR
0xb4be009a13c01daa	0x1416f7e48	CModelSwapperCR
0x9ab9417f4d59fceb	0x141cd7ae0	CMotionBlurParams
0xdcbf969253dc35f8	0x1416d7e40	CNSLoggedInUserAccessToken
0x5cacfb22e06950c2	0x14170fda0	CNavMeshAction
0x2a9a57303ac7a47d	0x14170fcc0	CNavMeshActionData
0x2a9a573032cfa368	0x141cf7670	CNavMeshActionList
0x4b16bac628ad817c	0x1416f7f98	CNavMeshCR
0xce8ffcbcfc8ed444	0x1416f80e8	CNavMeshOccupantCR
0x1a014ea16ad37bd5	0x14170fd08	CNavMeshResource
0xe32dc7d9d78040b5	0x1416ea570	CNode
0x2fd481905a71048e	0x1416d0be8	CNode3D
0x2fd481905a714283	0x141cde130	CNodeUI
0x2fd480914a665886	0x141c8fb08	CONTROL
0x71687278161fd110	0x1416f8240	COccluderMeshCR
0xe93570bb00c0c0a7	0x1417106e8	COccluderMeshResource
0x87bca4bdc9d51a82	0x1416f8390	COcclusionCullCR
0x09c146deb5ff0169	0x141cdace0	COrbitCamInterpData
0x3d0274d9ea6a7155	0x141cdac38	COrbitCameraConfigData
0x3e4858d8ee14527f	0x141cdabc8	COrbitCameraData
0xabaf0f9a611f140f	0x141cf3ef0	COutlineParams
0xba0a13794bd2e050	0x1416f84e8	COutputCR
0x3c7022075cf6f1ef	0x141dc4490	CPOIConfigResource
0xa51e006c4ec9ec4e	0x141dc0f90	CPagePool
0x76bcbe67fe866e14	0x1416f8638	CParticleCR
0x8ee04a8fa8b1cdb0	0x1416f8788	CParticleEffectCR
0x050bd4e197946f02	0x1416f88e0	CParticleForceCR
0xae774578498bee11	0x14171e258	CPassthroughResource
0xd32ea76c90174062	0x1416f8a38	CPathFollowCR
0x5f993d8eab1647f0	0x1416f8b88	CPathingCR
0x8aa541a6e33e6eb9	0x14171ecc0	CPerformanceCaptureState
0xfe55a1ab38d2cd69	0x141cd8088	CPersistentCamInterpData
0xd1ed9f3001ef2ed5	0x141cd7fe0	CPersistentCameraData
0x5694268ea60247f0	0x1416f8cd8	CPhysicsCR
0x5694268ea60247f1	0x141ce4878	CPhysicsCS
0xdc0705aa0088ee9d	0x141705eb8	CPhysicsNode
0xf41ae3b4afa07479	0x141cdf518	CPhysicsResource
0xb9483cef1efb2b86	0x1416f8e28	CPlatformCR
0xa51306705bd4e050	0x1416f8f78	CPlayerCR
0xe84799d820c2bf24	0x1416f90c8	CPlayerInputCR
0x2fd49f934b735e84	0x1416d2c40	CPlugin
0xa513126e57c8e050	0x1416f9218	CPluginCR
0x4b4c038e0ff104f5	0x141cdb0c0	CPositionBlendCameraData
0x2d222dc77e63e456	0x1416f9368	CPositionSelectionCR
0xa50d027a5bc8e047	0x1416cd008	CPresence
0x749a5d9f82eccd1d	0x1416e8380	CPresenceReg
0x829a4a1373086610	0x1416cd4c0	CPresenceTagged
0x154922e94b020a11	0x1416ea4d8	CQuantizerResource
0xe81251b882df56d6	0x141c4cce0	CR15AcknowledgementCR
0xdac568b2157809a2	0x141c4ce38	CR15ApproxPhysicsSimCR
0xc608d2b455993e56	0x141c4cf90	CR15AreaDialogueCR
0xe24d1832e62d15ca	0x141c4d0e8	CR15ArmComputerSystemCR
0xd983505e29bd07de	0x141c4d240	CR15AtmosphereChangeCR
0x383bc039e83d742a	0x141c4d398	CR15AudioListenerCR
0x9d52efed3e94364c	0x141c4d4f0	CR15BatteryPackCR
0x596a7b2e10276124	0x141c4d648	CR15BodyCR
0x62fd2212ad046342	0x141c4d798	CR15BounceCR
0x37d3dcb04f3ebfde	0x141c4d8e8	CR15ButtonInteractCR
0x9eae51723c169cd4	0x141c4da40	CR15CollisionCR
0xf603123af2ca8324	0x141c4db90	CR15ContactTrackerCR
0x4d2bb9a21d741914	0x141c4dce8	CR15CreditsUICR
0x77fe88bf63813323	0x141c5fe50	CR15CutterToolActiveState
0x86e4448e928defcc	0x141c4de38	CR15CutterToolCR
0xbf7ce495cff620fb	0x141c5fea8	CR15CutterToolInactiveState
0x5fde46beb8dfbc0c	0x141c4df90	CR15DampenerCR
0x596a7d20062a6124	0x141c4e0e0	CR15DartCR
0xa06555f9bc233836	0x141c4e230	CR15DialoguePOICR
0x753c440545b3723e	0x141c4e388	CR15DockToViewCR
0x875c6189b1363d10	0x141c4e4e0	CR15EchoPathingCR
0x5abedf02686a6630	0x141c7c7e8	CR15EchoPathingChasingPlayer
0x95240a14f4a56cc1	0x141c7c6f8	CR15EchoPathingFloatingIdle
0x95240a14f0ae76c1	0x141c7c728	CR15EchoPathingFloatingMove
0x95240a14eeb56fd4	0x141c7c758	CR15EchoPathingFloatingStop
0x81145368a38ad842	0x141c7c7b8	CR15EchoPathingHoldingPlayer
0x4df2c2a826000e1a	0x141c7c788	CR15EchoPathingHoldingWall
0x1953db44ad93b376	0x141c4e638	CR15EchoUnitCR
0x66f33415a0066342	0x141c4e788	CR15FacingCR
0xa57c4e8c0077aac2	0x141c4ea28	CR15FlagBaseCR
0x596a7f2d15396124	0x141c4e8d8	CR15FlagCR
0xa68584fae0028fce	0x141c4eb78	CR15FrisbeeCR
0xa5a3e4a27dc8daa0	0x141c4ecc8	CR15FutureCuttableCR
0x4b8175ef805f54b0	0x141c4ee20	CR15GestureTargetCR
0x60ab709218349b68	0x141c4ef78	CR15GripSurfaceCR
0x3c0b59bfaec5ff36	0x141c4f0d0	CR15HandAnimatorCR
0xbdde007dbf498344	0x141c4f228	CR15HandGestureOverrideCR
0x27e6e0c84c0ec5d2	0x141c4f388	CR15HeadlookCR
0x34e3e0c3511cc5d2	0x141c4f4d8	CR15HeraldryCR
0xe8f432b80dc8c092	0x141c4f628	CR15HoloArcInteractCR
0xbbceb7bf1b70589a	0x141c4f780	CR15HoloControlPanelInteractCR
0xf28e0a3b7aa07f38	0x141c4f8e0	CR15HoloHoldInteractCR
0xea3535b27b9d7cf4	0x141c4fa38	CR15HoloJunctionInteractCR
0xaed53e484f6adfc2	0x141c4fb98	CR15HoloRingsInteractCR
0x596a713407356124	0x141c4fcf0	CR15HuskCR
0xba3dbec249ce9a84	0x141c4fe40	CR15ImpulseToHand2Way2HandTouchTypeCR
0xa2ce202c63b3cefa	0x141c4ffa8	CR15ImpulseToHand2WayTouchTypeCR
0x9ea746baadd30f62	0x141c50110	CR15ImpulseToHandTouchTypeCR
0x7c047321c40c4932	0x141c50270	CR15InAtmosphereCR
0x2dd2e8800701d382	0x141c503c8	CR15InductionSliderInteractCR
0x75afb6fe6d6617a0	0x141c50528	CR15InductionTouchInteractCR
0x71ed31f8251aca8e	0x141c50688	CR15InputPointerCR
0x8f929ba464ba747a	0x141c507e0	CR15InteractOutputCR
0xc934efff8e773ed2	0x141c50938	CR15JunctionTouchInteractCR
0x11b45fcc21fe8686	0x141c50a98	CR15KillConditionCR
0x6174166a147eca5c	0x141c50bf0	CR15KillVolCR
0x9c1701120ce2133c	0x141c50d40	CR15LevelTouchInteractCR
0x5d01225db25dee44	0x141c50ea0	CR15LinearConstraintTouchInteractCR
0x6868ed1dcd6a699e	0x141c51008	CR15LinearPositionConstraintCR
0x92a7c184dc02b637	0x1416d1708	CR15MainState
0xc6aed717716fe56c	0x141c51168	CR15MenuControllerModelCR
0x9509c7c6a1eec7e0	0x141c512c8	CR15MenuPlayerCR
0x3891b97a6ff3e1b8	0x141c51420	CR15MenuTooltipCR
0x1b907dc01df6e69c	0x141c51578	CR15MirrorPlayerCR
0x95493d49eca65d10	0x141c56318	CR15NetAIThrowCR
0x3903a576b1e2c898	0x141c56470	CR15NetAIWaypointCR
0x67784e4be5dea35c	0x141c56070	CR15NetActorCR
0xf8270b18153c0db4	0x141c561c0	CR15NetAimAssistCR
0x67350433e13c9be0	0x141c565c8	CR15NetAutoTargetCR
0x74bf6a53569c6a1e	0x141c56720	CR15NetBalanceSettingsCR
0xe96ee284bd8c26e2	0x141c56880	CR15NetBitFieldCR
0xeeb94cba0f1be8ae	0x141c569d8	CR15NetBoosterCR
0xeea25ea00304e8ae	0x141c56c80	CR15NetBotAnimCR
0x6ef7231ea1156342	0x141c56b30	CR15NetBotCR
0xf4ba53ab1e5be8ae	0x141c56f28	CR15NetBullet2CR
0x16bafee3754402a4	0x141c56dd8	CR15NetBulletCR
0x2b961ac5fe5864f4	0x141c57080	CR15NetCaptureVolumeCR
0xd4ce6a5004d8248c	0x141c571d8	CR15NetCustomizationCR
0x66fa016e9bccad10	0x141c57330	CR15NetDamageableCR
0xf4c9b6cbf06a2cc0	0x141c57488	CR15NetDebugDrawCR
0x9d7d83f2e67c279e	0x141c575e0	CR15NetDebugInputRecorderCR
0xc61bd020b9fb1890	0x141c57740	CR15NetDynamicCoverCR
0x89dc4d395155858e	0x141c57898	CR15NetDynamicPosterCR
0xb79af5c3b7f2f72c	0x141c579f0	CR15NetExplosionCR
0x4fcf979515f54ce6	0x141c57b48	CR15NetFollowPlayerCR
0x536b6c417d140a3e	0x141c57ca0	CR15NetFrisbeeTrailCR
0xb3d83ba3b77da9f4	0x141c57df8	CR15NetGhostLODCR
0x758eeeb134c5366c	0x141c57f50	CR15NetGrenadeCR
0xeb51a2772fe9149e	0x141c581f8	CR15NetGun2CR
0x6ef7231bbb0f6342	0x141c580a8	CR15NetGunCR
0x8f80bfa166dfa9ce	0x141c58348	CR15NetHealBubbleCR
0x7ee034968735c256	0x141c584a0	CR15NetHealBubbleTargetCR
0xe2c12e90768e552a	0x141c58600	CR15NetHoloBitCR
0x783cc12a07d0d168	0x141c58758	CR15NetIdCR
0x481a2befbcf8b02e	0x141c588a8	CR15NetKillTickerCR
0x9777f7bb21354138	0x141c58a00	CR15NetLeaderboardUICR
0x4689b6cd1f08f336	0x141c58b58	CR15NetMagazineCR
0x5b61220600312aac	0x141c58cb0	CR15NetMagazinePouchCR
0x6ee48c8546408be8	0x141c58e08	CR15NetMetricsCR
0xc369f7d523a5ff2e	0x141c58f60	CR15NetPackageDownloadCR
0x038f7a32335bf8da	0x141c590c0	CR15NetPayloadCR
0x0a8f6534314cf8da	0x141c59218	CR15NetPhysicsCR
0x48a9d89f9a661500	0x141c59370	CR15NetPlayerEquipmentCR
0xb53c8fe10a80f20a	0x141c594d0	CR15NetPlayerModelSwapperCR
0x83a68ea176f8d474	0x141c59630	CR15NetPooledActorCR
0xb355bee06a30c16c	0x141c59788	CR15NetPropertyModifiersCR
0x67695851e9c4a35c	0x141c598e8	CR15NetPunchCR
0x103b21ff63d0a480	0x141c59a38	CR15NetPunchableCR
0xa520e8f07bd91d58	0x141c59b90	CR15NetRemoteVolumeQueryCR
0x6183f3221c4905ae	0x141c59cf0	CR15NetRewardItemCR
0x6b160584b27ac046	0x141c59e48	CR15NetRewardItemSorterCR
0x07aafcfc7f4202a4	0x141c59fa8	CR15NetSensorCR
0x00ca664da990590c	0x141c5a0f8	CR15NetSensorTargetCR
0xa911051f4440e2a6	0x141c5a250	CR15NetSocialInteractCR
0x07a0f1e4754402a4	0x141c5a3a8	CR15NetSocketCR
0x4d19171a5890673c	0x141c5a4f8	CR15NetSocketPlugCR
0x5c4c088516807540	0x141c5a650	CR15NetSpectatorCameraCR
0x239a9a489f80472c	0x141c5a7b0	CR15NetTeleportGroupCR
0x00aae6e7754202a4	0x141c5a908	CR15NetTetherCR
0x2e808402a7a83e8a	0x141c5aa58	CR15NetTimeBubbleCR
0x4b7314d27faa1ecc	0x141c5abb0	CR15NetTouchInteractCR
0xa57622cfdc4f42a6	0x141c5ad08	CR15NetTrackMoverCR
0x0b0abbfe0ad8289c	0x141c5ae60	CR15NetUISettingsCR
0x0649799a8c18c302	0x141c5afb8	CR15NetUpdateExpressionDataCR
0x6ef7230aaf136342	0x141c5b118	CR15NetVarCR
0xa0d456ac7c6fbf94	0x141c5b268	CR15NetVoipBroadcasterCR
0x6573228fb1965132	0x141c5b3c8	CR15NetVoipReceiverCR
0xf20e302f8962b7e0	0x141c516d0	CR15NoLinearVelocityUntilTouchedCR
0xc011a533c70ff908	0x141c51838	CR15ObjectiveTrackerCR
0x91c74e3ea63ab32a	0x141c51af0	CR15OrientWithHandAroundAxisTouchTypeCR
0xb53a8f762fc09566	0x141c51990	CR15OrientationConstraintCR
0x4d6b144fd9596d0c	0x141c51c58	CR15ParentedConstraintCR
0x9689e77f3b0b5c6e	0x141c51db8	CR15PlatformCR
0x0f937c4ebd883782	0x141c5b520	CR15PlayerBroadcasterCR
0x6633fb55168897ae	0x141c51f08	CR15PlayerNavCR
0x148a8b272a83760c	0x141c52458	CR15PointScanCR
0xa725d73a49e81628	0x141c525a8	CR15PointScanOverrideCR
0x5b475716c296f91d	0x141c64d50	CR15PointScanResource
0xf5c12932ba1dd212	0x141c52058	CR15PointerCR
0x3585dd9b44cb17ac	0x141c521a8	CR15PointerInterfaceCR
0x24795e5c32f2ce06	0x141c52300	CR15PointerMeshCR
0x757f7e88e80031ce	0x141c52700	CR15PositionConstraintCR
0x7822cb290bc6d168	0x141c52860	CR15PowerCR
0x207b5146a08eecbc	0x141c529b0	CR15PowerFieldSensorCR
0x5b54b8dc4aa6908a	0x141c52b08	CR15PropInputCR
0x1abfb82dbb98d870	0x141c52c58	CR15RadiationCR
0xa899e898bd89ca58	0x141c52da8	CR15RadiationReadoutCR
0x8ec8cfc8f4195932	0x141c52f00	CR15RadiationShieldsCR
0xad7d6f8f022cf4c6	0x141c53058	CR15RagdollCR
0x1915a5cfa026074c	0x141c5b678	CR15RemotePlayerCR
0x6c2f0fa9fff1d0a4	0x141c531a8	CR15RigidAttachConstraintCR
0x3b3dff12f222474c	0x141c53308	CR15RocketManCR
0x5c9abf6d293ed086	0x141c53458	CR15RotationConstraintCR
0x72e73a1ea2046342	0x141c535b8	CR15RumbleCR
0xd447ef1148e848c2	0x141c53708	CR15ScanningToolCR
0x9593cc9c6551d33f	0x141c88690	CR15ScanningToolInactiveState
0xed3000c3e7bf871b	0x141c71da8	CR15ScanningToolPointScanState
0xf5964262aeba0874	0x141c53860	CR15SettingsTranslatorCR
0x73fe3e18ab136342	0x141c539c0	CR15SliderCR
0xaf69f590158fd3c8	0x141c53b10	CR15SmoothAttacherCR
0x3d0991d6f8901def	0x141c71dd8	CR15SnapshotToolActiveState
0x69d08580db84cf86	0x141c53c68	CR15SnapshotToolCR
0x232fd23b7ada0c29	0x141c89660	CR15SnapshotToolInactiveState
0xfd12b9ced40bbfb3	0x141c89690	CR15SnapshotToolViewingState
0x73fd3417ab156342	0x141c53dc0	CR15SocketCR
0x629474d8764bc962	0x141c53f10	CR15SocketPlugCR
0xf904b4dddd1e6966	0x141c54068	CR15SpawnPointCR
0xba28e0bb2f211ff4	0x141c541c0	CR15StandardPOICR
0x20bafbb2212ae416	0x141c54318	CR15StaticArtTouchInteractCR
0x73e63e1fa5186342	0x141c54478	CR15StickyCR
0x6e795f95c436b708	0x141c545c8	CR15StickySurfaceCR
0x95507fac631bcefe	0x141c54720	CR15SyncGrabCR
0xa74e527d5fc1e050	0x141c54870	CR15TagCR
0x596a6d2415336124	0x141c549c0	CR15TeamCR
0xf340fa4ae920e50c	0x141c54b10	CR15TestMirrorCR
0x40315e11bb552414	0x141c54c68	CR15ThereminCR
0x74fa2509bd156342	0x141c54db8	CR15ThrustCR
0x3707d3cc2879d424	0x141c54f08	CR15ToolAbilityCR
0xbd7ebc5675fadaf6	0x141c55060	CR15ToolAbilityManagerCR
0x49cddea9f48e5644	0x141c551c0	CR15TouchAnimBlendersCR
0x49cddea9f48e5645	0x141c92e70	CR15TouchAnimBlendersCS
0xb38a34fcd32dd2a2	0x141c55318	CR15TouchInteractCR
0x8ae64112f992ecf8	0x141c55470	CR15TrackPointCR
0x1ed14c7162389d29	0x1416d16a8	CR15TransitionState
0x4a5248ae2bdeda9e	0x141c555c8	CR15TranslateToHandTouchTypeCR
0x45a5b96cd8439fba	0x141c55728	CR15TriggerCR
0x775ba51c57bd9ed0	0x141c55878	CR15UILayoutCR
0x75e5993f80940cd0	0x141c55b18	CR15UIPage2CR
0xa691ec467180d00c	0x141c55c68	CR15UIPage2ElementCR
0x75fb271da9046342	0x141c559c8	CR15UIPageCR
0x2487d83c240386c2	0x141c55dc0	CR15UISettingsCR
0x3873787983c2956c	0x141c55f18	CR15VRMenuWidgetCR
0x2a61d23c310e59bd	0x141720fa8	CRadSourceResource
0xa82c3d9ea2b1c55a	0x1416d2c18	CRadSourceResourceWin10
0x2fd49d9e50705887	0x141c408b0	CRandom
0xa71a14664bd4e047	0x1416e9bf8	CResource
0xc0f78595421d1770	0x1416f94c0	CResourceLoaderCR
0x1a27055260f3a018	0x141dc0de8	CRingBuffer
0x2fd49d875f7d5498	0x141cce970	CRxAICR
0x82ee452da31303d2	0x141cceab8	CRxHealthCR
0xdcabdcfa0432b6b4	0x141ccec08	CRxMaterialFXCR
0xa875b6d43af27757	0x141ccdf78	CRxMaterialFXResource
0xad9f4fb50a02db82	0x141cced58	CRxRespawnCR
0xd2cfd929b3059a6c	0x141cceea8	CRxRespawnTargetCR
0xb9e6cd13207b0a93	0x141cf38e8	CSSAOParams
0x5f28e42eb1c47b3a	0x1416facd0	CSVOPathPlannerCR
0x3182971171c989f8	0x1416fae28	CSVOPortalCR
0x3388960a65d789ef	0x141cddee8	CSVOResource
0x378289107dc089f8	0x1416faf78	CSVOVolumeCR
0x95f51f34330e7c4f	0x141cd7b48	CScreenTintParams
0xa61c15604ed2e050	0x1416f9618	CScriptCR
0x30a4750069f52e7f	0x141cde7e8	CScriptResource
0xe0f5e31076a551e8	0x1416f9a28	CScriptStateStackCR
0x4ab568a0232db27c	0x1416f9768	CScriptedControlFlowMissionCR
0xdb6538510c5a051a	0x1416f98c8	CScriptedMissionNodeAliasCR
0xec32f1c7b1a57c71	0x141ced540	CSetFSFXNode
0xff96ce7e6aaab6a7	0x141ced590	CSetFSFXTimelineNode
0xa0c4943c30040a6c	0x1416f9b80	CSettingsTranslatorCR
0x2d8a2df95d1ab33e	0x1416f9cd8	CSettingsUICR
0xd575840a069f1e7b	0x141c40978	CSettingsUIResource
0x7706c15f2a6266b9	0x141cf3a58	CShadowParams
0x35fe9c1639fa8774	0x1416f9e28	CShapeCR
0x2b674f7740a0e248	0x141c2fdd8	CShapeList
0x1a089f982612b25b	0x14170f940	CShapeNameRefArray
0xce78c1715bddca7b	0x14170f8e8	CShapeRefArray
0x9ea6ba1b5c9efc6a	0x1416f9f78	CSharedCanvasUICR
0x22ab49cd1b18683a	0x1416fa0d0	CSimpleFullBodyCR
0xabeda804812a1749	0x141c3d5d8	CSkeletonResource
0x35fe9b0227fb8774	0x1416fa228	CSoundCR
0x9b2322abb94f753e	0x1417062e0	CSoundCS::SaveLoadGlobal
0x04e1ddf8baf18c4c	0x1416ea458	CSoundEmitter
0xc2d6b053b9746620	0x1416fa378	CSoundListenerCR
0x43af5622d37bbcf4	0x1416ea9a8	CSoundPlayer
0x43af5621c076b8ea	0x1416ea8c8	CSoundPortal
0x59bb7af786db10da	0x1416fa4d0	CSoundPortalCR
0xcfda795b1a088bc1	0x1416ea688	CSoundStructure
0x54cf0c2961434ff4	0x141dbffc0	CSoundSymbolEnvirnoment
0x43af5021de77b4e3	0x1416ea7a8	CSoundVolume
0x5fbb64f68ad210da	0x1416fa620	CSoundVolumeCR
0xef70e3c48b933fab	0x141cdb308	CSplineAnimCameraData
0x87bf6269028e67d6	0x141ccfbe8	CStackAllocator
0x10b3367d6a3355a7	0x141cd8eb8	CStandaloneCamInterpData
0x9f3cfe97f1d7f7db	0x141cd8e08	CStandaloneCameraConfigData
0xbba50746997e9881	0x141cd8d90	CStandaloneCameraData
0x7b093c55496d5eea	0x1416fa770	CStaticInstanceModelCR
0xe24b43a0ca358532	0x1416fa8c8	CStaticLODRegionTargetCR
0xd0ca883409f7282c	0x1416faa28	CStaticRaycastCR
0x412b01eded0e6fee	0x1416fab80	CSubtitleCR
0x2fd49c8650775498	0x1416fb0c8	CSyncCR
0xaaa6b1294eb21ed5	0x141c410d0	CTTFontResource
0x41d2c4291b24040c	0x1416fb210	CTagCR
0xa11e156e5bd2e050	0x1416fb358	CTargetCR
0x08799f40198e5dd8	0x1416e7508	CTaskKernel
0x2fd49b9a5f795498	0x1416fb4a8	CTeamCR
0x0e546af17b591611	0x141cf3b08	CTesselationParams
0x438a5bb4b8eb79f0	0x1416fb5f0	CTestModelCR
0x95cb063ce78ab998	0x1416fb740	CTextureOverrideCR
0xc12cc7869f2d905c	0x1416fb898	CTextureStreamingCR
0xab5cb477caa78931	0x141cd77a8	CTimeTransitionCameraData
0x11e2a44e38ddc6e9	0x141cf37c0	CToneMappingParams
0xc14547c968f8a216	0x1416fbb40	CTransformAutoScaleCR
0x9c72178d05adb686	0x1416fb9f0	CTransformCR
0x9c72178d05adb687	0x141c947a0	CTransformCS
0x996b5f1958b32429	0x141cd7858	CTransitionCameraData
0x46222c5d2afeb3ff	0x141c41040	CUICanvasResource
0x8229e2825995f8a1	0x141dc4530	CVOResource
0x15d6e85fdb4cdf93	0x141cdb708	CVectorCameraData
0xdc895b5d5192dc51	0x141cd7c18	CVignetteParams
0xc6e660dee3e71811	0x1416ea8e8	CWWiseSoundBankResource
0x6d358eef7bb85a98	0x141dc1260	CWWiseSoundBankResourceWin10
0x0b1420671bda6139	0x141cd4000	CWwiseStreamedFileWin7
0x2fd4959050715498	0x1416fbc98	CZoneCR
0xc1562657c8ed8fec	0x1416fbde0	CZoneLoadPointCR
0x4761d7b6c419ccc0	0x1416fbf38	CZonePathCR
0xec9503c22219eb96	0x1416fc088	CZoneTraverserCR
0xb4130e6b4cc7f747	0x141c44990	Calibrate
0x247c5aeb9986ba03	0x141cd8498	CameraAnimIdData
0x7ef2463aa3f2cf05	0x141cd8500	CameraAnimSpecData
0x42a09e2666081e9c	0x1416fe628	CameraCollision
0x2267f20681d3613a	0x141cf7108	CameraConnection
0xb412027b5fc2ec44	0x141cd7810	CameraDOF
0xe54ad08f79bc0c66	0x1416f02d8	CameraEvent
0x0cfdc5032d85c902	0x141ce9160	CameraExpression
0x2a7b63b2978f7e8b	0x141cd95a0	CameraLookFixedData
0xd27d1c7d17e23027	0x141cd9530	CameraLookInterpolableData
0xcd4364e067efe826	0x141714e68	CameraSpin
0xed253d03837bd474	0x141714ee8	CameraSpinLeft
0xe837f908f57f2f26	0x141714f08	CameraSpinRight
0xcd4364e060f6ed3c	0x141714e88	CameraTilt
0xea3c38198b71c56e	0x141714f48	CameraTiltDown
0xdd135669f300bb72	0x141714f28	CameraTiltUp
0x3da30aa37999d321	0x141714ec8	CameraTurnAngle
0x00ea202603827fd5	0x141714ea8	CameraTurnMag
0x2fd48e91527d5981	0x141c49ef0	CanLink
0xbb917973231a8845	0x141cf5c78	CanPunchOppWithDisc
0xce5264e873f8e43a	0x141c49898	CanTrigger
0xb411126752cfed49	0x141c49f10	CanUnlink
0x0aa246b7ebc86204	0x141c45660	CantMovePlayer
0x964d64980c1aaf3e	0x141ce9da8	CanvasElementAttributesExpression
0x75fa99055cf76c98	0x141ce99e8	CanvasPositionExpression
0x4080fc28a187c966	0x141ce9de0	CanvasTextDimensionsExpression
0x35ec9a0128ec916f	0x1416d9560	CanvasUI
0xb2ba8c5409b41fc0	0x141ceabf8	CanvasUIElementExistsExpression
0x4cd78d0ab4b529d0	0x141ce9c40	CanvasUIExpression
0x35ec840425f0876d	0x141cd2fb8	CapsLock
0xcc66db08df5d0350	0x141ceaa00	CartesianToSphericalCoordinatesExpression
0x33309ba530414e72	0x141cd2480	CenterButton
0x32113217cfa36c93	0x141ce74e8	CenterWorldNode
0xe32dc7d9d18e4dbe	0x141c4b428	Chain
0x083734566bf0a329	0x141cd9630	CheatCamera
0xdb0eafdce7468bab	0x141cd96a0	CheatCameraConfig
0xb4d5692bfad1ec02	0x141c49188	CheckCreep
0xb4d5692bfac1fa1a	0x141c491b8	CheckCrush
0xfe1327fd0468f580	0x141ceac80	CheckPermissionExpression
0x7a72c9145dd0d614	0x141c49128	CheckPlayerDist
0x1199e90c635610ee	0x141c49158	CheckSpawnDist
0xb4d56938e7dde706	0x1416f1bd0	Checkpoint
0x737a9ae380e8b241	0x141ce6440	CheckpointNode
0xc8c33e48397b17be	0x141c8a5d0	Chin
0x15f39eedf2d1e104	0x141c8a848	Chin_clipped
0xe3532ac0daa86d6a	0x141cdfeb8	ChineseSimplified
0x4e3061aa1acf1f1e	0x141cdfee0	ChineseTraditional
0x2bd0f0f16ec54f31	0x141cd7d60	ChromAberParams
0xbc1102645fd2ea41	0x141716d48	Cinematic
0xc1f06c7071bffc3b	0x141ce8470	ClearFSFXNode
0xbf8b8878fdde7b0b	0x141ce7508	ClearLayerNode
0xcbea797c71bffc3b	0x141ce89b8	ClearListNode
0xc176bf9caacf8910	0x141c4a348	ClearReportsOnKnown
0xc87ad5ad308e1715	0x141ce6460	ClearScriptInputBindingNode
0x4b95129fcd0fc48e	0x141cd2f78	CloseBracket
0x53199bf57d4bb85b	0x141ce6490	ClosedCaptionEventNode
0x6d56838360331d01	0x141714628	ColorScale
0x618e8c2cfb0e21df	0x141cc0960	CombatAssists
0xdece38af196ecdc5	0x141cc08e8	CombatBestEliminationStreak
0xceba4ec4398afaaf	0x141cc0980	CombatDamage
0xa530fc67172f5c36	0x141cc09e0	CombatDamageAbsorbed
0x7ba79aa65d4bdde5	0x141cc0a98	CombatEliminationDeathRatio
0x2682094865d38d6f	0x141cc0800	CombatEliminations
0xd2ecd646b300fb99	0x141cc09a8	CombatHeadshotKills
0x61879a3efe143bcb	0x141cc0a18	CombatHealing
0x3169d082c0d1db3f	0x141cc0ad8	CombatHillCaptures
0xfe331e33c639ac09	0x141cc0b10	CombatHillDefends
0x11507102aae9694b	0x141cc0928	CombatKills
0xfddb3ecff722ecdd	0x141cc08b0	CombatObjectiveDamage
0x9a0929c5281ef595	0x141cc0838	CombatObjectiveEliminations
0xf8d2c472f14a5999	0x141cc0878	CombatObjectiveTime
0xa8306d45c8777bf7	0x141cc0a68	CombatSoloKills
0x1150711ab7f06b4b	0x141cc0a48	CombatStuns
0xe32dc7d9d68249b1	0x141cd3030	Comma
0x41d2c432172e0810	0x1416cf430	Common
0x8f3a560138304efc	0x141ce91b8	ComponentEnabledExpression
0x4e83988c3fd397fa	0x141ce9188	ComponentExistsExpression
0x2380665818d1e2da	0x1416d9580	ComponentLOD
0x1ac33ff57cdea969	0x1416ec8f0	ComponentLODZone
0xcce4a1d216a3b10c	0x1416d95a0	ComponentRegionLOD
0xe6fe6afa1dfac567	0x141c478e8	ConditionalDampening
0x1825521f5f17ebf7	0x141c47988	ConditionalDampeningWhenDistance
0xe23e179d6b2c7470	0x141c47928	ConditionalDampeningWhenOffScreen
0xbfc42b94c87f4bec	0x141ccf3f0	ConflictCheckRequired
0x6f579493773b1e0a	0x141cf71a0	Connection
0x2fd480914a665886	0x141c8ff40	Control
0x70f58c78a5997579	0x141cd1fb0	ControlButton1
0x70f58c78a599757a	0x141cd1fd0	ControlButton2
0x456a9b2593e83c31	0x141ce79d8	ControlFlowMissionSequenceNode
0x8f085f70b7243c07	0x141ce7998	ControlFlowMissionSequenceSetCompleteNode
0x70fb9c7ebe987731	0x141c476d8	ControllerOnly
0x5ce9014694d1c15f	0x141ce7528	ControllerShakeNode
0x8f94e7bbb6d869f8	0x141cf70e0	ConvexConnection
0x0aa09eccec641e1a	0x141dc1580	CosExpression
0xef74e8deeb32e215	0x141cc63f8	CreateParticleEffectNode
0x3c9ed05de4259d55	0x141ce75f0	CreateUIBindingsNode
0x9319b07db7c1e3a3	0x141cdd3b0	CsymbolArray
0xe08f473084ddca4e	0x141ce9968	CurrentBlenderValueExpression
0x543f0dcb1d716868	0x141ce9f60	CurrentFSFXSettingsExpression
0x92705282fa53d93e	0x141ceb100	CurrentLightIntensityExpression
0xab4ef5cf2ff2452e	0x141cea6c0	CurrentStateExpression
0x41d2c42809370813	0x1416edd70	Custom
0xc8e8d0b1a893f7fe	0x141c603d8	Cut
0x2fd49a8b5271519e	0x141c603f0	CutLeft
0x2fd49a8b4e7b4492	0x141c60408	CutPosX
0x2fd49a8b4e7b4493	0x141c60420	CutPosY
0x8c99bc7054e3cd10	0x141c5fd98	CutterFireStart
0xbaf2c744bef13c9c	0x141c5fdb8	CutterFireStop
0x6eb09b699e9e3b70	0x141c60500	CutterPressed
0xaefed944acf63688	0x141c60520	CutterReleased
0x35f4981e27fb8174	0x141c47f20	Cylinder
0xe32dc7d9c38a47b8	0x141cdfe10	Czech
0xd1d52cf94503a842	0x141cd2b68	D
0xbeacc439ae141411	0x141cb5480	DEAD_MAGAZINE
0xc8e8d0b1a894efe5	0x1416d0f18	DMO
0x6a96e4d0c7211647	0x141cd7930	DOFParams
0x07e519f0d6ab1b9d	0x141cd7990	DOFQualityParams
0x32fd95132df09368	0x141cd1ed0	DPadDown
0x32fd951325fa8272	0x141cd1ef0	DPadLeft
0x7591f0c3dc271340	0x141cd1f10	DPadRight
0x41d2c32d1b27120e	0x141cd1eb8	DPadUp
0x8dfc11206656a20e	0x141c4b3a8	DamageSelf
0x41d2c33c142a1416	0x141cdfdf8	Danish
0x32ec801621fe976e	0x141c36c88	DataHash
0x2c9a9b61010cf7a5	0x141c84630	Deactivate
0xe32dc7dedc8e50b8	0x141c68030	Death
0x09df00ace8660709	0x141dc1330	Debug2DTextNode
0x1cffc1f040032ea7	0x141dc1350	Debug3DTextNode
0x2966b0835b3bf0ab	0x141ce8068	DebugDrawArrowNode
0x5b67880516dba933	0x141ce8090	DebugDrawAxesNode
0x27e3dbaccb8ec43d	0x141ce8018	DebugDrawBoxNode
0xc4f9f9114095840d	0x141ce8158	DebugDrawCircleNode
0x5970831316dba933	0x141ce80e0	DebugDrawConeNode
0x2db779818b9f6539	0x141ce80b8	DebugDrawCylinderNode
0x5d6d841216dba933	0x141ce8130	DebugDrawGridNode
0x53718c150cddbb33	0x141c47708	DebugDrawInactive
0x5676831316dba933	0x141ce7ff0	DebugDrawLineNode
0x7c809a88c67a2ab5	0x141ce8040	DebugDrawSphereNode
0x80f33064594d84d3	0x141ce8108	DebugDrawTriangleNode
0x8bff836880c19136	0x141c49ca8	DebugEnabled
0xab392a403827aecf	0x141ce8490	DebugPauseNode
0x3c30cc801867589d	0x141ce64b8	DebugPrintActorNode
0x0bc4886f4bbf8e8f	0x141dc1370	DebugPrintFlagNode
0x7b8f319405f0481b	0x141dc1398	DebugPrintIntegerNode
0x01c19a7c4bbf8e8f	0x141ce64e0	DebugPrintListNode
0xb82537513827aecf	0x141dc1310	DebugPrintNode
0xf25cc00078a6db83	0x141dc13e8	DebugPrintReal2Node
0xf25cc00178a6db83	0x141dc1410	DebugPrintReal3Node
0xf25cc00678a6db83	0x141dc1438	DebugPrintReal4Node
0x1fcd88644bbf8e8f	0x141dc13c0	DebugPrintRealNode
0x36f080c99ad21cb5	0x141dc1460	DebugPrintStringNode
0xf50f0c4664a75927	0x141dc1488	DebugPrintSymbolNode
0xbd88e6bbd9182b5e	0x141ceae88	DebugSymbolToStringExpression
0xe32dc7dedc8c45bc	0x1416f2798	Decal
0xbb51c74532bab5df	0x141ce8de8	DecalSetEmissiveIntensityNode
0x2802ef3748dbb6cd	0x141ce8e18	DecalSetEmissiveTintColorNode
0xc0da31544fbf92a9	0x141ce8d98	DecalSetOpacityNode
0x46e0ad8cb9511363	0x141ce8d70	DecalSetRotationNode
0xf5eb0174ef6107f7	0x141ce8dc0	DecalSetScaleNode
0x2fd38a995f615b9e	0x1416cec50	Default
0xdf35c4c61fb83a29	0x141c499d8	DefaultActive
0xdf35c4cb02bc2528	0x141c49608	DefaultAnimId
0xd49cf607341aedda	0x1416d29b8	DefaultFont
0xdf35d6c603b42129	0x141c2e598	DefaultScheme
0x2b9c816c1002e2ac	0x141cf5c18	DefendGoal
0xd087fe01331be4cb	0x141cf5c58	DefendRange
0x2fd38a984c715299	0x141c3a130	Degrees
0x609cf5c8db2f1f51	0x141dc14b0	DelayNode
0x4dbb2ce0eb0e7f26	0x141ce9898	DelegateLevelNameExpression
0x41d2c3381626131b	0x141cd30c8	Delete
0xdce6812e44925158	0x14171dff8	DeleteActor
0x39eead6bee8aa7dc	0x14171df98	DeleteComponent
0x2fd38a934a754fda	0x141cd2528	DeltaX0
0x2fd38a934a754fdb	0x141cd25c0	DeltaX1
0x2fd38a934a754fd8	0x141cd2658	DeltaX2
0x2fd38a934a754fd9	0x141cd26f0	DeltaX3
0x2fd38a934a754fde	0x141cd2788	DeltaX4
0x2fd38a934a754fdf	0x141cd2820	DeltaX5
0x2fd38a934a754fdc	0x141cd28b8	DeltaX6
0x2fd38a934a754fdd	0x141cd2950	DeltaX7
0x2fd38a934a754fd2	0x141cd29e8	DeltaX8
0x2fd38a934a754eda	0x141cd2540	DeltaY0
0x2fd38a934a754edb	0x141cd25d8	DeltaY1
0x2fd38a934a754ed8	0x141cd2670	DeltaY2
0x2fd38a934a754ed9	0x141cd2708	DeltaY3
0x2fd38a934a754ede	0x141cd27a0	DeltaY4
0x2fd38a934a754edf	0x141cd2838	DeltaY5
0x2fd38a934a754edc	0x141cd28d0	DeltaY6
0x2fd38a934a754edd	0x141cd2968	DeltaY7
0x2fd38a934a754ed2	0x141cd2a00	DeltaY8
0x2fd38a8c4a665893	0x141c490e8	Destroy
0xe3fbed835ab356ec	0x141c455f0	DetachHandEventGlobal
0xa4e2d3e2548c1894	0x141c47f80	DetachOnGrab
0xf6c2cb9ee377a524	0x141c47fb0	DetachOnImpact
0xc66d127f94b7e7cb	0x1416fdbf8	DetachOnParentDisable
0x839621cd64ff45ac	0x141c47fe0	DetachWhenPulled
0xb2392d1b1025a413	0x141ce87e8	DialogueChoiceNode
0x4d2befa02d93ff36	0x141ce97d8	DialogueExpression
0xa71c6f755541b899	0x141ce8810	DialogueSceneAbortNode
0x6f085d9140dc20c0	0x141cea0e0	DialogueSceneCanPlayExpression
0x64f38900bacd3ed5	0x141ce7368	DialogueSceneClearCompleteNode
0xf8251c5bcf3de2ce	0x141ce9d40	DialogueSceneCurrentTypeExpression
0x6dd55a87bec6d9fd	0x141ce8838	DialogueSceneFinishNode
0x779e8dcdcdaf11a3	0x141ce7338	DialogueSceneForceCompleteNode
0x3019dc3190034c84	0x141ce9800	DialogueSceneHasFinishedExpression
0x0efe48a4196dabd2	0x141ce9d08	DialogueSceneIsPlayingExpression
0x495eb8ff051658c9	0x141ce8860	DialogueSceneNode
0xab21877887a93d93	0x141ce7fc0	DialogueSelectChoiceNode
0xf71a0524db0fa75b	0x141ce6508	DialogueSignalNode
0x2fd3869e537b598e	0x141c8a508	Diamond
0xd14131951a7120be	0x141c8a520	Diamond_Top
0xa36204061a46c442	0x141c8a770	Diamond_Top_clipped
0xb608a5c0885fb612	0x141c8a750	Diamond_clipped
0x2fd3868c5f765b8f	0x141c8af30	Disable
0x392c66e66b3b1f32	0x141c4c110	DisableAfterTether
0x19e209ea374bdffd	0x141c7f1a8	DisableButtons
0x9705f05593821dcc	0x1416fd120	DisableComponentOnInit
0xe5a1be5cf1fb9ceb	0x141c4af20	DisableTeammateWhizzby
0x32e4870328f18763	0x141c8a628	Distance
0x14234033cdd0f9ee	0x141ce9b08	DistanceExpression
0x4236bebb42bbdf62	0x141ce9b30	DistanceFromOriginExpression
0x69f423b1214d5c48	0x141ccf3b0	DistanceRequired
0x837fb382ca973779	0x141cd9d00	DistanceTransitionCamera
0x2a6dd6b7de094377	0x141c8a648	Distance_Dropshadow
0x7c34d487158397b8	0x141c8a8e0	Distance_Dropshadow_clipped
0x44f23ead384f5c48	0x141c8a8b8	Distance_clipped
0x947e380324ee0323	0x141cd7c98	DistortionParams
0xb0e56950d228018b	0x141c4ace0	DoesntAbsorbDamage
0x2fd3808d5375599e	0x141c884d0	Dormant
0xca351a63e895ebc2	0x141c88668	DormantCreepScanned
0xc8c33e483e7c09be	0x141cd3160	Down
0x2fd38088507f5293	0x141cb7628	DownKey
0x41d2c3281328020c	0x141c39130	Duiker
0xe32dc7decc9b47b8	0x141cdfd40	Dutch
0x32f49a163bed857f	0x14170f1d8	DynArray
0x2fd396915c75448f	0x14170f188	DynBase
0x3474e6d7eb8dd3de	0x141cf73c0	DynDataRoot
0x2fd39691527d449e	0x141715cb0	DynList
0x7c9ee7c5c7351840	0x1416e9cb8	DynStruct
0x246ce2d3f783d1cf	0x141cf7330	DynTypeName
0xb86aa82bb731124b	0x141cf7378	DynTypeNameArray
0x2fd396915f795e89	0x141c49878	Dynamic
0x8d145cf553d203f3	0x14170f1f8	DynamicArray
0xfff35f2a0ca1e3a0	0x1416ed180	DynamicLODRegionTarget
0x3178fbd5f58bcfde	0x141715cc8	DynamicList
0x643b437d67ab19e6	0x141cf72f0	DynamicStruct
0xd1d52cf94503a843	0x141cd2b80	E
0xe20220de75808ddf	0x141ce1678	ENG_DATETIME_MONTH_01
0xe20220de75808ddc	0x141ce16a0	ENG_DATETIME_MONTH_02
0xe20220de75808ddd	0x141ce16c8	ENG_DATETIME_MONTH_03
0xe20220de75808dda	0x141ce16f0	ENG_DATETIME_MONTH_04
0xe20220de75808ddb	0x141ce1718	ENG_DATETIME_MONTH_05
0xe20220de75808dd8	0x141ce1740	ENG_DATETIME_MONTH_06
0xe20220de75808dd9	0x141ce1768	ENG_DATETIME_MONTH_07
0xe20220de75808dd6	0x141ce1790	ENG_DATETIME_MONTH_08
0xe20220de75808dd7	0x141ce17b8	ENG_DATETIME_MONTH_09
0xe20220de75808cde	0x141ce17e0	ENG_DATETIME_MONTH_10
0xe20220de75808cdf	0x141ce1808	ENG_DATETIME_MONTH_11
0xe20220de75808cdc	0x141ce1830	ENG_DATETIME_MONTH_12
0x75ab85b3197e001d	0x141ce11a0	ENG_DATETIME_ORDINAL_01
0x75ab85b3197e001e	0x141ce11c8	ENG_DATETIME_ORDINAL_02
0x75ab85b3197e001f	0x141ce11f0	ENG_DATETIME_ORDINAL_03
0x75ab85b3197e0018	0x141ce1218	ENG_DATETIME_ORDINAL_04
0x75ab85b3197e0019	0x141ce1240	ENG_DATETIME_ORDINAL_05
0x75ab85b3197e001a	0x141ce1268	ENG_DATETIME_ORDINAL_06
0x75ab85b3197e001b	0x141ce1290	ENG_DATETIME_ORDINAL_07
0x75ab85b3197e0014	0x141ce12b8	ENG_DATETIME_ORDINAL_08
0x75ab85b3197e0015	0x141ce12e0	ENG_DATETIME_ORDINAL_09
0x75ab85b3197e011c	0x141ce1308	ENG_DATETIME_ORDINAL_10
0x75ab85b3197e011d	0x141ce1330	ENG_DATETIME_ORDINAL_11
0x75ab85b3197e011e	0x141ce1358	ENG_DATETIME_ORDINAL_12
0x75ab85b3197e011f	0x141ce1380	ENG_DATETIME_ORDINAL_13
0x75ab85b3197e0118	0x141ce13a8	ENG_DATETIME_ORDINAL_14
0x75ab85b3197e0119	0x141ce13d0	ENG_DATETIME_ORDINAL_15
0x75ab85b3197e011a	0x141ce13f8	ENG_DATETIME_ORDINAL_16
0x75ab85b3197e011b	0x141ce1420	ENG_DATETIME_ORDINAL_17
0x75ab85b3197e0114	0x141ce1448	ENG_DATETIME_ORDINAL_18
0x75ab85b3197e0115	0x141ce1470	ENG_DATETIME_ORDINAL_19
0x75ab85b3197e021c	0x141ce1498	ENG_DATETIME_ORDINAL_20
0x75ab85b3197e021d	0x141ce14c0	ENG_DATETIME_ORDINAL_21
0x75ab85b3197e021e	0x141ce14e8	ENG_DATETIME_ORDINAL_22
0x75ab85b3197e021f	0x141ce1510	ENG_DATETIME_ORDINAL_23
0x75ab85b3197e0218	0x141ce1538	ENG_DATETIME_ORDINAL_24
0x75ab85b3197e0219	0x141ce1560	ENG_DATETIME_ORDINAL_25
0x75ab85b3197e021a	0x141ce1588	ENG_DATETIME_ORDINAL_26
0x75ab85b3197e021b	0x141ce15b0	ENG_DATETIME_ORDINAL_27
0x75ab85b3197e0214	0x141ce15d8	ENG_DATETIME_ORDINAL_28
0x75ab85b3197e0215	0x141ce1600	ENG_DATETIME_ORDINAL_29
0x75ab85b3197e031c	0x141ce1628	ENG_DATETIME_ORDINAL_30
0x75ab85b3197e031d	0x141ce1650	ENG_DATETIME_ORDINAL_31
0xdc009aa0b878fd03	0x141c68ab0	EXP_C1_Head1
0xdc009aa6b87af203	0x141c68c90	EXP_C1_Neck1
0xdc009aa6b87af200	0x141c68ff8	EXP_C1_Neck2
0xfbb4bdf006e36b81	0x141c69058	EXP_C1_Pelvis1
0xfbb4bdf006e36b82	0x141c69078	EXP_C1_Pelvis2
0xdc009abab276ed03	0x141c68a90	EXP_C1_Root1
0x387fc8353141d8e9	0x141c69018	EXP_C1_Spine1
0x387fc8353141d8ea	0x141c69038	EXP_C1_Spine2
0x387fc8353141d8eb	0x141c68ad0	EXP_C1_Spine3
0x3ee448006050060f	0x141c68a48	EXP_C1_SynchHelmet1
0x1dba667218d878db	0x141c68c70	EXP_L1_Arm1
0xcf6792713da2eb5d	0x141c87d10	EXP_L1_Arm1Twist1
0xcf6792713da2eb5e	0x141c87d38	EXP_L1_Arm1Twist2
0x1dba667218d878d8	0x141c68be0	EXP_L1_Arm2
0xbd6bab413ced6039	0x141c8bb30	EXP_L1_Arm2Stretch1
0xcf6492713da2eb5d	0x141c87d60	EXP_L1_Arm2Twist1
0xcf6492713da2eb5e	0x141c87d88	EXP_L1_Arm2Twist2
0x1dba667218d878d9	0x141c8bb58	EXP_L1_Arm3
0xcf31876b31b8f45d	0x141c8bb78	EXP_L1_ArmGameIk1
0x8ebf4ebd516f0af1	0x141c8bba0	EXP_L1_ArmGameIkOppHand1
0xcfda725f29f5211d	0x141c8bbd0	EXP_L1_ArmGameIkOppHandItem1
0xd3009aabb178ef03	0x141c8bc00	EXP_L1_Clav1
0xe7a4cad1a83f2003	0x141c8bc20	EXP_L1_CoatLeg1
0xe7a4cad1a83f2000	0x141c8bc40	EXP_L1_CoatLeg2
0xa120698e04dbfc7f	0x141c8bc60	EXP_L1_ComputerDisplayAttach1
0x1dba66721cd370db	0x141c7f598	EXP_L1_Eye1
0x9953c7f70d9a6509	0x141ca8138	EXP_L1_FINGER_STATE
0xd3009aaeb276ed03	0x141c69118	EXP_L1_Foot1
0xe4ff1a044b02d74f	0x141c8bc90	EXP_L1_FootTwist1
0xd3009aa0bc77fd03	0x141c68b60	EXP_L1_Hand1
0x39227ec34ea78225	0x141c8bcb8	EXP_L1_Hand1Stretch1
0xecaac5c1a63c2003	0x141c8bce0	EXP_L1_HandBFG1
0xb7f95fed98845149	0x141c8bd00	EXP_L1_HandBlade1
0xb47f7f59709351ff	0x141c68c28	EXP_L1_HandGrenade1
0x5be79dc0cfff02c7	0x141c8bd28	EXP_L1_HandPistol1
0xb7f94fe89f8c5149	0x141c8bd50	EXP_L1_HandRifle1
0xa54f20bdf64e9ae5	0x141c8bd78	EXP_L1_HolsterCompress1
0xa54f20bdf64e9ae6	0x141c8bda0	EXP_L1_HolsterCompress2
0x298bebbefc2ec48f	0x141c8bdc8	EXP_L1_HolsterPocket1
0xb23913097310a6af	0x141c69710	EXP_L1_Index1
0xb23913097310a6ac	0x141c69730	EXP_L1_Index2
0xb23913097310a6ad	0x141c68ba0	EXP_L1_Index3
0x1dba667215cf72db	0x141c69098	EXP_L1_Leg1
0x6c12f39a0bce3833	0x141c87db0	EXP_L1_Leg1Twist1
0xf115ba93739392b5	0x141c8bdf0	EXP_L1_Leg1TwistPhysics1
0x1dba667215cf72d8	0x141c690d8	EXP_L1_Leg2
0xe8aecc97a0382b03	0x141c8be20	EXP_L1_Leg2Dbl1
0xe8aecc97a0382b00	0x141c8be40	EXP_L1_Leg2Dbl2
0x6c44e68007d42733	0x141c8be60	EXP_L1_LegGameIk1
0x1d80c42770df3305	0x141c69570	EXP_L1_Middle1
0x1d80c42770df3306	0x141c69590	EXP_L1_Middle2
0x1d80c42770df3307	0x141c695b0	EXP_L1_Middle3
0xf4aac7c8b43b2303	0x141c697b0	EXP_L1_PalmPad1
0xb2390a0e791ea7af	0x141c695d0	EXP_L1_Pinky1
0xb2390a0e791ea7ac	0x141c695f0	EXP_L1_Pinky2
0xb2390a0e791ea7ad	0x141c69610	EXP_L1_Pinky3
0x3d95e72c4d67f457	0x141c69630	EXP_L1_PinkyMetacarpals1
0xabcd45d4bdde2ff9	0x141c69660	EXP_L1_PinkyPad1
0xd3009abab477fe03	0x141c69688	EXP_L1_Ring1
0xd3009abab477fe00	0x141c696a8	EXP_L1_Ring2
0xd3009abab477fe01	0x141c696c8	EXP_L1_Ring3
0x9f74f851f8cd2885	0x141c696e8	EXP_L1_RingMetacarpals1
0xb2390e0f6218bcaf	0x141c69750	EXP_L1_Thumb1
0xb2390e0f6218bcac	0x141c69770	EXP_L1_Thumb2
0xb2390e0f6218bcad	0x141c69790	EXP_L1_Thumb3
0x7d4f7996126764fd	0x141c7e748	EXP_L1_ThumbPiston1
0x7d4f7996126764fe	0x141c7e770	EXP_L1_ThumbPiston2
0x1dba66720dc570db	0x141c69158	EXP_L1_Toe1
0x46ff0ac8fa842b21	0x141c8be88	EXP_L1_ToolAttach1
0x5ecb29288b902243	0x141c68b18	EXP_L1_TouchController1
0x1da4667218d878db	0x141c68c50	EXP_R1_Arm1
0x22073ffad2810d69	0x141c87c70	EXP_R1_Arm1Twist1
0x22073ffad2810d6a	0x141c87c98	EXP_R1_Arm1Twist2
0x1da4667218d878d8	0x141c68bc0	EXP_R1_Arm2
0x0159bfa3d7d0afeb	0x141c8beb0	EXP_R1_Arm2Stretch1
0x22043ffad2810d69	0x141c87cc0	EXP_R1_Arm2Twist1
0x22043ffad2810d6a	0x141c87ce8	EXP_R1_Arm2Twist2
0x1da4667218d878d9	0x141c8bed8	EXP_R1_Arm3
0x22512ae0de9b1269	0x141c8bef8	EXP_R1_ArmGameIk1
0xce2a3ea19217d85f	0x141c8bf20	EXP_R1_ArmGameIkOppHand1
0xacf456a754b13c1f	0x141c8bf50	EXP_R1_ArmGameIkOppHandItem1
0xcd009aabb178ef03	0x141c8bf80	EXP_R1_Clav1
0x0c20df09b1b17561	0x141c8bfa0	EXP_R1_CoatLeg1
0x0c20df09b1b17562	0x141c8bfc0	EXP_R1_CoatLeg2
0x4f82a5bb9e68fc01	0x141c8bfe0	EXP_R1_ComputerDisplayAttach1
0x1da466721cd370db	0x141c7f5b8	EXP_R1_Eye1
0x2561d315e6a7aadb	0x141ca8110	EXP_R1_FINGER_STATE
0xcd009aaeb276ed03	0x141c69138	EXP_R1_Foot1
0x099fb78fa421317b	0x141c8c010	EXP_R1_FootTwist1
0xcd009aa0bc77fd03	0x141c68b40	EXP_R1_Hand1
0x8ebeb10d05c8683d	0x141c8c038	EXP_R1_Hand1Stretch1
0x072ed019bfb27561	0x141c8c060	EXP_R1_HandBFG1
0x5a99f26677a7b77d	0x141c8c080	EXP_R1_HandBlade1
0x084d6bbb9bae9e2d	0x141c8c0a8	EXP_R1_HandGrenade1
0xf640ecba6eb37195	0x141c68c00	EXP_R1_HandPistol1
0x5a99e26370afb77d	0x141c8c0d0	EXP_R1_HandRifle1
0x0eef207642f9ddc1	0x141c8c0f8	EXP_R1_HolsterCompress1
0x0eef207642f9ddc2	0x141c8c120	EXP_R1_HolsterCompress2
0x17ee50bfc860ca79	0x141c8c148	EXP_R1_HolsterPocket1
0xa6b4914deda46023	0x141c69d10	EXP_R1_Index1
0xa6b4914deda46020	0x141c69d30	EXP_R1_Index2
0xa6b4914deda46021	0x141c68b80	EXP_R1_Index3
0x1da4667215cf72db	0x141c690b8	EXP_R1_Leg1
0x81725e11e4edde07	0x141c87dd8	EXP_R1_Leg1Twist1
0xb180ca8fb0eb401b	0x141c8c170	EXP_R1_Leg1TwistPhysics1
0x1da4667215cf72d8	0x141c690f8	EXP_R1_Leg2
0x032ad94fb9b67e61	0x141c8c1a0	EXP_R1_Leg2Dbl1
0x032ad94fb9b67e62	0x141c8c1c0	EXP_R1_Leg2Dbl2
0x81244b0be8f7c107	0x141c8c1e0	EXP_R1_LegGameIk1
0x88f47cc12f3ec40d	0x141c69b70	EXP_R1_Middle1
0x88f47cc12f3ec40e	0x141c69b90	EXP_R1_Middle2
0x88f47cc12f3ec40f	0x141c69bb0	EXP_R1_Middle3
0x1f2ed210adb57661	0x141c69db0	EXP_R1_PalmPad1
0xa6b4884ae7aa6123	0x141c69bd0	EXP_R1_Pinky1
0xa6b4884ae7aa6120	0x141c69bf0	EXP_R1_Pinky2
0xa6b4884ae7aa6121	0x141c69c10	EXP_R1_Pinky3
0x7d0097308e1f26f9	0x141c69c30	EXP_R1_PinkyMetacarpals1
0x1904b2b3625061d7	0x141c69c60	EXP_R1_PinkyPad1
0xcd009abab477fe03	0x141c69c88	EXP_R1_Ring1
0xcd009abab477fe00	0x141c69ca8	EXP_R1_Ring2
0xcd009abab477fe01	0x141c69cc8	EXP_R1_Ring3
0x34d4f89a4c7a6fa1	0x141c69ce8	EXP_R1_RingMetacarpals1
0xa6b48c4bfcac7a23	0x141c69d50	EXP_R1_Thumb1
0xa6b48c4bfcac7a20	0x141c69d70	EXP_R1_Thumb2
0xa6b48c4bfcac7a21	0x141c69d90	EXP_R1_Thumb3
0xc17d6d74f95aab2f	0x141c7e798	EXP_R1_ThumbPiston1
0xc17d6d74f95aab2c	0x141c7e7c0	EXP_R1_ThumbPiston2
0x1da466720dc570db	0x141c69178	EXP_R1_Toe1
0xeb587bb25bc85873	0x141c8c208	EXP_R1_ToolAttach1
0xf56b29e33f276567	0x141c68af0	EXP_R1_TouchController1
0x4ac0c6838ea3872c	0x14171dfd8	EditActor
0xcc3953639940debd	0x141ce6530	EditBlackboardValueNode
0xfa7c7114c26d5b67	0x141ce6558	EditListItemNode
0x1af46775e8f1557d	0x1416fd160	EditorOnly
0x3d948699e7eb3e77	0x1417145d8	EmissionRateScale
0xc8c33e483f7e17a4	0x141c35188	Emit
0x22de4e88a2ad8629	0x141714748	EmitterScale
0xe3d80e6f0e5b62ec	0x141714648	EmitterScaleX
0xe3d80e6f0e5b62ed	0x141714668	EmitterScaleY
0xe3d80e6f0e5b62ee	0x141714688	EmitterScaleZ
0xe32dc7dfd48050b5	0x1416e0f08	Emote
0xe32dc7dfd49f50a9	0x141ca9a38	Empty
0x41d2c2331b210b1b	0x141c8af18	Enable
0x22cb031729f4eb19	0x141ce7400	EnableActorNode
0x7a014b58792a06a5	0x141c7f1c8	EnableButtons
0x5c897542ea84a4e5	0x141ce6580	EnableCollisionNode
0x16081d6fe0472daf	0x141ce65a8	EnableComponentNode
0x4659df231c2ef3b9	0x141ce6630	EnableComponentsNode
0x320511877e9569b7	0x141ce6658	EnableDepthOfFieldNode
0xb5ca4e82e80c8d5b	0x141ce6680	EnableIntegrationNode
0x40c8d08e88bb873a	0x1416fdfc8	EnableLOD
0xf83d848dd781ae8b	0x141ce66f8	EnableLevelNode
0x91e1b5962d1ada43	0x141ce66a8	EnableLevelSceneSetNode
0xf4d6e07eaa4a34ea	0x141cdc798	EnableModelSceneSetAnimTrigger
0x7678bc0810ec5469	0x141ce66d0	EnableModelSceneSetNode
0x096834333670ce97	0x141ce7420	EnableMultipleActorsNode
0xf8dadef33c50f409	0x141ce6600	EnableMultipleComponentsNode
0x83c3e761233f103e	0x1416fea10	EnableOcclusion
0xd65d33ff880badff	0x141ce65d0	EnableScriptActorComponentNode
0xa233f2b8908cc747	0x141ce7910	EnableSoundEmitterNode
0xef631cc8e969633a	0x141c47d78	EnableTimeOffset
0xb559c5c63a18541b	0x141ce7ce8	EnableUIBehaviorNode
0xc8e8d0b1a895ecee	0x141cd30f8	End
0x2fd2819b4a7d5a8f	0x14170efe0	EndTime
0x41d2c2331d2a091b	0x1416cf3f0	Engine
0x2fd28198527d4482	0x141cdfca0	English
0x40cede8b9ebf9d35	0x141cdfcb8	EnglishUK
0xe32dc7dfd79b41a2	0x141cd3018	Enter
0xacc2db18fe5cf078	0x141cd3f90	EnterExitEvent
0xc8c33e483f6317b3	0x1416cf478	Epic
0xe32dc7dfc89a45bc	0x141cd2f08	Equal
0x27d18695446e5194	0x141dc1540	EqualExpression
0x41d2c22e1922171b	0x141cd2d48	Escape
0x10e6522386ef5f04	0x141ce9ec8	EulerRotationFromVectorsExpression
0xe32dc7dfcf8a4aa4	0x1416e9d20	Event
0x2da19c0b8fa02476	0x141ce91e8	EventActivatingActorNodeIDExpression
0x869b63747d931c67	0x141ce7220	EventSetPositionNode
0xd11629074b8c0a2b	0x141ce7248	EventSetRotationNode
0xca764e188d9d1089	0x141ce7270	EventSetScaleNode
0x41a21e4e7dfa45c3	0x1416febf0	ExcludeOwnPhysics
0x611e3656c6a0de4f	0x1416f2830	ExclusiveAbility
0xdb2dd504f7704512	0x1416f18c0	ExclusiveAbilityUpdater
0xdd903affd9798985	0x1416f2858	ExclusiveZone
0x84f8c40586ab2fc1	0x141ce7830	ExclusiveZoneLoadNode
0xe492460804bb57f5	0x141ce7880	ExclusiveZoneSetActiveNode
0x15d49015dd64db7d	0x141ce7858	ExclusiveZoneUnloadNode
0xdb3b5b702d0ebbe9	0x141c4ad20	ExhaustiveVolumeCheck
0xd4b6ad7325704f46	0x141c4af90	ExplodeOnCollision
0xf0b3b3502b3c7e42	0x141c4afd0	ExplodeOnDamageableCollision
0x33f5841b26fb8162	0x1416d0938	Exploded
0xa55d0512942b6c97	0x141c884e8	ExplodedActive
0x1c8a424b4c899af6	0x141c88508	ExplodedDormant
0xccac65d3aaf9683d	0x141c4b020	ExplosionScalesWithDamage
0xa611e6ad374dbcb9	0x141cd7a50	ExposureParams
0x07aa4ee5ed3162b6	0x141ce93a0	ExternalScriptActorExpression
0x6c9257cfeb53f69a	0x141ce93d0	ExternalScriptAssetElementExpression
0x892e4c8fc351f866	0x141ce9340	ExternalScriptFlagExpression
0x1d2cf9cd0515f00a	0x141ce9220	ExternalScriptIntegerExpression
0x635c1fa6d6e4f696	0x141ce9280	ExternalScriptReal2Expression
0x70329925007db0f4	0x141ce92b0	ExternalScriptReal3Expression
0x1d1bc9f289d64a74	0x141ce92e0	ExternalScriptReal4Expression
0xb6902a1ae8c3d7f8	0x141ce9250	ExternalScriptRealExpression
0xd745597ee01c6ba0	0x141ce9370	ExternalScriptStringExpression
0x93cc4ca263e2f622	0x141ce9310	ExternalScriptSymbolExpression
0x1659d472bcf2ea03	0x141cd24a0	ExtraButton1
0x1659d472bcf2ea00	0x141cd24c0	ExtraButton2
0xd1d52cf94503a840	0x141cd2b98	F
0x313d0759bc6b8a7b	0x141cd2d60	F1
0xc8e8d0b1a896b3ba	0x141cd2e38	F10
0xc8e8d0b1a896b3bb	0x141cd2e50	F11
0xc8e8d0b1a896b3b8	0x141cd2e68	F12
0x313d0759bc6b8a78	0x141cd2d78	F2
0x313d0759bc6b8a79	0x141cd2d90	F3
0x313d0759bc6b8a7e	0x141cd2da8	F4
0x313d0759bc6b8a7f	0x141cd2dc0	F5
0x313d0759bc6b8a7c	0x141cd2dd8	F6
0x313d0759bc6b8a7d	0x141cd2df0	F7
0x313d0759bc6b8a72	0x141cd2e08	F8
0x313d0759bc6b8a73	0x141cd2e20	F9
0xc8c33e483c7f1fb7	0x1417152d0	FLAG
0x2024a064700e3e8b	0x1416f0e78	FSFXStack
0x4f84ab0011dae025	0x1416f2898	FSFXVolume
0x6fbff56122cacedd	0x141cf3ad0	FXAAParams
0x0fb17e3f48e28a4b	0x141cd2078	FaceButton1
0x0fb17e3f48e28a48	0x141cd2098	FaceButton2
0x0fb17e3f48e28a49	0x141c6fc98	FaceButton3
0x0fb17e3f48e28a4e	0x141cd20b8	FaceButton4
0x3b1e074fc5e8819e	0x141cd1f50	FaceButtonEast
0xe793b8ff500feb66	0x141cd1f90	FaceButtonNorth
0xe793b8e25008eb66	0x141cd1f30	FaceButtonSouth
0x3b1e074fd7ec819e	0x141cd1f70	FaceButtonWest
0x8a8a9796ef02fbeb	0x141ce6760	FadeLevelLightsNode
0xd29222b173ccad0f	0x141ce6788	FadeModelLightsNode
0xd8258751d90bf00f	0x141cd7d00	FilmGrainParams
0xc8c33e483c7a10b5	0x1416cf448	Fine
0x2fd18691507d4482	0x141cdfde0	Finnish
0x30e486162af08063	0x1416cc960	FiraCode
0x37e92853e6992471	0x141ce7a48	FireCueNode
0x654c2166dc576dfa	0x141ce9408	FirstEnabledComponentExpression
0xe32dc7dcd09741b4	0x141c2ed08	Fixed
0x3b95406b90008ff1	0x141cd9f38	FixedCamera
0xc8c33e483c7f1fb7	0x1416eb6f0	Flag
0x4a4775f116753176	0x141cd7560	FlagValueAnimTrigger
0x53bfbde599fcc232	0x14171f328	FlipbookBehavior
0x08b660ec3140026a	0x14171e038	FocusActor
0x3c25f6746b033292	0x141ced488	Fog.color
0x24ee376b35b578c0	0x141ced4d0	Fog.rampassetid
0x3c25a876760e3093	0x141cf3960	FogParams
0xa08d478a2e033225	0x1416fe6e8	FollowActorTransform
0x71b0737417b08647	0x141cda168	FollowCamera
0x950cda5cd7f6871f	0x1416f0a90	FollowCameraConfig
0xac870778d019df51	0x141c4a9f8	FollowTransform
0x95b3e5ad4fa92319	0x141c4b348	ForceDropItems
0x19a076fe3155017d	0x141714708	ForceScale
0x51b11d8e82fccac8	0x141ceabc0	ForwardToEulerOrientationExpression
0x30e2860028ed8075	0x141c85358	Forwards
0xc7c11b12ed014a22	0x141ceac58	FrameNumberExpression
0x41d2c12f1b2e020d	0x1417017c0	Frames
0x67c0985d485d6c4b	0x141cd89a8	FreeCamera
0xaa10e012c2c42f43	0x141ce76a0	FreePooledActorNode
0x41d2c12f1f2d0416	0x141cdfcd8	French
0x30ff9d1227fb887f	0x141c4b488	Friendly
0x0eff81786ee23f1a	0x1416eeed8	FrustumCull
0x735da756393a75cf	0x141ce7808	FullTransitionStateNode
0xd1d52cf94503a841	0x141cd2bb0	G
0xc28e15c579997904	0x141cf6a88	GP1GrabPoint
0xfdef5620813603f6	0x141cf6ad0	GP2GrabPoint
0xe8cf977c29532a58	0x141cf6b18	GP3GrabPoint
0xc8e8d0b1a897f1fe	0x1416d0f30	GST
0xb29956c180f9c6fb	0x14171aa68	GameCamera
0x28e4e6292c53e07c	0x14171aac8	GameCameraDataList
0x1f3433dd250106f1	0x141ce67b0	GameShutdownNode
0x2fd08e925b64568e	0x141c6f540	Gamepad
0xaf433627c377499f	0x141c6fc78	GamepadActivate
0x914b63b21afaf4ca	0x141cea468	GamespaceTimeExpression
0x6980b687664987fc	0x141ca3f38	GeNeRaTeNeTiDfRoMtOkEn
0xaa36f6be541b48d4	0x141dc16e0	GenerateUniqueNameExpression
0x41d2c038082e0610	0x141cdfd08	German
0x51507fd10f3100e5	0x141cd2170	GestureFaceButton1
0x51507fd10f3100e6	0x141cd2198	GestureFaceButton2
0x51507fd10f3100e7	0x141cd21c0	GestureFaceButton3
0x51507fd10f3100e0	0x141cd21e8	GestureFaceButton4
0x57e7588e8562a848	0x141cd2310	GestureLeftIndexPoint
0xc237abeb148cf2fa	0x141cd22b8	GestureLeftIndexTrigger
0xbca329d0f84b083d	0x141cd2210	GestureLeftStick
0xd522c94bbc08a7bc	0x141cd2338	GestureRightIndexPoint
0x2667f607293a1e5c	0x141cd22e0	GestureRightIndexTrigger
0x4564e9ebd9a12c83	0x141cd2238	GestureRightStick
0x13f15366f0c8f97b	0x141cd2260	GestureThumbUpLeftStick
0x5aef7d064c31d185	0x141cd2288	GestureThumbUpRightStick
0xe843348e14f6fa98	0x141cea5f0	GetCanvasElementChildAtIndexExpression
0x229f9b0a739856ae	0x141ce9f28	GetMostRecentlySetLevelFSFXExpression
0xab4a9a6ab501f693	0x141714230	GlobalAddRenderUniformsContexts
0x2019bd1c16710c4a	0x1416fe688	GlobalEnter
0x6c6ad9487691987c	0x1416fe6b8	GlobalExit
0xf825eb6cc4e2224c	0x141cf69e0	GoalRimGrabPoint
0xcd7d1c37d5f554b8	0x141cf6a38	GoalRimGrabPointCenter
0xf3ebc97956c754d7	0x141ca36b0	GoalScorePercentage
0xe32dc7ddd68e48a3	0x141ca36e0	Goals
0xe32dc7ddcb8051a0	0x141ce5f50	Group
0xd1d52cf94503a84e	0x141cd2bc8	H
0x561072a375188d75	0x141c7ccf8	HIT_C1_Backpack1
0x5e2c1f1902911d69	0x141c7cd40	HIT_C1_Chest1
0xeec802992f50373d	0x141c7cd20	HIT_C1_Pelvis1
0x2603429f7a8ced87	0x141cb3a28	HIT_L1_Arm1
0x2603429f7a8ced84	0x141cb3a48	HIT_L1_Arm2
0x2603429f779be787	0x141c7cdc0	HIT_L1_Leg1
0x2603429f779be784	0x141c7cde0	HIT_L1_Leg2
0x261d429f7a8ced87	0x141cb3a88	HIT_R1_Arm1
0x261d429f7a8ced84	0x141cb3aa8	HIT_R1_Arm2
0x261d429f779be787	0x141c7cd80	HIT_R1_Leg1
0x261d429f779be784	0x141c7cd60	HIT_R1_Leg2
0xa411f9f11b7bd09f	0x141c390c0	Hable_Custom
0xcb877911a9c4735a	0x141c39108	Hable_HiContrast
0xc377680924a631ba	0x141c390e0	Hable_LowContrast
0x1a417891cc762e2e	0x141c80108	HandEnterProx
0x27b7f75040577fac	0x141c80128	HandExitProx
0x034c6acfac54ca67	0x141c4ac20	HasDamageNumbers
0xbf28995b3e875ee1	0x141c4aca0	HasHumanBodyParts
0x4a02c4e398a0c416	0x141c4abf0	HasLocalHealth
0x1e53a30da9e7759d	0x141c4a318	HasUnknownState
0xc8c33e4832761fbc	0x141c4b408	Heal
0x3ee89e1b7bafd533	0x141c39148	Hejl2015
0xa675d00dc3b8eeac	0x141c45740	HeldIfChildIsHeld
0x3f19600aa3ce765e	0x141c8a608	Helper_Icon
0xba33c0d6da88d262	0x141c8a890	Helper_Icon_clipped
0xa512fe659c0d1d68	0x141c4a1b8	HideDuringCIN
0x2fdf869b5b645e9a	0x141c4bdc8	HidePip
0x3bd4b20575d13e34	0x1416f1248	HierarchicalLOD
0x10cff6c4a5a10b71	0x1416fdcf8	HighPropDensityModeOnly
0xb7d6031faa74f4c7	0x141ca3650	HighestArenaMVPStreak
0x11211816569e7fe3	0x141ca35c8	HighestArenaWinStreak
0x7196bdd585cf4461	0x141ca3750	HighestPoints
0xcdd7b88e250a9c69	0x141ca37d8	HighestSaves
0xcdd7b88e30099769	0x141ca3868	HighestStuns
0xfefccb867bf3b2dd	0x141c80148	HoloActivate
0xfcf0d29f61f7b2dd	0x141c80168	HoloComplete
0xe9a91d623087733f	0x141c80188	HoloDeactivate
0xacc8f7969d902eac	0x141c801a8	HoloGrabbed
0x50a047747f4f31b3	0x141c801c8	HoloPointComplete
0xac5c6801611b6bc3	0x141c801f0	HoloPuzzleComplete
0x1413332c5dd0dd95	0x141c80218	HoloRadSphereActivate
0x66d448ca57f9258b	0x141c80240	HoloRadSphereDeactivate
0xedfad38a6ce1a3dc	0x141c80268	HoloReleased
0x9d31501476d1c8b8	0x141c80288	HoloReset
0x9a233fa072288f26	0x141c802a8	HoloTargetSelected
0xc8c33e48327c13b5	0x141cd30e0	Home
0xf5afc57bea1c655c	0x141cd2380	HomeButton
0x2fdf80925b7f5293	0x141cb7640	HomeKey
0xc8c33e48327c0da4	0x141dc3b98	Host
0xd1d52cf94503a84f	0x141cd2be0	I
0xc8e8d0b1a899e6ba	0x141cd24e0	ID0
0xc8e8d0b1a899e6bb	0x141cd2578	ID1
0xc8e8d0b1a899e6b8	0x141cd2610	ID2
0xc8e8d0b1a899e6b9	0x141cd26a8	ID3
0xc8e8d0b1a899e6be	0x141cd2740	ID4
0xc8e8d0b1a899e6bf	0x141cd27d8	ID5
0xc8e8d0b1a899e6bc	0x141cd2870	ID6
0xc8e8d0b1a899e6bd	0x141cd2908	ID7
0xc8e8d0b1a899e6b2	0x141cd29a0	ID8
0x4a309118f157354a	0x1416f28b8	IKComponent
0xc8e8d0b1a899ecfe	0x1417152e8	INT
0x4edde0bf4a163965	0x141cb5458	INVALID_MAGAZINE
0x5479f647851ca8e8	0x141c45700	IgnoreHeadHandRaycast
0xe78bfdd8b0ceb3f1	0x141c4b448	IgnoreHitTargets
0x13c233ba148eddf9	0x141c4b4b8	IgnoreImmunity
0xd9acc23b8dab1459	0x1416fe9d0	IgnoreParentVisibility
0xaa36c87db4a9a13e	0x1416fdc38	IgnorePhysicsOnDetach
0x4f933fb994a549b2	0x141c49fb0	IgnorePitch
0xb94c26ad80ded4a0	0x141c49fe0	IgnoreRoll
0xbe6a76472e4c5fd1	0x141c49f80	IgnoreYaw
0x2ee2eba1ad8d42a8	0x141c47ee0	ImpactSpeedIsMax
0x3fe395143df69263	0x1416e2770	Inactive
0xfc516f865aa3be88	0x141c493c8	IncreasePriorityWhenLocked
0x9a5c04579897a5c4	0x141c80f18	InductionGrabbed
0x5c69683a2390fb40	0x141c80f40	InductionReleased
0xc1de931fbf1ccb2c	0x141c49848	InfinitePower
0xbb2a0b3ea3fe1393	0x1416fe150	InitInactive
0x61f4a6459831e420	0x1416fdb18	InitIntegration
0xb48b94cb0dca9445	0x141c4a418	InitWithObjectiveUI
0x7001e02b0746446f	0x1416f28d8	InitialCamera
0xca93e591a842c2b0	0x141ce9920	InputExpression
0x41d2ce330926150a	0x141cd30b0	Insert
0xf51396f8dbfdcabd	0x141ce67d8	InsertIntoListNode
0x41d2ce33092a031b	0x141c7c208	Inside
0x96d91a362a75ad76	0x1416d95c8	InstanceModel
0x5ec9c24fd66a8470	0x141ceab90	InstanceModelColorExpression
0x28cdb79fb1399d08	0x141ce8ec8	InstanceModelSetCustomDataReal
0x454f3568316c1d65	0x1416db1a0	InstanceModel_nametag
0xf2f473ec1c6e5bee	0x141cb76d0	InstanceModel_nametag_depthfail
0xc8e8d0b1a899ecfe	0x1416eb708	Int
0xb7707f5a39585fd2	0x141c8fee0	IntFormat
0x0b3ebd1621752afa	0x141ceb030	IntToStringWithOrdinalSuffix
0x14af6a53c5fe6a6e	0x141cd7588	IntValueAnimTrigger
0xbac9fe5721c6d3dc	0x1416ec108	IntentComponent
0xbca100ea238edbf3	0x141701e90	InvertShoulderButtons
0xd0d632751af3de82	0x141c4be48	InvertTint
0x8b86882b12442054	0x141c445b8	IronManThrusterLeft
0x0d395acf2eecd39a	0x141c445e0	IronManThrusterRight
0x083d190cd5209e8b	0x141c4b7d8	Irreversible
0x54611dbb21deaef6	0x141ce9a68	IsAboveExpression
0xb22331c4bbec48a2	0x141ce9838	IsActiveCheckpointExpression
0x0b3634f9b472d03e	0x141ce9438	IsActiveLanguageExpression
0xe95479c812df42c0	0x141ce9ae0	IsBehindExpression
0x44b6a3e3b9b754cc	0x141ce9a90	IsBelowExpression
0xa7fcc631c01f26e6	0x141c4a728	IsCheckpoint
0x2eb52e6535c12159	0x1417012b8	IsDependency
0x30c8828db9e5150c	0x141c4a6e8	IsFinalDestination
0xd4646f5cb34b479e	0x141ce9ab8	IsForwardExpression
0xc1d8b23de350b32a	0x141cea868	IsInitializeOrMissionFastFowardExpression
0xa6bbdcd56bf7a0b0	0x141c4a188	IsInteract
0xb2d0026db5b8c8f0	0x141ce9a18	IsLeftExpression
0xb217e52fce55aea8	0x141c4a758	IsMajorCheckpoint
0x707536bdbb916a25	0x141c4a158	IsObjective
0x3c43dd10c6f91bb0	0x141ce9a40	IsRightExpression
0xd65a22fb7f10efe8	0x141cea6e8	IsStateTransitioningExpression
0x2fde9b9e527d5684	0x141cdfcf0	Italian
0xd1d52cf94503a84c	0x141cd2bf8	J
0x3cec841627fa9763	0x141cdfe80	Japanese
0x0d3b548f056c6baf	0x141cda788	JointCamera
0x2a0e08c560164178	0x141ce9cc0	JointExpression
0xc62328cbc37b17b8	0x141ce9940	JointScaleExpression
0x9bbc3d125d80fe2d	0x141ce81f8	JointSetPositionNode
0xcc3177616b9fe861	0x141ce81d0	JointSetRotationNode
0x9fda883a8f5fd051	0x1416f28f8	JsonConfig
0x1e4518a7530dfc9a	0x141ce9498	JsonConfigFlagByComponentExpression
0x9e817787e52b4234	0x141ce9468	JsonConfigFlagExpression
0x4e98b457ac5c1c34	0x141ce94f8	JsonConfigIntByComponentExpression
0x2c97aec6ce126cc4	0x141ce94d0	JsonConfigIntExpression
0x31f58369903cd6ac	0x141ce9668	JsonConfigListSizeExpression
0x1ea7e6a13295a2b8	0x141ce9560	JsonConfigRealByComponentExpression
0xa13f1112ceb96daa	0x141ce9530	JsonConfigRealExpression
0x1f6356eeabca374c	0x141ce95c8	JsonConfigStringByComponentExpression
0x877a3140de3e0fa4	0x141ce9598	JsonConfigStringExpression
0x7a2e61ff9fd287ee	0x141ce9630	JsonConfigSymbolByComponentExpression
0xc3f3249c5dc09226	0x141ce9600	JsonConfigSymbolExpression
0xd1d52cf94503a84d	0x141cd2c10	K
0x3de88d1526fe9662	0x141cd3390	Keyboard
0x15173540e4503082	0x141c4b130	KillTrailOnCollision
0xe386b4dd5d248cd8	0x1417014b0	KnotVector
0x41d2cc3208260610	0x141cdfea0	Korean
0xd1d52cf94503a84a	0x141cd2c28	L
0x1c518543a8c879b6	0x141cb7590	LAltModifer
0x5fe2c9e614ee4d7e	0x141cd1d08	LAnalogDown
0x5fe2c9e61ce45c64	0x141cd1cc8	LAnalogLeft
0x0b54d6c30b9af712	0x141cd1ca8	LAnalogRight
0x3e57c7471e9b9514	0x141cd1ce8	LAnalogUp
0x0f5c47d5608a3714	0x141cb7550	LCtrlModifer
0x1f16854efe09a3e8	0x141c6a670	LHandToControllerIKEffector
0xd07c53a6d10acff8	0x141c6a6a0	LHandToControllerIKOriBlender
0x00b3f2afba856743	0x141c6a648	LHandToControllerIKPole
0x234ec2ad5182626c	0x141c6a6d0	LHandToControllerIKPosBlender
0xa0ca3cbf39bae2c6	0x141c6a510	LHandToWorldIKEffector
0xcc8a17acf8054910	0x141c6a538	LHandToWorldIKOriBlender
0x7d0cbf0570f740f7	0x141c6a4e8	LHandToWorldIKPole
0x3fb886a7788de484	0x141c6a568	LHandToWorldIKPosBlender
0x305dd44e16958f0a	0x1416ed4d0	LODRegion
0xbfd5115f44b7266c	0x141cb75d0	LShiftModifer
0xb17df5d6107eb23a	0x141c6a8d8	LStretchArmToWorldIKEffector
0xd414861bc885e66a	0x141c6a908	LStretchArmToWorldIKOriBlender
0x27261710480d4bfe	0x141c6a938	LStretchArmToWorldIKPosBlender
0xc50df7b86de6f1a0	0x141c6a7b8	LStretchHandToWorldIKEffector
0x04ad590e674ea988	0x141c6a7e8	LStretchHandToWorldIKOriBlender
0xf79fc805e7c6041c	0x141c6a818	LStretchHandToWorldIKPosBlender
0xe32dc7d6d88d41bc	0x141c8a478	Label
0xcac4505fb4a33f42	0x141c8a698	Label_clipped
0x96eee068b9b87d42	0x141cf5cb8	LaunchSpeedMult
0xe32dc7d6d89641a2	0x14170ef68	Layer
0xc8c33e48367618a4	0x141cd3178	Left
0x2fdb8a994a755b9e	0x141cd2ab8	LeftAlt
0x89b804c32e4a786f	0x141cd1c60	LeftAnalogAngle
0x358b6dff2837e78b	0x141cd1c80	LeftAnalogMagnitude
0x6ffcd95b2151f3ea	0x141cd1c20	LeftAnalogX
0x6ffcd95b2151f3eb	0x141cd1c40	LeftAnalogY
0x8d1f9866668ced0a	0x141cd2440	LeftButton
0x6ffed854394cfbfe	0x141cd2a78	LeftControl
0xf392fe5bdd1e0d00	0x141c69840	LeftFaceButtonBlend
0xaec40734409c1f44	0x141c72bd0	LeftHandOccupied
0x8d987f727cf916d6	0x141c7ece0	LeftHandOverrideBlend
0x90bcd23c85881ac4	0x141c8cc90	LeftHandOverrideContextNormalBlend
0xf411761b83ce79b0	0x141c8ccc8	LeftHandOverrideContextRPSBlend
0xded741864c461174	0x141c8cc58	LeftHandOverrideContextSelectBlend
0x8d987f7c71e51dc0	0x141c7ec90	LeftHandOverrideLayer
0x50d60efcc5fb0de4	0x141cd20d8	LeftHandTrigger
0xb6c0a6d8c69b5375	0x141cd2120	LeftHandTriggerAnalog
0xcd10ee952452c172	0x141c697d0	LeftHandTriggerBlend
0x0646652fdae18432	0x141c697f8	LeftIndexFingerBlend
0x7bfb5651553dd262	0x141cb4b80	LeftIndexTrigger
0x7e9eef8335491dbf	0x141c8d490	LeftIndexTriggerAnalog
0x3a5fd2421f8c9510	0x141c83588	LeftInput
0x41d2cb381c37080d	0x141cd2af0	LeftOS
0x4689bec63119f4af	0x141cb6948	LeftPunchSchemeA
0x4689bec63119f4ac	0x141cb6998	LeftPunchSchemeB
0xc2bbcaf172a80043	0x141cb6a40	LeftPunchSchemeC_Bottom
0x5c23bfa8b59a07f2	0x141cb69e8	LeftPunchSchemeC_Top
0x6b5ff4c82d7fabc7	0x141cb6a90	LeftPunchSchemeD_Face1
0x3a5fd25819958610	0x141cd2a38	LeftShift
0x4a126bacc75ca52b	0x141cd1e38	LeftShoulder1
0x4a126bacc75ca528	0x141cd1e58	LeftShoulder2
0x2bb14b48a2c25096	0x141cd1ff0	LeftStickButton
0x92fa28ef04695c40	0x141c69820	LeftThumbBlend
0x92fa28fe1c65514f	0x141c835c8	LeftThumbstick
0x6fe9c5532a59f1e0	0x141ca3a30	LeftTrigger
0xdd857fadd0da61c5	0x1416f0960	LegacyCameraData
0x3a5ec345159d921d	0x1416cf490	Legendary
0x0050f4431532f25a	0x141c72c20	LegsOccupied
0xc8c33e48367610a3	0x141c38bd0	Lens
0x82f3a3012fca29d3	0x141cd79f8	LensBokehParams
0x8518997c7c9eeb03	0x141c38c08	LensConfig
0x3ae89a042dfe9067	0x141c38bb0	LensData
0xa76b0da45d0db2f3	0x141cf3c58	LensDirtParams
0x85189f75749de110	0x141cdd418	LensEffect
0x8097ae1395eaa6c8	0x141cdd5c0	LensEffectGroup
0x2c1c1ecfa43ae61c	0x141cdd470	LensEffectList
0x2c1c1ecfa63cf10d	0x141ce7710	LensEffectNode
0x6d67aaeeeb684f4d	0x141cdd4e0	LensEffectSequence
0x493dfa7187c8e21a	0x141cdd548	LensEffectSequenceList
0x5a42eb6cba115b83	0x141cd7bd8	LensFlareAssetParams
0xfe7e458b50f6de83	0x141cf3b98	LensFlareParams
0x8a7897d11908e708	0x141c47398	LerpPerpendicularRestitution
0xe32dc7d6dc9941bc	0x141ca3568	Level
0x3a4fc347109d8206	0x1416eeeb8	LevelAABB
0x70f6e5e0841807b6	0x141ce9698	LevelEnabledExpression
0x93ef718cf98f96c0	0x141ce9b90	LevelHasSceneSetExpression
0xb6118470023cf296	0x141ce96c0	LevelLoadedExpression
0x06ba26cd65793f46	0x141ce96e8	LevelLoadingExpression
0x6da7db4ea6220982	0x141ce9710	LevelVisibleExpression
0x387b7c0f68ef5d24	0x141cf7158	LightConnection
0x41d2cb341426060c	0x1416edd00	Linear
0xe0c8ea25c974e8ee	0x141cdc848	LinearTransAnimTrigger
0xc8c33e48367a0da4	0x1416f2958	List
0x2c71951a11e8f306	0x141ce9758	ListContainsActorExpression
0x0fc72bcb01b3ca8c	0x141ce9738	ListExpression
0x6c719d06e42174a0	0x141ce9788	ListItemAtIndexExpression
0x364ad24e1f9d8c08	0x141cb7670	ListenAll
0x6fb234aad67621f9	0x141cb76b0	ListenBlue
0x359bd2a208268aa7	0x141cb7690	ListenOrange
0x2cf1d68de78d5a6b	0x141ce6800	LoadLevelNode
0x847b3911a31b2529	0x141ce7b10	LoadLevelStateMaskNode
0x3b57330c279d7882	0x141cea160	LoadingGameExpression
0x7770fc49a17d5a4c	0x141cea110	LoadingLevelsExpression
0x4118b7610d38eec2	0x141c4bde8	LoadoutNumber
0xe32dc7d6d68d46a9	0x141c906b8	Lobby
0x228a99392c8f7123	0x141714728	LocalForceScale
0x8471e85c170a5c85	0x1416fe320	LocalSpace
0xaf52da45dc4c53dc	0x141c475c8	LockDownWhenPressed
0x847bed4409045b85	0x141ce7550	LockIKNode
0x7a07fafe36dd6acd	0x141c4bd98	LockTexture
0xad072be84cc00612	0x141cea418	LookupStringExpression
0xd1d52cf94503a84b	0x141cd2c40	M
0x313d0759bc6b8129	0x141ca3c18	MC
0x1a01ee1c4704176b	0x14171c5a8	MNAndNode
0x1a01f50c46190660	0x14171cd08	MNAutoRun
0x1a01f50c46190660	0x14171c990	MNAutorun
0xb3b478d4b837a165	0x141ce0110	MNBlendLevelLightNode
0xe8f881a1ccab5fd9	0x141ce0158	MNBlendModelSceneSetNode
0x683bd86a09879fdb	0x14171ca80	MNCheckpointFixNode
0xc86010267223e1e4	0x14171ca58	MNCheckpointRunFirst
0x7848b62d523b1301	0x14171c5c8	MNCountNode
0x7f9b7d08e29327bb	0x141dc0fc0	MNDebugPrintNode
0xa2de4a98d9ddeb17	0x141dc0fe8	MNDelayNode
0x36d4140f78b6088f	0x141ce0188	MNEnableActorNode
0x9b8ef44fd9e4d423	0x141ce01b0	MNEnableComponentNode
0xce7a0e391042efc7	0x14171cd88	MNEndLoopNode
0x55c612dce500e2dd	0x141ce01d8	MNExclusiveZoneLoadNode
0x7ceb6f37437a9339	0x141ce0200	MNExclusiveZoneSetActiveNode
0x11c04972417575d9	0x141ce0230	MNExclusiveZoneUnloadNode
0xce8ff00f5dbb72cb	0x14171c510	MNExternalScriptNode
0x8dee780ced658725	0x141ce0560	MNFastForwardToCheckpointNode
0x7d62b200eb5fa977	0x141ce0590	MNFreezeZoneLoadingNode
0xe801008e76ef30cb	0x14171c538	MNIncludeNode
0xb2000f4cf9f6e141	0x14171c9b0	MNKillNode
0xd9f5edb0e06ae1cd	0x14171c5e8	MNLiveAndNode
0x1a023e33eb24983b	0x14171c900	MNMissionFinishNode
0x1d199ed72d28f415	0x14171c558	MNMissionStartNode
0xb7060c50f9f6e141	0x14171cd48	MNNoOpNode
0xf6962c2b84cabd49	0x14171cda8	MNOnKillNode
0x3be39b0527f08063	0x14171cd28	MNOrNode
0xa5685597a5a11eeb	0x141ce0648	MNPlayAnimationNode
0xa46ae3adb5b8e5ab	0x141ce0670	MNPlayDialogueSceneChoiceNode
0xe4c9378ebc496abd	0x141ce06a0	MNPlayDialogueSceneFinishNode
0xff2fc4ece8438c61	0x14171cea0	MNPlayDialogueSceneNode
0x72d07e410f07d533	0x141ce06d0	MNPlayDialogueSceneStartNode
0xd27e82cad1b1cf5f	0x141ce0700	MNPlaySoundNode
0x250c72d1cb14d729	0x141ce0720	MNPreloadSubMissionNode
0xbb28f7433d10e2a9	0x14171cdc8	MNScriptedControlFlowEndSequenceNode
0x75fffa675b6e4741	0x141ce0748	MNScriptedControlFlowNode
0x019ff269fadcaa65	0x14171ce00	MNScriptedControlFlowSequenceNode
0xeffa2c2d65171c3f	0x141ce0778	MNScriptedFlowControlStartNode
0xadf70c6b02c4e06f	0x141ce07a8	MNSetFSFXNode
0x9a8f42a8a400697b	0x141ce07c8	MNSetInstanceModelColorNode
0x54f2ed323ccfbc6b	0x141ce07f8	MNSetLevelLightNode
0x2eae71c2af988e01	0x141ce0820	MNSetModelLightNode
0x740bb51671745c9b	0x141ce0848	MNSetSoundStateNode
0xf2af4d2d5a059f53	0x14171cd68	MNStartLoopNode
0x04531479e94405d3	0x14171c580	MNSubMissionNode
0x1a8b78601faca5dd	0x141ce0870	MNTeleportNode
0x21c782bbf0f0fed1	0x141ce08b0	MNTimelineCueNode
0xb9a8dd91d7848eff	0x141ce08d8	MNTimelineFinishNode
0xe54353375a82ab69	0x141ce0890	MNTimelineNode
0x37dd6b80d87335d3	0x141ce0900	MNTimelineStartNode
0x998f92ea8b34516f	0x141ce0928	MNTransformInVolumeNode
0x3612e7cf103e311d	0x141ce0950	MNUnitTestCompleteNode
0xdce99f0dac0bf35d	0x141ce0978	MNUnitTestIncompleteNode
0x442c6a97ee262811	0x141ce09a8	MNUnitTestOrderNode
0x28f057bfc7d58735	0x141ce09d0	MNWaitAFrameNode
0x652c4ecb47b61803	0x141ce09f8	MNWaitForLevelLoadsNode
0x62768b78526f26b5	0x141ce0a20	MNWaitForTimeSinceDialogueNode
0x9a728c7899135531	0x141ce0a50	MNWaitUntilDialogueCueNode
0x22bc4f2ccadd488f	0x141ce0a80	MNWwiseEvent2DNode
0xcec4ceb1b1c71556	0x141c84100	MarkerOccluded
0x0e6a1ee27b7d1bca	0x141c84120	MarkerUnoccluded
0x2144c77087a78916	0x141c8a5e8	Marker_Dot
0x1d905a85efd3c048	0x141c8a868	Marker_Dot_clipped
0x3bec871c27fa8574	0x141c47ca0	MaskNear
0x2ff0a1c0b8766325	0x141c47c70	MaskVisible
0x62ce14ab9d95ee77	0x141c2e578	MaterialSchemes
0xf4675e412bbf816f	0x1416f2a08	MaterialType
0x0bcbfcb888794ccb	0x141cf5c38	MaxHoldTime
0x3be89a0238ea8d72	0x141c90040	MenuQuit
0x6685fd86dc478034	0x141c90060	MenuQuitToMain
0x903e492ac9e8c6af	0x141c90080	MenuResume
0x8d234e3fdefcdfaf	0x141c351f0	MeshUpdate
0x04d28d2bbf6d93f1	0x141701810	Microseconds
0xf0767ab045e01bf9	0x1417017f0	Milliseconds
0xe32dc7d7d08151a3	0x141cd2ef0	Minus
0xea5e64b730fd57c8	0x141cea658	MissionScriptInFastForwardExpression
0xebda3364ca605122	0x141cea7c8	MissionScriptResolveActorExpression
0x6d02a0594f5da205	0x1416f2a28	MissionScriptRuntime
0x0bae418edccdab94	0x141ceb158	ModelAssetNameExpression
0x920c233dd478e057	0x141cda9b8	ModelBlenderCamera
0x587d399ce275f286	0x141ce9b60	ModelHasSceneSetExpression
0x19ec18db373c773c	0x141cea370	ModelJointTransformExpression
0x3be2901225f38b62	0x1416f2a50	ModelLOD
0xf3fb131fd93f32e6	0x141ce9e10	ModelLocalBoundingBoxExpression
0x8c411e0037a3171f	0x141ce85f8	ModelSetOutlineModeNode
0x5c33bf34fc72af84	0x1416f2a70	ModelSwapper
0x861ff5719c5425ce	0x141ceadc0	ModelTransformShapeCountExpression
0xcd008cf0fdfdc280	0x141ceb130	ModelVisibleExpression
0x9b52ae808ef5666c	0x14171df78	ModifyComponent
0x9725689aa8bc74f7	0x141dc14f0	ModifyMeshSetNode
0x2fda809157605898	0x141c88c48	Monitor
0x464f34b47e6b5cf1	0x141cd7b08	MotionBlurParams
0xe32dc7d7d69a57b5	0x141cd33b0	Mouse
0x84553316ac7a793c	0x141cdd6f8	MoveVector
0xeef60aa423c10f18	0x141c499a8	MovesWithActor
0x010cf41148131a7d	0x141c49398	MultiAxis
0x8eef66f66ca8bebc	0x141c900c8	MultiplayerNPETutorial
0x816707342bddf95c	0x1416cf8a8	MultiplayerStart
0xfa47b95ee2b72eb4	0x141c900a0	MultiplayerTutorial
0x2fda9a8b5b755b86	0x141cb7658	MuteAll
0x41d2ca240e2b0e1d	0x1416cf4b0	Mythic
0xd1d52cf94503a848	0x141cd2c58	N
0xc8c33e48347c10b5	0x1416d8068	NONE
0x069ede188e4aeaf7	0x1416d8080	NOT_IN_QUEUE
0xc8e8d0b1a89ee3ed	0x141716da0	Nag
0xc8c33e48347213b5	0x141702a58	Name
0x68e68fe9a6bfa7d7	0x141c8ff20	NamedFlag
0xa7455db036a0515e	0x14170fce8	NavMeshAction
0xe40aef9b41d936b0	0x141cf7698	NavMeshActionList
0xf08493d4d14b5080	0x1416f2a90	NavMeshComponent
0x56093ec9750f7e2c	0x141714790	NavMeshLevelTransitionAction
0x7dc94182c5426550	0x141714768	NavMeshMoveToAction
0x5ec9e32b8ec3f280	0x1416f2ab8	NavMeshOccupant
0x184b3df67865b279	0x141c47748	NearGrabbableSurface
0x9faa3af104848c39	0x141c4b378	NearestOnly
0xe21a27e25e592463	0x1416fd1c0	NeedsActorData
0xa702464af7a22cd1	0x1416fd9f8	NeverPullFromPhysics
0x0d75b94933d0dccc	0x141c90698	NoAlignment
0xc7e23b4f89137e33	0x14171da48	NoD3D11Device
0xc7e13b4f89137e33	0x141c37eb0	NoD3D12Device
0xf3b3dcf6b9e3c03c	0x141cd7628	NoInterpolationAnimTrigger
0xbe3c73e653c018d9	0x1416fd7b8	NoSMUpdate
0x6e85b24ce416f4e1	0x1416fda38	NoWarpDuringTranslate
0x0d227020f0da4f00	0x141cea3c8	NodeIDToActorExpression
0x8d72b1261af80353	0x141c4ba48	NonCombatantTeam
0xc8c33e48347c10b5	0x1416f18a8	None
0x41d2c932082e0612	0x141716d10	Normal
0x38e286002cf68368	0x141cdfdc0	Norweign
0x2fd99a924e7553da	0x141cd3288	Numpad0
0x2fd99a924e7553db	0x141cd32a0	Numpad1
0x2fd99a924e7553d8	0x141cd32b8	Numpad2
0x2fd99a924e7553d9	0x141cd32d0	Numpad3
0x2fd99a924e7553de	0x141cd32e8	Numpad4
0x2fd99a924e7553df	0x141cd3300	Numpad5
0x2fd99a924e7553dc	0x141cd3318	Numpad6
0x2fd99a924e7553dd	0x141cd3330	Numpad7
0x2fd99a924e7553d2	0x141cd3348	Numpad8
0x2fd99a924e7553d3	0x141cd3360	Numpad9
0x7ce69aeca4b2a2d4	0x141cd3228	NumpadAdd
0x8927f8e0652d289d	0x141cd31c8	NumpadDivide
0x0c7e8a5230c1c3e8	0x141cd3248	NumpadEnter
0x19c87cfba72484f3	0x141cd31a8	NumpadLock
0x5ad676ff4700df9d	0x141cd31e8	NumpadMultiply
0x8927ecec612d239c	0x141cd3268	NumpadPeriod
0x44d678ff5c11d090	0x141cd3208	NumpadSubtract
0xd1d52cf94503a849	0x141cd2c70	O
0xc8e8d0b1a89ff4f8	0x1416d0f00	OVR
0x6e178552ecf712e4	0x14171dbe0	OVRD3DFail
0x009d0cdb433f2e54	0x14171e110	OVREntitlementFail
0x06aae632d0c1a680	0x14171e138	OVRInitFail
0xe5109d9abe6c1ed4	0x14171de18	OVRLoggedInUserFail
0x78cd1213008a0a88	0x14171dcd0	OVRPlatformInitFail
0x40b8a9bdec2d23bf	0x141716d28	Objective
0xea09245d4aaec238	0x141c4a1e8	ObjectiveActsAsMarker
0x5b7d20b796a5929e	0x141c8a5b0	Objective_Icon
0xb58b286dc84733ac	0x141c8a820	Objective_Icon_clipped
0xcf1e371d62a41ba2	0x1416f2ad8	OccluderMesh
0xf9a77c39836aaaaa	0x1416eeef8	OcclusionCull
0xe9ba7d6213900be8	0x141ccf370	OffScreenRequired
0xc9109d48e6c9426e	0x141cb7fd0	OnServerUISettingChanged
0x3120ca327e9d02a0	0x141cd2f58	OpenBracket
0xcddf37be457719af	0x141ce85a8	OpenHyperlinkNode
0x17de0a354b275867	0x141ce7bb8	OpenSoundPortalNode
0x41d2c82f1b2d001b	0x1416e27c0	Orange
0x4f07961b3c61deb0	0x141cf6a60	OrangeGP1GrabPoint
0x7066d5fec4cea442	0x141cf6aa8	OrangeGP2GrabPoint
0x654614a26cab8dec	0x141cf6af0	OrangeGP3GrabPoint
0x0918c51b21a79c92	0x141cf69b8	OrangeGoalRimGrabPoint
0xf4dbd55642852880	0x141cf6a08	OrangeGoalRimGrabPointCenter
0x89358459123ed0ec	0x141cf6b38	OrangePostup
0xd079481e9cad574d	0x141c4b9b8	OrangeTeam
0xccf8aa33abbfbeff	0x141cdabf0	OrbitCamera
0x313922db6da89349	0x141cdac60	OrbitCameraConfig
0x5cdaa0d5e5bab369	0x141701c28	OrientAlongSpline
0x0194cd235bbcefa2	0x1416fe350	OrientTarget
0xe7c0e55c9fb78d1e	0x14170ede8	Orientation
0x301beeec1e9c2951	0x141ced4a8	Outline.channel0fade
0x5046a908b7d61593	0x141cf3f10	OutlineParams
0xa3fb9ab84efc01e4	0x1416f2af8	OutputComponent
0x86cc6a652e6654f9	0x141ce78e0	OutputTaggedActorsToListNode
0x8ffd7dec2bda5a88	0x141cea840	OutputValueExpression
0x2fd89a8b4d7d538f	0x141c7c220	Outside
0x5044fea7e545c3a9	0x141c45630	OverrideCanMove
0xa110b514b7684113	0x141ce7f10	OverrideColorMaskNode
0xf946a6c328b33343	0x141c45690	OverrideMass
0xa0b78d52fbacb4c4	0x14171e078	OverrideMaterialActor
0xd1d52cf94503a856	0x141cd2c88	P
0x96551986144337be	0x1416fd190	PIECompliant
0xc8e8d0b1a880f1e4	0x1416d0ed0	PSN
0x26ec93122df09368	0x141cd3128	PageDown
0x41d2d73c1d26120e	0x141cd3110	PageUp
0xb27851aa3111fc34	0x1416f2b40	ParticleEffect
0xa8ec4b620174d745	0x141ce8b60	ParticleEffectKillParticlesNode
0x51207d3bc216c5f3	0x141ce8b90	ParticleEffectSetHiddenNode
0x7217666d05cc5d77	0x141ce8bf0	ParticleEffectSetReal2Node
0x7217666c05cc5d77	0x141ce8c20	ParticleEffectSetReal3Node
0x7217666b05cc5d77	0x141ce8c50	ParticleEffectSetReal4Node
0x4d78aa7f63df56c3	0x141ce8bc0	ParticleEffectSetRealNode
0x20d95c98c837e597	0x1416f2b60	ParticleForce
0xf92d34010965650a	0x141ceb1b8	ParticleForceHeightExpression
0x6ef19f5910a7f024	0x141ceb218	ParticleForceKillRadiusExpression
0xb957519b85199bcc	0x141ceb250	ParticleForceMagnitudeExpression
0x7a3640eb2ba654e2	0x141ceb1e8	ParticleForceRadiusExpression
0x3bd434406c313727	0x141ce8c80	ParticleForceSetHeightNode
0x646ff37b4e1ccceb	0x141ce8ce0	ParticleForceSetKillRadiusNode
0x592c4ed5cda089df	0x141ce8d10	ParticleForceSetMagnitudeNode
0x71102bcda88db855	0x141ce8cb0	ParticleForceSetRadiusNode
0x5dc6ed0715f676ab	0x141714600	ParticleLifeScale
0xb27847af3618fa38	0x1417146a8	ParticleScaleX
0xb27847af3618fa39	0x1417146c8	ParticleScaleY
0xb27847af3618fa3a	0x1417146e8	ParticleScaleZ
0x44d65e05228c5c27	0x141ce8a08	ParticleSetAlphaScaleNode
0x3ef8b682a98036e9	0x141ce89d8	ParticleSetColorScaleNode
0x39b66e7fd9c9af83	0x141ce8a38	ParticleSetEmissionRateScaleNode
0x19e8250010781261	0x141ce8a70	ParticleSetEmitterScaleNode
0x0f1ed200a0a6ac3f	0x141ce8ad0	ParticleSetForceScaleNode
0xecd4f79c28f19973	0x141ce8b30	ParticleSetLifeScaleNode
0x037ac11fb84c8849	0x141ce8b00	ParticleSetLocalForceScaleNode
0xb3fd5feb6c1476bf	0x141ce8aa0	ParticleSetParticleScaleNode
0x8d523f6e13e104ef	0x1416f2b80	PathFollow
0x2fc78e8b567d598d	0x1416f2ba0	Pathing
0xe32dc7cad89a57b5	0x141cd2ec0	Pause
0x18821968b57f0e65	0x141ce6820	PauseAnimLayerNode
0x2fc78e86527b568e	0x141cb4040	Payload
0x41d2d738082a081a	0x141cd3048	Period
0xf266956bc4c43889	0x141cd8008	PersistentCamera
0xfcea62060ac06d40	0x141cdc870	PhaseTransAnimTrigger
0x4780ea59f6f1e166	0x141c8ba08	Physics:Animated
0x5b582cf017d94d68	0x141c8b930	Physics:CharacterDriver
0xd1996b3ef3c76330	0x141c8b9b8	Physics:Container
0x8992c3394b9cff25	0x141c8bac8	Physics:Fury
0x56119fe7313c7569	0x141c8b998	Physics:NPC
0x9c0b6da66426e6b4	0x141c8b978	Physics:Player
0x8992c3395d9be22c	0x141c8b958	Physics:Prop
0x6804140472b25c87	0x141c8ba30	Physics:Scannable
0x45a5daf09cfe9eb4	0x141c8ba80	Physics:ScanningTool
0x60b098af3ff71059	0x141c8b9e0	Physics:SocketableItem
0x4fc0043b4e00935f	0x141c8baa8	Physics:Spore
0x528be259f5e9f167	0x141c8bb08	Physics:TeamBlue
0xe5c5482a56a3f63c	0x141c8bae8	Physics:TeamRed
0x38e59cc165fea4fd	0x141c8ba58	Physics:TriggerEvents
0x703b6c9e1cdd1bf6	0x141ce9e40	PhysicsBoundingBoxExpression
0x10256f8096788a7c	0x141ce9e70	PhysicsBoundingSphereExpression
0xcc12971780a0571f	0x141ce8960	PhysicsClearAnimVsSimBlendNode
0xa16be54d6ac61d98	0x141ce9c68	PhysicsExpression
0xd9476f939a938fa0	0x141ceb188	PhysicsIsDynamicExpression
0x396d8680af35ac62	0x141c4a010	PhysicsPlugCanMoveSocket
0x5c0f87cedf912469	0x141ce8928	PhysicsSetAnimVsSimBlendPercentNode
0x952ab89621aaa453	0x141ce82c0	PhysicsSetCannotSleepNode
0x155b5c21e7fbb235	0x141ce6a40	PhysicsSetLocalAngularVelocityNode
0xce415eaff40c3b8b	0x141ce69e0	PhysicsSetLocalVelocityNode
0x5b7e1a3f6923604d	0x141ce8298	PhysicsSetScaleNode
0x92cc37404f5b9ca7	0x141ce6a78	PhysicsSetWorldAngularVelocityNode
0x9a235d2282274053	0x141ce6a10	PhysicsSetWorldVelocityNode
0xec586c5f462338df	0x141c47db8	PhysicsSmoothing
0x4aaa39cadae09201	0x141ce6f68	PhysicsWarpInPlaceNode
0x41d2d7311b32121b	0x141c8a490	Plaque
0x44bfa1e0ee964273	0x141c4a2e8	PlaqueOnly
0xfd5fee8be10565d2	0x141c8a6b8	Plaque_clipped
0xe2821ac0e8dc978c	0x1416f2bb8	PlatformComponent
0x41e1b7cfa0889c85	0x141ce8e70	PlatformSetDirectionNode
0xa66d48333e9f1cc1	0x141ce8ea0	PlatformSetSpeedNode
0x9cb3a59cba04f6ff	0x141ce8e48	PlatformSetTNode
0xc8c33e482a7f1fa9	0x141cbc540	Play
0x94038f86eaaaeefd	0x141ce6848	PlayAnimationNode
0x95786ff3cb2906d1	0x141ce6870	PlayAnimationNonblockingNode
0x150664d240696567	0x141ce88d0	PlayDialogueAnimationNode
0x1700a13e50873d2d	0x141ce88a8	PlayDialogueNode
0x2e1112358be8417d	0x141ce7310	PlayDialogueSceneNode
0x51d4c22baf47c5fe	0x141cdc7f0	PlaySoundAnimTrigger
0x40f68f80b718e473	0x141ce68a0	PlaySoundNode
0x41d2d7311b3a020c	0x141c92e98	Player
0x0d99da1cfed41056	0x1416fe5f8	PlayerCollision
0xcc9cfa73d1e4e85c	0x1416f2c00	PlayerInput
0xcc9cfa69d0faf151	0x141c4b3d8	PlayersOnly
0x41d2d7310f240e10	0x1416f18e8	Plugin
0xe32dc7cad6864aa4	0x141c45e18	Point
0xad18659ca1de1e48	0x141cf7028	PointConnection
0xbd8591fa6bc9c906	0x141ce9f90	PointInConeExpression
0x8f583bec3c3bbfb0	0x141ce9fb8	PointInVolumeExpression
0x41d2d732162a1416	0x141cdfd90	Polish
0x26cd0ea19e96ba81	0x141c47a60	PooledDampening
0x7ef08802b4b6365b	0x141ce77b8	PopScriptStateNode
0xb1c330f7c1fb96ee	0x141cdfe60	PortugueseBR
0xb1c330f7c1fb91e9	0x141cdfd58	PortugueseEU
0x26e2871e3df68b68	0x14170ee08	Position
0x404426d1df7a35c5	0x141cdb0f0	PositionBlendCamera
0x0b06c21f0cf0237c	0x141714298	PostRenderGlobal
0x2b51cb000c21efd1	0x1417140f8	PostUpdate
0x41d2d7320937120e	0x141cf6b58	Postup
0x6f631bba2b15650c	0x141cd2558	Pressure0
0x6f631bba2b15650d	0x141cd25f0	Pressure1
0x6f631bba2b15650e	0x141cd2688	Pressure2
0x6f631bba2b15650f	0x141cd2720	Pressure3
0x6f631bba2b156508	0x141cd27b8	Pressure4
0x6f631bba2b156509	0x141cd2850	Pressure5
0x6f631bba2b15650a	0x141cd28e8	Pressure6
0x6f631bba2b15650b	0x141cd2980	Pressure7
0x6f631bba2b156504	0x141cd2a18	Pressure8
0x2fc79d9653754593	0x1416fe938	Primary
0x1f472c2ae06e1299	0x141c4a118	PrimaryCandidate
0xcd018eab4f1d3aa4	0x141cea3f0	PrintActorExpression
0x4442c97f73638c14	0x141dc15a0	PrintFlagExpression
0x7c2eb689d528b9e6	0x141dc15c8	PrintIntExpression
0xa9f7dfe874c8ae84	0x141dc1618	PrintReal2Expression
0xba99596ba251e8e6	0x141dc1640	PrintReal3Expression
0xd7b009bc2bfa1266	0x141dc1668	PrintReal4Expression
0x7bfcafea58f1a38a	0x141dc15f0	PrintRealExpression
0x1430710556ac941e	0x141cd2e80	PrintScreen
0x0a24d49ad7faaba4	0x141dc1690	PrintStringExpression
0x4eadc14654043626	0x141dc16b8	PrintSymbolExpression
0xa2f117a602943964	0x141c2d608	Procedural_DirectionLight
0x13228c59aa673752	0x141c30768	Procedural_DynamicMesh
0x7ea0826e61398f3a	0x141c308e8	Procedural_DynamicVB
0x8de6b4e6d6359c93	0x141c30b70	Procedural_FS
0x598e3407aa8ab914	0x141c2d5e0	Procedural_PointLight
0x12bc01e263a25f9a	0x141c2d638	Procedural_SpotLight
0x351677df236b49a5	0x141c37788	Procedural_Sprite
0x7f1c82cfd1fb8e4e	0x141c2d660	Procedural_VolumeLight
0x9e6ee9d90ffca4e3	0x141ce7a08	PromoteZoneNode
0x2435308571601422	0x141c49210	PropCollision
0xeb791fcdb5ea5300	0x141c44908	PushOffLeft
0x702285e6baebe13e	0x141c44948	PushOffLeftNoVR
0x4fc3e2d5b789305a	0x141c44928	PushOffRight
0x32f6436cca237d9e	0x141c44968	PushOffRightNoVR
0xad7397a48b404cc3	0x141ce7790	PushScriptStateNode
0x92a4d116e0cb7cfb	0x141cb8310	PushToTalk
0xd1d52cf94503a857	0x141cd2ca0	Q
0x41d2d6281f36021a	0x1416d80a0	QUEUED
0xd1d52cf94503a854	0x141cd2cb8	R
0x817f82d473d45fd6	0x141c45b18	R14Acknowledgement
0x71b53036fd06720b	0x141c45160	R14ApproxPhysicsSim
0x7df893208ce2b9f1	0x141c45b40	R14AreaDialogue
0x39bfe493754c8e37	0x141c45b88	R14AtmosphereChange
0x458961469c3d77e5	0x1416d1570	R14BatteryPack
0x2fc5decb5c7b5393	0x1416d7018	R14Body
0x7a8046009a26458d	0x1416e1680	R14Bounce
0xf5574a730bbb0428	0x141c45bb0	R14ButtonInteract
0x9eefff46ef778e3a	0x141c45bd8	R14Collision
0xa20dbfcffdce223c	0x141c45bf8	R14ContactTracker
0x83e6f746e86d943d	0x141c45c20	R14CreditsUI
0xf610fa0f4319c3c4	0x141c45c88	R14CutterTool
0xc5bc8612962d79da	0x141c45ca8	R14Dampener
0x2fc5decb5a75459e	0x141c45d08	R14Dart
0xb6f96d2e003b2ec3	0x141c45d20	R14DialoguePOI
0x185d90dfbc590ddb	0x141c8a910	R14DockToView
0x2fc5decb5878568d	0x1416d7638	R14Flag
0xc7b18a0591226fcd	0x1416d76b0	R14FlagBase
0x84c65832f0b8b181	0x1416d7700	R14Frisbee
0xd8036451c1a12491	0x141c43f68	R14FutureCuttable
0x60fa1b42f4285bfc	0x141c45e30	R14GestureTarget
0x3a119cacb2ba984d	0x141c45ce8	R14GripSurface
0xdd4fd63ffb38c71a	0x141c45e58	R14HandAnimator
0x8db1d026050ec721	0x141c45e78	R14HandGestureOverride
0xc9b88a069f2c73c3	0x141c45ea0	R14Headlook
0xb730535e851d6874	0x141c45ee8	R14HoloArcInteract
0x6d249fac85918a5c	0x141c45f10	R14HoloControlPanelInteract
0xc5739d6051c11422	0x141c45f40	R14HoloHoldInteract
0xf596ff9656bc057c	0x141c45f68	R14HoloJunctionInteract
0x58af01befa6a91a2	0x141c45f90	R14HoloRingsInteract
0x2fc5decb56614481	0x141c45fb8	R14Husk
0xc4d6b10c5e18414d	0x141c45188	R14ImpulseToHand2Way2HandTouchType
0x33ff1b619b815973	0x141c451c0	R14ImpulseToHand2WayTouchType
0x82a3eb45e149376d	0x141c451f0	R14ImpulseToHandTouchType
0xe7572d40700eae8b	0x141c45cc8	R14InAtmosphere
0xafd166c8f0bbc182	0x141c99e20	R14InAtmosphereExpression
0x755060d6234b3c0e	0x141c45fd0	R14InductionSliderInteract
0xcdfa89255a7973a8	0x141c46000	R14InductionTouchInteract
0xa64cda331550937a	0x141c46030	R14InputPointer
0xecc99fe33f65a49c	0x141c45ec0	R14InteractOutput
0xa896e1a28058dc9a	0x141c46050	R14JunctionTouchInteract
0xaf5d6e5f8471aa2a	0x141c46080	R14KillCondition
0x84cb4337efacbb88	0x141c460a8	R14KillVol
0x4a9e4369eef6a1dc	0x141c460c8	R14LevelTouchInteract
0x9a6f1e833b500bca	0x141c460f0	R14LinearConstraintTouchInteract
0x4ad53d01e64018a4	0x141c43f90	R14LinearPositionConstraint
0xe7c46ac87711807e	0x141c46128	R14MenuControllerModel
0xaa8a3ea7132a9850	0x141c46150	R14MenuPlayer
0xcfb89f03903773da	0x1416d7058	R14NetActor
0x7a804a0a9b2a499c	0x1416d70c0	R14NetBot
0x48037cde0e07c1b2	0x141c46a00	R14NetBullet
0x8ffc7842e699f3e2	0x141c469e0	R14NetBullet2
0xc9dc08cfc2f5920f	0x1416d9a58	R14NetDamageable
0x4c5486e56cb29c7c	0x141c46a40	R14NetDebugInputRecorder
0xfd0fd89845daed36	0x141c46a70	R14NetDynamicCover
0xb30a3d5c7e4e35dc	0x141c46ac0	R14NetExplosion
0x8ff97f4be49de3b5	0x141c46b30	R14NetGrenade
0x7a804a0a9b2f5386	0x141c468f0	R14NetGun
0x84ce4f2fe4afbad6	0x141c469c0	R14NetGun2
0xb1fda2a83f3debd1	0x1416d9ad8	R14NetHealBubble
0xfe890df455e0f3f8	0x141c46b50	R14NetHealBubbleTarget
0x0674c94e23c6da6d	0x141c46be0	R14NetLeaderboardUI
0xd5b9a165827d6823	0x1416d70a0	R14NetMagazine
0x5635e33f931ac558	0x1416d9b00	R14NetMagazinePouch
0x8fee6557f995e4a3	0x1416d7618	R14NetPhysics
0xca14940c84b03f6e	0x1416d9b28	R14NetPlayerEquipment
0xcfb89f12862d7fc0	0x1416d2670	R14NetPunch
0x8dbbe870dff5deb5	0x1416d9bc8	R14NetPunchable
0x56e237cfe345ffb5	0x141c46ca8	R14NetRemoteVolumeQuery
0x48036dce0c18cbb4	0x141c46d20	R14NetSensor
0x48036dc40100c1b2	0x141c46d90	R14NetSocket
0x400f810e5627a423	0x141c46d68	R14NetSocketPlug
0x66845d16a79233bd	0x1416d8008	R14NetSpectatorCamera
0xb36222d699682218	0x141c46db0	R14NetTeleportGroup
0xf56c332096f4997d	0x141c46df8	R14NetTimeBubble
0xd669c4681ba186d0	0x1416d7650	R14NetTouchInteract
0x089a8585793d333a	0x141c46e98	R14NetVoipBroadcaster
0x7a06e9e827234eb0	0x1416d9df0	R14NetVoipReceiver
0xea84b2b032e1d6b0	0x141c45220	R14NoLinearVelocityUntilTouched
0xf32e9db34293296e	0x141c461b0	R14ObjectiveTracker
0xe6021474b1901827	0x141c45250	R14OrientWithHandAroundAxisTouchType
0x768a94dea90febc4	0x141c43fc0	R14OrientationConstraint
0x70340df290571652	0x141c45da0	R14ParentedConstraint
0xd1b18a16952c6ec5	0x141c461f8	R14Platform
0xa0f1c26fe59a20d4	0x1416d9e60	R14PlayerBroadcaster
0x559be58a8eb1033c	0x1416d0e68	R14PlayerNav
0xaa24afdefeacf03f	0x141c93120	R14PlayerNavCS
0x394234125428f97c	0x141c46280	R14PointScanComponent
0x1838bcca77b80e89	0x141c462a8	R14PointScanOverride
0xd57039879cedefc4	0x141c462d0	R14PositionConstraint
0xe74a0c7b070eb046	0x141c462f8	R14PowerComponent
0xaee30ce8a69aa906	0x141c46320	R14PowerFieldSensor
0xc7165de4480fd707	0x141c89ed8	R14PowerSource
0x4b95ec8692af173e	0x141c463e0	R14PropInput
0x0e2cb92839992bf0	0x141c46400	R14Radiation
0x77275842dc8b00ac	0x141c46420	R14RadiationReadout
0x7726554add8811ab	0x1416d1590	R14RadiationShields
0x84d24b3ce7b5b888	0x141c46448	R14Ragdoll
0x999d680b6b01b67e	0x1416d9e40	R14RemotePlayer
0x1d9528636d78586c	0x141c45dc8	R14RigidAttachConstraint
0x002bbb2c399d25f0	0x141c46468	R14RocketMan
0x9094bb088aa8b1e2	0x141c43ff0	R14RotationConstraint
0x7a80561a822a4a8d	0x1416d0e88	R14Rumble
0xa9383c2b1ca34680	0x141c46488	R14ScanningTool
0x7a805703862c439a	0x141c464d0	R14Slider
0xd76d94c01c800834	0x141c464f0	R14SmoothAttacher
0x4534cfe5b9c5e174	0x141c46518	R14SnapshotTool
0x7a8057008c23439c	0x141c46558	R14Socket
0x3e9bed65284dc2c9	0x141c46538	R14SocketPlug
0x03534276f16b8c3c	0x1416d15b8	R14SpawnPoint
0x48792e387629a705	0x141c46578	R14StandardPOI
0x190f39ffaa917ca6	0x141c46598	R14StaticArtTouchInteract
0x7a80571b862b4d91	0x141c45df8	R14Sticky
0x7c949dfd5dc13065	0x141c465c8	R14StickySurface
0xd2a4850194317dca	0x141c465f0	R14SyncGrab
0x41d2d56c4e370619	0x141c46748	R14Tag
0x6244fb805e6c2a78	0x141c46760	R14TestMirror
0x7a8050079d3d559c	0x141c467a0	R14Thrust
0x79c4c01eeed15dcd	0x141c45c68	R14ToolAbility
0xe4e954cfa69aff02	0x141c45c40	R14ToolAbilityManager
0x7c863d4d8ac8b5e3	0x141c467c0	R14TouchAnimBlenders
0x2e40131422f7b1fc	0x141c44d68	R14TouchInteract
0x65b4d1a323021dd7	0x141c45288	R14TranslateToHandTouchType
0x7aa13faba3c15eb0	0x141c468d0	R14VRMenuWidget
0x6c4b051ef695bf04	0x141c99b40	R15AIDifficultiesExpression
0x86fd7dc808d9da88	0x141c99b70	R15AIDifficultyIdExpression
0xbb38bbe7a959f077	0x141c95fe8	R15ActivateToolNode
0x0d1e01d25ca72326	0x141c99918	R15ActivePOIExpression
0xa903227e7f74f82c	0x141c99bd8	R15ActivePowerExpression
0x3c5858a724033b0a	0x141c99508	R15ActorCollisionNormalExpression
0x9485a04716027372	0x141c994d0	R15ActorPointOfCollisionExpression
0x1c2fa937b0287525	0x141c96010	R15AddObjectiveToComputerNode
0xc47c02ddbf3237b1	0x141c96d60	R15AdvancedLockIKNode
0x72a184b4efa3b12b	0x141c974d0	R15AlignmentSwitchNode
0x93024bcf1a1bb3ef	0x141c96040	R15ApplyVelocityTowardPlayerNode
0x981c7f87229ced53	0x141c974a0	R15ArmComputerClearDialogsNode
0x1154fb34027cf525	0x141c97470	R15ArmComputerCloseDialogNode
0xea067b408c6b8775	0x141c97440	R15ArmComputerOpenDialogNode
0x0dabf147b799dbb5	0x141c45b60	R15ArmComputerSystem
0x760905620671b370	0x141c99ba0	R15ArmComputerTopDialogExpression
0x9d824c5aa82c4de2	0x141c98d90	R15ArmsExpression
0x1996445e7011c8c4	0x141c43f40	R15AudioListener
0xd272e6ae5df69d65	0x141c96078	R15BatteryTransferNode
0x065c9890a054731c	0x1416d2248	R15BattlePassIconBehavior
0x1ef704dc4d722522	0x1416d1990	R15BattlePassScrollableElementBehavior
0x8de7da8c1710db16	0x1416d1b68	R15BattlePassTierProgressBarBehavior
0x7ce28c52d042462b	0x141c97778	R15BattlePassTierProgressBarSetTierNode
0x118b90c9744d51dc	0x141c998e8	R15ButtonInteractExpression
0xf884c517ee3211d3	0x141c97b08	R15ButtonInteractSetDebugColorNode
0xfcc19c7c7e1d793f	0x141c97b40	R15ButtonInteractSetLockedDownNode
0x80b6a8aefd0c7aa8	0x141c98e60	R15CameraLookingAtActorExpression
0xe78300b9bbeffb4c	0x141c98410	R15CameraLookingAtShapeExpression
0xf7c8301675d7b359	0x141c97740	R15ChangePointerInteractStateNode
0x1ba2c11733e1532b	0x141c960a0	R15CheckpointNode
0x9d154e679f62cba0	0x141c994a0	R15CinObjectiveExpression
0xf18144f0670bedec	0x141c99dc0	R15CollisionNormalExpression
0x0d569c304c63962c	0x141c99df0	R15CollisionPointExpression
0xedba922a750bbf4c	0x141c99308	R15CreepFXExpression
0x78a8cdba4770bcd4	0x141cc44e0	R15CurrentHealthExpression
0x398dafe684fb85e0	0x141c99c08	R15CurrentPowerExpression
0x869f5db6e184a8a6	0x141c99a40	R15CurrentRadiationExpression
0x783295e201d74268	0x141c99d88	R15CurrentRadiationShieldsExpression
0x787b2035588a33ea	0x141cc45f8	R15CurrentShieldExpression
0x4ca39a2c410c629c	0x141c98760	R15CustomizationElementItemExpression
0x521bc196ac8d967c	0x1416d1d50	R15CustomizationEquippedHighlightBehavior
0xa53ed8a321cb9320	0x1416d1e90	R15CustomizationItemLockBehavior
0x84334c58bb9da1c4	0x1416d22e0	R15CustomizationItemTypeNotificationBehavior
0xea3a141d50daede8	0x1416d1f30	R15CustomizationSFXProgressBehavior
0xa21e3c29bae274b2	0x141c98800	R15CustomizationSFXProgressBehaviorExpression
0xaac3c4fd643ff5b0	0x1416d1ca8	R15CustomizationScrollableElementBehavior
0x89c6311478b8a9ee	0x1416d1c08	R15CustomizationScrollablePageBehavior
0x54c7726bf54aa61a	0x1416d2068	R15CustomizationTitlePreviewBehavior
0xa2c5c8bbaca684c9	0x141cc4d08	R15DamageableRespawnNode
0xc6bfa8a434370db0	0x141c99c98	R15DampeningExpression
0x684223feb564f6a1	0x141c960f0	R15DeathLimbSwitchNode
0xab47298c428360ed	0x141c96118	R15DeathReasonSwitchNode
0x19162d842ff33981	0x141c980c0	R15DetachStickyNode
0x9fe1999e208b57ea	0x141c99208	R15DetectedThrownNearObjectActorNameExpression
0x85e980ab93aa277c	0x141c99190	R15DetectedThrownObjectActorGameSpaceExpression
0x29354a8626be119c	0x141c99540	R15DetectedThrownObjectActorNameExpression
0x13272ac0ab36c7b6	0x141c99250	R15DetectedThrownObjectNearActorGameSpaceExpression
0x93f99eb7c10e9c0c	0x141c997b0	R15DialoguePOIExpression
0x2c90ad3de5da3859	0x141c978a8	R15DialoguePOISetRequireInVolumesNode
0xcb2d87778a02ec09	0x141c978e0	R15DialoguePOISetRequireLOSNode
0xd9f5c075e141b277	0x141c97878	R15DialoguePOISetTextNode
0xc05481c5b5b576a7	0x141c96bd0	R15DisableThumbStickAnimNode
0x3d103f7671d2fd72	0x141c99c60	R15DiscreteDrainAmountExpression
0xc0b84e11deccd68e	0x141c98448	R15DiscreteDrainPowerExpression
0x0fdbb5bc83b8ada2	0x141c997e0	R15DistanceFromNearestHandToJointExpression
0xd21d340176845a2e	0x141c989e8	R15DistanceToCameraExpression
0x0b33165c6ac04bb9	0x141c45d40	R15DockToView
0xd50027525038ec0a	0x1416d21b0	R15DynLoadTextureBehavior
0x0b92a88648df59c9	0x141c96148	R15DynLoadTextureBehaviorNode
0xfd34e2d18b48d273	0x141c45d60	R15EchoPathing
0x5d0e25aa200d2015	0x141c972f8	R15EchoPathingForceStopNode
0xefe7a55edebae6b6	0x1416d7038	R15EchoUnit
0x07478a146f3d21d5	0x141c972c8	R15EchoUnitSetVelocityNode
0x049959f49b4be296	0x1416d18f8	R15ElementAnimationBehavior
0x11aaf1d7455cf8bf	0x141c97248	R15EnableComponentGhostNode
0xdfd125eff2911d2d	0x141c98090	R15EnableDefaultUpdateNode
0x6810532f53f26feb	0x141c961f0	R15EnableGrabNode
0x3b7cd610c1b4c111	0x141c96178	R15EnableHeadlookNode
0x33e9732400f33573	0x141c97a88	R15EnableHeraldItemEmissiveNode
0x4af9b31f170336d9	0x141c961a0	R15EnableInputNode
0x40eb0ea0d0d40f55	0x141c960c8	R15EnableKillVolumeNode
0xba76a12e28dda6ef	0x141c961c8	R15EnableMovementNode
0x77a77afc6a822543	0x141cc4c08	R15EnableNetSocketLinksNode
0x435fa4366fd437a5	0x141c970e0	R15EnableObjectiveAssociationNode
0x78ebbbc80a5f1545	0x141c96218	R15EnablePOIEventNode
0x56ff600f2244595d	0x141c98168	R15EnablePlayerCameraNode
0x453d8c83a8196749	0x141c98138	R15EnablePlayerOutlineNode
0xd085c03fa9a095e1	0x141c96a68	R15EnableScoringNode
0x3501fe2f6785661f	0x141c96240	R15EnableSocketLinksNode
0x724d06fc1ed9d710	0x141cc2a58	R15EquipmentUIExpression
0xece5ae54c5bbeba7	0x141c97278	R15FaceNode
0x7a81420e8c21488f	0x141c45d80	R15Facing
0x02fbb7f8c1dd851c	0x141c99848	R15FlagBaseExpression
0x76e10cd5b436f412	0x141c99870	R15FlagExpression
0x5197da45c571be57	0x141cc6fc0	R15FollowPlayerSetOrbitNode
0x06b370be35dba019	0x141c98110	R15ForceBrakeNode
0xd3132b7e087029c5	0x141c96e28	R15ForceHoldReleaseNode
0x7b235c5fcfcc737c	0x141cc1cf8	R15FrisbeeExpression
0x49863b4bb86ee167	0x141c98230	R15FrisbeeSetLightColorNode
0x86f58e1a0f41006b	0x141c98260	R15FrisbeeSetLightIntensityNode
0x191671dcc50d9750	0x141c98a18	R15FutureCuttableBodiesAreAttachedExpression
0xe23a7161804b0418	0x141c98a58	R15FutureCuttableBodyIsAttachedExpression
0x1407fadc355abe60	0x141c99160	R15FutureCuttableExpression
0x1ec3be8902e05f75	0x141c969f0	R15FutureCuttableSetCanCutNode
0xdd2d7c6b2df71742	0x141c99820	R15GameExpression
0x553fadc70058ee2a	0x141c984a0	R15GameSettingsExpression
0x490cce6ef661dab8	0x141c98920	R15GetDefaultBodyEmissivesExpression
0xee190eef0034051c	0x141c999d8	R15GetPlayerHandGestureExpression
0xd8067f15d049b1cc	0x141c984d0	R15GfxSettingsExpression
0x9432d8f2b884045e	0x141cc4688	R15GunSpreadExpression
0xf4b8ba59529fdbc8	0x141c98bc0	R15HasAutoSaveExpression
0x78347b1067e05fe8	0x141c98a98	R15HasInputFocusExpression
0x0c63e904af586fd2	0x141c98ac8	R15HeadsetConnectedExpression
0xd03fb1b30dba5480	0x141c98af8	R15HeadsetMountedExpression
0x267ec8c86a0fc582	0x141c98b28	R15HeadsetTypeExpression
0x6d4026a379e11880	0x141c98b58	R15HeldObjectActorNodeIdExpression
0xbc084d1a2c52ff8e	0x141c98b90	R15HeldObjectHasTagExpression
0xe2e1bf50c7b0fdbb	0x1416d99b0	R15Heraldry
0x7fb10b7d8a86b726	0x141c989b8	R15HeraldryEmissiveExpression
0xc6a82cec9312a280	0x141c988b8	R15HeraldryTintExpression
0x19b88b8bdc6bb590	0x141c98650	R15HeraldryTitleExpression
0xaf057336155bf8e6	0x141c9a058	R15HoloArcInteractBlenderValueExpression
0x62735508cd23d972	0x141c9a188	R15HoloControlPanelLastTouchedPointExpression
0x1bd1329625b3a450	0x141c9a150	R15HoloControlPanelTargetExpression
0x73fdc78a2f169958	0x141c9a098	R15HoloHoldInteractBlenderValueExpression
0xd3947b855c1f663c	0x141c9a0d8	R15HoloHoldInteractCanProgressExpression
0x0c6a2acb92b20b3b	0x141c97be0	R15HoloHoldInteractSetCanProgressNode
0x0e58f53ac83a23d0	0x141c9a118	R15HoloJunctionNumTargetsExpression
0x6fc08d22d65432a5	0x141c97408	R15IgnoreTeleportRecalibrationNode
0x0ebd0e710c1e81d2	0x141c99e50	R15InteractOutputExpression
0xb0664233efb09abf	0x141c96270	R15InterruptCinObjectiveNode
0x9c689aa3a35240a4	0x141c99388	R15IsActorTargetOfGestureExpression
0xbc6bcb6243c2fb90	0x141c98e28	R15IsAimingScannerAtActorExpression
0x2721e272bd49038a	0x141c98bf0	R15IsAtmoSoundSwitchOnExpression
0x9bf604158e910f30	0x141c98df0	R15IsFiringScannerAtActorExpression
0x6149b90009d08c6c	0x141c99940	R15IsHandGestureOverrideContextSetToNormalExpression
0x68326c4f24084aa2	0x141c99990	R15IsHandGestureOverrideContextSetToRoshamboExpression
0xc11b60844c3015a6	0x141cc46b0	R15IsNetSocketLinkedExpression
0x440577ab92ebf0f8	0x141c98c28	R15IsObjectiveActiveExpression
0x06987605538ce5c6	0x141c98c58	R15IsObjectiveCompleteExpression
0x08097a287971294e	0x141c98c90	R15IsObjectiveMarkerVisibleExpression
0xef33ad2b929fd178	0x141c98e98	R15IsPlayerDyingExpression
0x4a96663bfc8ba168	0x141c98db8	R15IsPlayerGrabbingActorExpression
0xef0fd0e48b8d67e4	0x141c98cc8	R15IsPowerTargetGroupActiveExpression
0xddd06d7ac33d5b7c	0x141c99cf0	R15IsSocketLinkedExpression
0x844ac00876d3323a	0x141c99d20	R15IsSocketPlugLinkedExpression
0x271537a8f2e29802	0x1416d1a30	R15ItemPreviewBehavior
0x7ae7b7531a4486be	0x141c98798	R15ItemPreviewBehaviorExpression
0xf3d60b7c5dd1d907	0x141c97710	R15ItemPreviewSetItemNode
0xf7dcd55b1a52b58c	0x1416d1df8	R15ItemRarityFrameBehavior
0xc3c25e24febc6b86	0x141c99ef0	R15JunctionClosedExpression
0x99405da1d2ab1ce1	0x141c97c18	R15JunctionMoveToOutputNode
0x37f2df13d3cb4549	0x141c962a0	R15KillPlayerNode
0x999b012e266147a4	0x141c98500	R15LayoutFindUIActorExpression
0x2ba9638db93aa193	0x141c96ba0	R15LayoutForwardEventNode
0x4c024380846d080d	0x141cc6428	R15LeaveMPGameNode
0x711e58921fa0fd1d	0x141c97c48	R15LinearConstraintInteractLockToPosNode
0x1f72a7c2e01cbdf1	0x141c97cc8	R15LinearConstraintInteractUnlockNode
0x96c562d8e01d9a5b	0x141c97c88	R15LinearPositionConstraintLockToPosNode
0xdf42a820ed63a859	0x141c97d00	R15LinearPositionConstraintUnlockNode
0xe491797c80afe6ab	0x141cc4c38	R15LinkNetSocketNode
0x83debb4f8d4666fb	0x141c962c8	R15LinkSocketNode
0xbb764b969d7127cd	0x141c96cc0	R15LoadCheckpointNode
0x8d7eecabb5d9d51b	0x141c96ed8	R15LoadGameNode
0x360cc204480bbacb	0x141c96db0	R15LockActivePOINode
0xada11e4317534b0f	0x141c96d40	R15LockIKNode
0x67e499aab9d3e3c8	0x141cc46e0	R15MagazinePouchLastCreatedAliveExpression
0xfcfe2636660a2e92	0x141cc4720	R15MagazinePouchLastCreatedTypeExpression
0x26c0fd3a78f2e10c	0x141cc45d0	R15MaxHealthExpression
0xe5eb22a59c85b132	0x141c99c38	R15MaxPowerExpression
0x87723accbc25bc64	0x141c99f88	R15MaxRadiationShieldsExpression
0x261310b567086e32	0x141cc4628	R15MaxShieldExpression
0xe3c5a9696c91a60c	0x141c99360	R15MenuPlayerExpression
0x1b65ca6c3e7dcee8	0x141c99f20	R15MenuRayLengthExpression
0x6c099bf83a169f5e	0x141c99f50	R15MenuRayUseRightHandExpression
0xe709b5f0eaa6cfaa	0x141c46170	R15MenuTooltip
0x78db394c3f9f5ac3	0x141c97a58	R15MenuTooltipClearTipNode
0xa98adea1baaf18e7	0x141c97a28	R15MenuTooltipSetTipNode
0x4a8d54be2d603efc	0x141c46190	R15MirrorPlayer
0x70148e460f706a74	0x141c99468	R15MostRecentThrownContactExpression
0x51c78cb8fbf6c86b	0x141c962f0	R15MoveLinearConstraintTouchInteractNode
0x45c535e5e0799cfe	0x141cc4980	R15MoverDistanceFromOrigExpression
0x03b3108f3556e636	0x141cc4948	R15MoverDistanceToDestExpression
0x9c91e2d93417aec5	0x1416d7720	R15NetAIThrow
0x09fec4bf751cf10c	0x1416d7740	R15NetAIWaypoint
0xea335499a0d36765	0x141cc59d8	R15NetAbilityCooldownNode
0xfdf5bcdfbf37186f	0x141cc67b8	R15NetActivateExplosionNode
0x2ae608704d4d1ebc	0x141cc3f78	R15NetActiveSocialGroupIdxExpression
0x5355846b81e2fb2c	0x141cc3990	R15NetActorLookupExpression
0xdb9531766e8ad40a	0x141cc20f8	R15NetActorToUserIdExpression
0x900f61296ad83df9	0x141cc5f88	R15NetAddDebugPartyMemberNode
0x473d722418407407	0x141cc5868	R15NetAddFriendNode
0x06d49503952589f1	0x141cc5670	R15NetAddModifierTagNode
0xcc9e89d811bbc952	0x141c46910	R15NetAimAssist
0x1b162fa683688416	0x141cc3798	R15NetAlignmentExpression
0x33a47cd1b3c85bd4	0x141cc2838	R15NetAlignmentsExpression
0x7bffed7ca0d5dd94	0x141cc3b80	R15NetAllGhostedExpression
0x62432195828c5ef5	0x141cc4e08	R15NetApplyItemNode
0x7cc52b144bc521cf	0x141cc4e30	R15NetApplyLoadoutToActorNode
0xc09f2f9744a831bf	0x141cc5a30	R15NetApplyTeamAlignmentSettingsNode
0x48cf074c47891a54	0x141c46930	R15NetAutoTarget
0x4c49f8a1642321a9	0x141cc6f18	R15NetAutoTargetSetBulletDamageNode
0x4a26723e8776a03d	0x141cc6ee0	R15NetAutoTargetSetBulletSpeedNode
0x7b1102bec5dbb20d	0x141cc6f50	R15NetAutoTargetSetFireRateNode
0xa5aec34b8ccd9ab1	0x141cc6f80	R15NetAutoTargetSetMaxTargetDistanceNode
0x5b7d0989990735d0	0x141cc3b50	R15NetBalanceQueryExpression
0x79682648631643b7	0x141c46958	R15NetBalanceSettings
0x999bf0e0d2dd1086	0x141cc4070	R15NetBanReasonCountExpression
0xe3adb95b65fddcae	0x141cc40a0	R15NetBanReasonExpression
0x68c85ece2093878e	0x141cc30f0	R15NetBattlePassBonusesExpression
0xea4e578cec5c43a4	0x141cc2f28	R15NetBattlePassExpression
0xadcfaf758e93ddca	0x141cc2f58	R15NetBattlePassStatsExpression
0x5a2854c37fb8066c	0x141cc2fb8	R15NetBattlePassTierExpression
0x0448a4f18085f42e	0x141cc3020	R15NetBattlePassTierFromItemIdExpression
0x0452f87a615ef562	0x141cc2fe8	R15NetBattlePassTierRewardExpression
0x8e710c2bfba8235b	0x141cc56a0	R15NetBeginLoginNode
0x8cad1fc4e2067237	0x141cc6338	R15NetBeginMultiplayerNode
0x41506cbbd77d9c81	0x141cc5ef0	R15NetBeginOnlineMultiplayerNode
0x7c4e3e7468f68b3c	0x141c46980	R15NetBitField
0xd4baad089b302d7d	0x141cc5a68	R15NetBitFieldSetOwnerNode
0xf8fb59b2df4ff764	0x141cc3540	R15NetBodyTypeToStatGroupExpression
0x95059dff70206c6a	0x141cc3510	R15NetBodyTypesExpression
0x9c92e4c22f11a4c0	0x1416e5bc8	R15NetBooster
0x9c92e4d93d0ba8df	0x141c469a0	R15NetBotAnim
0x56f757199b14841b	0x141cc62a0	R15NetBotDisableAIScenarioNode
0x080fb7f4cf257478	0x141cc34b8	R15NetBotFireHeldExpression
0x07d6eb3b60b0fa5b	0x141cc5f28	R15NetBotSetLookDirectionNode
0xd7423f87047b3069	0x141cc6270	R15NetBotStartAIScenarioNode
0xc7ee76d0ac2cfe58	0x141cc4378	R15NetBulletAlignmentExpression
0xbd97ec2fd8d1119a	0x141cc4870	R15NetBulletCollisionNormalExpression
0x60d1efc080597598	0x141cc48e0	R15NetBulletDamageExpression
0x370b1624a7362e13	0x141cc64b0	R15NetBulletDestroyNode
0x02e67a8dbe5ae652	0x141cc4808	R15NetBulletFiredFromNetworkExpression
0x1c5d2fa4a5f6ee6c	0x141cc2c08	R15NetBulletGunTypeExpression
0x8bd62d32ac149afc	0x141cc43a8	R15NetBulletLastDamageTypeExpression
0xabe2c6b1c8c65016	0x141cc48a8	R15NetBulletMovementDirExpression
0xf8837751b684a885	0x141cc4e60	R15NetCancelMatchNode
0x53300ae1bcf99b89	0x1416e16a0	R15NetCaptureVolume
0xdb41155269a06282	0x141cc36f0	R15NetCaptureVolumeAlignmentConversionTimeExpression
0xc10265525ae7b296	0x141cc4108	R15NetCaptureVolumeClaimingAlignmenExpression
0x8e12b3eeca1e18fe	0x141cc4190	R15NetCaptureVolumeClaimingAlignmentConversionTimeExpression
0xbe33d825fe71b6d0	0x141cc41e0	R15NetCaptureVolumeContestedExpression
0x162e5cd59da77118	0x141cc4148	R15NetCaptureVolumeConversionTimeExpression
0xb7a1d9bc15cfd119	0x141cc6de8	R15NetCaptureVolumeLockNode
0x2910560808d7d310	0x141cc3638	R15NetCaptureVolumeNumClaimsExpression
0x520b388cc0a7ae72	0x141cc3670	R15NetCaptureVolumePossessionExpression
0x1dee45010bcac81f	0x141cc6e48	R15NetCaptureVolumeResetNode
0xb5f0a88f12a9c59f	0x141cc6ea0	R15NetCaptureVolumeSetConversionTimeNode
0xf85102256a3889cf	0x141cc5918	R15NetCaptureVolumeSetPossesionNode
0x7ac7f2d3430fd700	0x141cc36a8	R15NetCaptureVolumeUncontestedClaimExpression
0xffb0c61490670c99	0x141cc6e18	R15NetCaptureVolumeUnlockNode
0xad7a44f83ecdc183	0x141cc5980	R15NetChangeGrabbableNode
0xc74b699ee35b6bbd	0x141cc5728	R15NetChangePhysBodyTypeNode
0xe813bc4ce1c5402f	0x141cc4ed8	R15NetChangeTeamNode
0x58b13a90924f3427	0x141cc8740	R15NetClearProfileNode
0x61b3feae65cf388a	0x141cc8398	R15NetClientProfileExpression
0x5f54a80018155c6e	0x141cc84e0	R15NetClientProfileFlagExpression
0xd583871fa486dfe6	0x141cc8518	R15NetClientProfileIntExpression
0x60eace95338773f0	0x141cc8550	R15NetClientProfileRealExpression
0xda9155a9530f1d0c	0x141cc8588	R15NetClientProfileStringExpression
0x9e184075d0f1808e	0x141cc85c0	R15NetClientProfileSymbolExpression
0x40e4ff44ea6ad776	0x141cc81e8	R15NetClientSettingsExpression
0xd2320cf106a6be5d	0x141cc8218	R15NetClientSettingsFlag
0x890f313194de4616	0x141cc8248	R15NetClientSettingsInt
0xd2320cf112afbe56	0x141cc8270	R15NetClientSettingsReal
0x16f04140a2136cc9	0x141cc82a0	R15NetClientSettingsString
0x16f0414dbd186dc2	0x141cc82d0	R15NetClientSettingsSymbol
0xfa4c2606d23b1f46	0x141cc8790	R15NetConfigExpression
0x40f37d9e9562e1a6	0x141cc87e8	R15NetConfigFlagExpression
0x21952841539c5022	0x141cc8818	R15NetConfigIntExpression
0x7f4d1b0bbef0ce38	0x141cc8848	R15NetConfigRealExpression
0x34e3098f93afdf2d	0x141cc8768	R15NetConfigRequestNode
0x9863b11bcb9ee3fc	0x141cc8878	R15NetConfigStringExpression
0xdceaa4c748607e7e	0x141cc88a8	R15NetConfigSymbolExpression
0x0c6490a7eda2c02c	0x141cc87b8	R15NetConfigTypeExpression
0xaba92234a90a7f39	0x141cc4eb0	R15NetCreateMatchNode
0x1d05489d56f817c7	0x141cc5ec0	R15NetCreateOfflineMatchNode
0x4c0da32366181254	0x141cc3060	R15NetCurrencyExpression
0x0dae2d2cd2326b4e	0x141cc7418	R15NetCurrentDestinationExpression
0xd1ff6d29d085e0d8	0x141cc47a0	R15NetCurrentMagazinesExpression
0x2dd534810ac4407e	0x1416d9a30	R15NetCustomization
0x897c198fc12408ef	0x141cc5c70	R15NetCustomizationMetricsSendNode
0x8af2bf9cc36a359d	0x141cc61b8	R15NetCustomizationOverrideAlignmentNode
0xf42c17ed6b4563c5	0x141cc61f8	R15NetCustomizationOverrideModelTintNode
0x5f8c385dbc13297f	0x141cc5088	R15NetCustomizationPreviewSoundNode
0x4a1c9c48874ba519	0x141cc6188	R15NetDamageableDealDamageNode
0x1856d7e7ec1f4186	0x141cc28d8	R15NetDamageableDequeueLocalHitInfoExpression
0x18fc6c18f529982e	0x141cc3828	R15NetDamageableExpression
0x14f960b7517aa2e9	0x141cc5950	R15NetDamageableHealNode
0xdfc4ca75788575da	0x141cc1dd0	R15NetDamageableHitInfoExpression
0x17ef2f3e78032cbe	0x141cc1e08	R15NetDamageableIsDeadExpression
0x2dbeaf679cc39614	0x141cc4550	R15NetDamageableLastHitBodyPartExpression
0xb389dae4a96b8c44	0x141cc4590	R15NetDamageableLastHitGunTypeExpression
0x99574ec29d609f62	0x141cc4510	R15NetDamageableLastHitShooterExpression
0xdaff7c6e3857407c	0x141cc2918	R15NetDamageableLocalHitInfoExpression
0x09a9a83dafb0bb3c	0x141cc2a88	R15NetDamageablePropertiesExpression
0xf069200da64e17d0	0x141cc4650	R15NetDamageableRegenRateExpression
0xf0ac29e013c59e5f	0x141cc69a0	R15NetDamageableSetCurrentHealthNode
0xdbdfe6f3e33730b9	0x141cc6968	R15NetDamageableSetCurrentShieldNode
0x46ac22d23c690593	0x141c46a20	R15NetDebugDraw
0xd32e80e3b275cc42	0x141cc7450	R15NetDestinationExpression
0xdcbfc5309c929295	0x141cc6c88	R15NetDestroyMagazineNode
0x82d6892a23f32464	0x141cc88d8	R15NetDocumentExpression
0xc1b8143b9916be84	0x141cc8908	R15NetDocumentFlagExpression
0x144ce838b63166f8	0x141cc8938	R15NetDocumentIntExpression
0x58c08ad195711913	0x141cc89c8	R15NetDocumentMarkAsReadNode
0xfc7a2c6c2147e71d	0x141cc89f8	R15NetDocumentRequestNode
0x68291ef1cd177fbd	0x141cc8a28	R15NetDocumentSetTextNode
0xb6be54d102553084	0x141cc8968	R15NetDocumentStringExpression
0xf237410d81abad06	0x141cc8998	R15NetDocumentSymbolExpression
0x5915c96109d229e0	0x141c46a98	R15NetDynamicPoster
0x4292116d4f0f977e	0x141cc3d60	R15NetDynamicPosterCountExpression
0x654a36c7530dcbe2	0x141cc3d28	R15NetDynamicPosterNameExpression
0x31d27b98dafd406d	0x141cc5e28	R15NetDynamicPosterOverrideNode
0x0b214233b520fb3c	0x141cc32f0	R15NetEarlyQuitFeatureFlagExpression
0x301554de38f43654	0x141cc40d0	R15NetEarlyQuitPenaltyExpression
0xac5c052c9b3008ba	0x141cc3328	R15NetEarlyQuitPenaltyLevelCountExpression
0x1754096d63cf20d8	0x141cc3368	R15NetEarlyQuitPenaltyLevelExpression
0x253426e7a8f5b43f	0x141cc53e0	R15NetEnableDiscCurveNode
0x0d616d4c2fce892b	0x141cc53b0	R15NetEnableFriendlyFireNode
0x5e67a0dabc2ca375	0x141cc5350	R15NetEnableMagazinePouchNode
0x0f053bd4848c55e1	0x141cc5be8	R15NetEnablePersonalBubbleNode
0xb7f553180df0a405	0x141cc5838	R15NetEnableSocialFeatureNode
0xe7ee04bd330dc017	0x141cc4e88	R15NetEquipItemNode
0xc9c0fec743468230	0x141cc2338	R15NetEquippedItemExpression
0x0f3c3686c72e2676	0x141cc1d20	R15NetErrorMessageExpression
0x2fd8aec9760d7db5	0x141cc67e8	R15NetExplosionCollectTargetsNode
0x4799a9176812d7c2	0x141cc2b40	R15NetExplosionExpression
0x163a8ca71f18f0a9	0x141cc6ab0	R15NetExplosionSetDamageFalloffExponentNode
0x8dea61c7583a3e37	0x141cc6a80	R15NetExplosionSetFarDamageNode
0x38010a4a4a014417	0x141cc6a10	R15NetExplosionSetFarDamageRadiusNode
0x911a018a479fecdb	0x141cc6bd8	R15NetExplosionSetFarForceImpulseNode
0x9f7f8a0e7081d861	0x141cc6b68	R15NetExplosionSetFarForceRadiusNode
0xf274b84deb7e9011	0x141cc6c10	R15NetExplosionSetForceFalloffExponentNode
0xb32aa9c633f81143	0x141cc6a48	R15NetExplosionSetNearDamageNode
0x0896e8aa8adc991b	0x141cc69d8	R15NetExplosionSetNearDamageRadiusNode
0xa18de36a874231d7	0x141cc6ba0	R15NetExplosionSetNearForceImpulseNode
0x41214ad3aeb19c15	0x141cc6b30	R15NetExplosionSetNearForceRadiusNode
0x1a99644679ec6a0d	0x141cc6af0	R15NetExplosionSetOwnerDamageModifierNode
0x1eb1cec06e367ded	0x141cc6c50	R15NetExplosionSetUseOcclusionNode
0x80273ed2d08d5e97	0x141cc4f00	R15NetFindMatchNode
0x85ce4f2fe5b6b583	0x141cc7318	R15NetFlag
0x586ac175fd52314b	0x141cc6db8	R15NetFlagBaseEnableScoring
0x2492de6ec2b65757	0x141cc6e78	R15NetFlagEnableScoring
0x718d4ef01cc3e962	0x141c46ae0	R15NetFollowPlayer
0x317eddd6ed647cc4	0x141cc7fc0	R15NetFriendExpression
0x3c09b8e8d8515910	0x141cc7f98	R15NetFriendsExpression
0xf78683defabb3322	0x141c46b08	R15NetFrisbeeTrail
0xf41c4c67e3de0153	0x141cc70f0	R15NetFrisbeeTrailSetReal4Node
0x993e022a8336e85a	0x141cc1d78	R15NetGameExpression
0xcb50566dc7d7968e	0x141cc34e8	R15NetGameIdsExpression
0x10e5fead4bd3db72	0x141cc1da0	R15NetGameModeExpression
0x091e94a926f6b60c	0x141cc3d98	R15NetGameReadyToTransitionExpression
0x0f9e0599c0a07e5c	0x141cc3a60	R15NetGameTypeExpression
0x78ffec679e658321	0x141cc5dd8	R15NetGameTypeNode
0x4eb4a9131a960e93	0x141cc5f58	R15NetGetHumanOnlyUsersNode
0xa1f869c35d75dcff	0x141cc5b58	R15NetGhostAllNode
0x794f256175ff883c	0x1416d0df0	R15NetGhostLOD
0xee922fd2fec8ced8	0x141cc3bd8	R15NetGhostLODExpression
0x67590e406709a285	0x141cc5a98	R15NetGhostLODSetUserNode
0xe903d7331aa60a61	0x141cc4f28	R15NetGhostLobbyMemberNode
0x00980fd5757bb54f	0x141cc4f58	R15NetGhostUserNode
0x7fe28596089206fc	0x141cc2bd8	R15NetGoalTypeStringExpression
0x2c51db79dee74d3d	0x141cc6738	R15NetGrenadePullPinNode
0xc066c2a3cd812eb5	0x141cc6768	R15NetGrenadeResetNode
0x549a0bc3919f8f42	0x141cc3fb0	R15NetGroupsChannelIDExpression
0xf097fbc04563d3de	0x141cc42f0	R15NetGunAlignmentExpression
0x4790ff5c8774f535	0x141cc6450	R15NetGunFinalizeDisconnectNode
0x8d343441c2903273	0x141cc4bb8	R15NetGunFireNode
0xd6cee8e600dbc4c5	0x141cc4be0	R15NetGunFireVolumeNode
0x1740c58861282854	0x141cc4470	R15NetGunIsOwnerDeadExpression
0x865f944fe4700cd0	0x141cc4440	R15NetGunLocalOwnerExpression
0xfd2825c3505cac7a	0x141cc3ac0	R15NetGunOwnerExpression
0x65bf7fa2eb14fdb0	0x141cc42c0	R15NetGunOwnerUserIdExpression
0x504817104dffd765	0x141cc6cf0	R15NetGunSetAttachNode
0x60d8c2b478c6568f	0x141cc6cb8	R15NetGunSetSpreadDistributionNode
0xb714028decd659b3	0x141cc4c60	R15NetGunSetSpreadNode
0x89d95d1f46221c08	0x141cc4320	R15NetGunTypeExpression
0x53feca868b6296b1	0x141cc6160	R15NetHackRewardXPNode
0xf7d11b79c4e72758	0x141cc31c8	R15NetHasNewUnlocksExpression
0xc1f0badb9973162d	0x141cc6538	R15NetHealBubbleActivateNode
0x533be1b3181f9d68	0x141cc29f0	R15NetHealBubbleExpression
0x908e8abcdc64d2ae	0x141cc29c0	R15NetHealBubbleLinkExpression
0x4ccff25e065dc17d	0x141cc6650	R15NetHealBubbleSetHealAmountNode
0x9e8b4ed53d2a4195	0x141cc6688	R15NetHealBubbleSetHealDurationNode
0xe9620d0ecbadfd55	0x141cc66c0	R15NetHealBubbleSetHealRadiusNode
0x45f5593b1e8b1f13	0x141cc6568	R15NetHealBubbleSetMaxHealingNode
0x0b6ca59157e7d44d	0x141cc65d8	R15NetHealBubbleSetMinHealAmountNode
0xb56575c077bd5255	0x141cc6610	R15NetHealBubbleSetSelfHealMultiplierNode
0xa6ca7d383cf1f57f	0x141cc65a0	R15NetHealBubbleSetTimeToMaxHealNode
0xd58acb97c936f3f3	0x141cc66f8	R15NetHealBubbleSetUniqueHealingOnlyNode
0xad77d8e77e92ad8c	0x141cc2950	R15NetHealBubbleSlotActiveExpression
0xdb2d8efc1d9869a0	0x141cc2988	R15NetHealBubbleSlotPositionExpression
0x075e3aca956b472c	0x141cc2a20	R15NetHealBubbleTargetExpression
0x7d82bc6a8be95b90	0x141cc4258	R15NetHealRadiusExpression
0x9c98e4c13307a8c6	0x141c46b78	R15NetHoloBit
0xa6e72880321f0558	0x141cc3dd0	R15NetIAPIdExpression
0x1d2a0693851e27e3	0x141cc6128	R15NetIAPPurchaseBattlePassTiersNode
0xff2352359d603847	0x141cc60f8	R15NetIAPPurchaseItemNode
0x7df792ab7b05f3dd	0x141cc60d0	R15NetIAPReconcileNode
0x24bcc1192ceb8d62	0x141c46b98	R15NetId
0x7a29e8954a6eafd6	0x141cc3c58	R15NetInstancedNetVarNameExpression
0x7a814a0a9b21489c	0x141cc7338	R15NetInt
0xf45d8fa35162e479	0x141cc6480	R15NetIntegratedGunFireNode
0x3b8372056e3f776f	0x141cc5890	R15NetInviteUsersNode
0x0c7780401aad4f15	0x141cc5e00	R15NetIsDedicatedNode
0xd4cf81b0a7d92914	0x141cc7480	R15NetIsDestinationExpression
0xfa44e6cdbeb82532	0x141cc2368	R15NetIsEmotePlayingExpression
0x18bf13908e866c5c	0x141cc2de8	R15NetIsEventExpression
0xd34b66ceb84d2d88	0x141cc7fe8	R15NetIsFriendExpression
0x66098109fb0a4272	0x141cc3930	R15NetIsGhostExpression
0x53f0e56613888ee6	0x141cc3958	R15NetIsGhostInProfileExpression
0xcd3b96a26eb8b1a0	0x141cc2430	R15NetIsItemActuallyUnlockedExpression
0x007fe09ab8c3be02	0x141cc2398	R15NetIsItemHiddenExpression
0xa35aa7b74a68c0ea	0x141cc23c8	R15NetIsItemNewlyUnlockedExpression
0xe04d1c3c99fc4d52	0x141cc2400	R15NetIsItemUnlockedExpression
0xfadcd14c1c745b2a	0x141cc2158	R15NetIsLobbyMemberExpression
0xed9303f8dc279342	0x141cc8300	R15NetIsMatchLevelAllowedExpression
0xf810421ef4963b44	0x141cc37c8	R15NetIsOnAlignmentExpression
0x0a4d881f2b25dbfa	0x141cc7e18	R15NetIsPartyMemberExpression
0x84de4038f7d87c1a	0x141cc2e68	R15NetIsProductExpression
0x54b2c157106cb09a	0x141cc80b8	R15NetIsRecentlyMetUserExpression
0x0a5d675babbe8171	0x141cc5db0	R15NetIsServerNode
0xa68a7681970ce7ec	0x141cc3158	R15NetIsTargetedGhostExpression
0xf84f4b5bfacdce7e	0x141cc24d0	R15NetItemUnlockLevelExpression
0x16e36a4b96660a47	0x141cc4f80	R15NetJoinFoundMatchNode
0x9e205e044c41a8f2	0x141c46bb8	R15NetKillTicker
0x5bf4e6192ae76792	0x141cc4910	R15NetKillTickerIsEmptyExpression
0x25a82af8fa896d0c	0x141cc38c8	R15NetKillTickerPeekExpression
0x80bfdb21236d7864	0x141cc2500	R15NetLevelIconExpression
0x60bb75da611e2f74	0x141cc2530	R15NetLoadoutNumberExpression
0x75e59f0bc0f40932	0x141cc22b0	R15NetLobbyExpression
0xe4dfa8fe5ea12ee8	0x141cc76d0	R15NetLobbyMemberFlagExpression
0xba0f2780c5b82740	0x141cc7700	R15NetLobbyMemberIntExpression
0xdb61ce6b75330176	0x141cc7730	R15NetLobbyMemberRealExpression
0xb3e6b1de97d0ba00	0x141cc7760	R15NetLobbyMemberStringExpression
0xf76fa402142e2782	0x141cc7798	R15NetLobbyMemberSymbolExpression
0x96cee4d84dbe5336	0x141cc74e0	R15NetLobbyOwnerFlagExpression
0x49a4b1b432b726bc	0x141cc7510	R15NetLobbyOwnerIntExpression
0xa970824d662c7ca8	0x141cc7540	R15NetLobbyOwnerRealExpression
0xeeb8d93ac017b7c6	0x141cc7570	R15NetLobbyOwnerStringExpression
0xaa31cce643e92a44	0x141cc75a8	R15NetLobbyOwnerSymbolExpression
0xc5956803b45245de	0x141cc22d8	R15NetLobbyStatusExpression
0xcdc6ba81c5fd7ed4	0x141cc2308	R15NetLobbyStatusesExpression
0x7bccc3ced9e993dc	0x141cc4840	R15NetLocalBulletExpression
0x46bf66461cba3908	0x141cc2590	R15NetLocalPlayerMatchStatExpression
0x28318a918e43f389	0x141cc5d88	R15NetLocalPlayerNode
0x31d8d19bc170fb96	0x141cc25c8	R15NetLocalPlayerPingExpression
0x327f45b166a2e160	0x141cc25f8	R15NetLocalPlayerTierRewardExpression
0xdb3f204741feae2b	0x141cc4fb0	R15NetLockLobbyNode
0xb1daf6234a73be6d	0x141cc62d0	R15NetLogClickEventMetricsNode
0xa6c6992e30c6674f	0x141cc6300	R15NetLogClickEventMetricsSymbolNode
0x78514ab68bde00bc	0x141cc3578	R15NetLoggedInUserExpression
0x5e823b01e8ef36a4	0x141cc4288	R15NetMagazineGetStateExpression
0x3bf614fda425208e	0x141cc3a90	R15NetMagazineOwnerExpression
0x18fe347ff5328fc8	0x141cc3858	R15NetMagazinePouchExpression
0x6e391512d371e846	0x141cc3888	R15NetMagazinePouchIsCooldownActiveExpression
0x47528fc61ca2200b	0x141cc5210	R15NetMagazinePouchResetNode
0x8559bcbc446a8c14	0x141cc4408	R15NetMagazinePouchTypeExpression
0x676b5b87b99d47e9	0x141cc5320	R15NetMagazineSetStateNode
0xdb2aea933dcbd74e	0x141cc2d40	R15NetMagazineTypeExpression
0x6901c7fa0ecbd136	0x141cc3bb0	R15NetMatchExpression
0x378aa4dd5f85b30a	0x141cc39c0	R15NetMatchmakerQueueExpression
0x3e1eeb9c30df3ed0	0x141cc39f0	R15NetMatchmakingStatsExpression
0x384fbbb1b757bd1a	0x141cc3a28	R15NetMatchmakingStatusExpression
0xd27973d25dc3d240	0x141cc27e0	R15NetMaxLevelExpression
0x5045352772cda7ae	0x141cc47d8	R15NetMaxMagazinesExpression
0x9c9deed92e0ca2c1	0x141c46c08	R15NetMetrics
0x5b37837cd2d732a8	0x141cc3c90	R15NetMetricsGenerateIdExpression
0x59421b377ca536f1	0x141cc5d00	R15NetMetricsPushNode
0x0db6f1b803060067	0x141cc5d28	R15NetMetricsPushSimpleNode
0xc2f3dd627583a82c	0x141cc3cc8	R15NetMetricsReadExpression
0x87c53de51f6dec69	0x141cc5cd8	R15NetMetricsWriteNode
0x2c1c9ac74c5d2fe5	0x141cc5c40	R15NetModifyAimAssistNode
0x9cd50ccfe5cd9be4	0x141cc37f8	R15NetOnSameAlignmentExpression
0x8bb52ce01a3eae25	0x141cc6048	R15NetOpenSocialGroupLinkNode
0x70e1ff2f17b22c9c	0x141c46c28	R15NetPackageDownload
0x0e7a57c41d5888b4	0x141cc3cf8	R15NetPackageDownloadExpression
0x68a704f4018ccdd8	0x141cc78c0	R15NetPartyExpression
0x09f2ef793e849132	0x141cc7980	R15NetPartyFlagExpression
0x834d2c7cd5dfa2ac	0x141cc79b0	R15NetPartyIntExpression
0x4bdb363622d0eb64	0x141cc8150	R15NetPartyInviteCountExpression
0xf25fa360578c9cf6	0x141cc8188	R15NetPartyInviteExpression
0xa166bca22f2be237	0x141cc7be8	R15NetPartyJoinNode
0x2710f73f316143a0	0x141cc78e8	R15NetPartyJoinPoliciesExpression
0x824f7133ff3cb136	0x141cc7920	R15NetPartyJoinPolicyExpression
0xa060b6a72f2be237	0x141cc7c90	R15NetPartyKickNode
0x7b8caa5bf8341633	0x141cc7c10	R15NetPartyLeaveNode
0x8cec851e05e1443c	0x141cc7950	R15NetPartyLobbyExpression
0xa766b6a72f2be237	0x141cc7c38	R15NetPartyLockNode
0x0dac894c3e893eac	0x141cc7cb8	R15NetPartyMemberExpression
0x9e7dad39ac4e8a46	0x141cc7d18	R15NetPartyMemberFlagExpression
0x1cd6c23c8785d16e	0x141cc7ce8	R15NetPartyMemberIdExpression
0x1195103eaa3ef712	0x141cc7d48	R15NetPartyMemberIntExpression
0xa1c3cbac87dca5d8	0x141cc7d78	R15NetPartyMemberRealExpression
0x0e05c1d64508ed3c	0x141cc7da8	R15NetPartyMemberStringExpression
0x4a8cd40ac6f670be	0x141cc7de0	R15NetPartyMemberSymbolExpression
0xa726ac348600f149	0x141cc7c60	R15NetPartyPassOwnershipNode
0x8f6beba9f4424692	0x141cc7a70	R15NetPartyPermissionsExpression
0x364c89ec1516beac	0x141cc79e0	R15NetPartyRealExpression
0x98a00541053b5641	0x141cc8120	R15NetPartyRefreshInvitesNode
0xba4c6e71e063340d	0x141cc81b8	R15NetPartyRespondToInviteNode
0xb97278cc9a854b31	0x141cc80f0	R15NetPartySendInviteNode
0xe182dae736a27419	0x141cc7bb8	R15NetPartySetJoinPolicyNode
0xb5d4ba0544aed377	0x141cc7aa8	R15NetPartySetUnjoinableLobbyNode
0xef653368fe92eac0	0x141cc7a10	R15NetPartyStringExpression
0xabec26b47d6c7742	0x141cc7a40	R15NetPartySymbolExpression
0x9c80ead4300aa0d6	0x1416e4278	R15NetPayload
0xa40fd887b1680486	0x141cc49b8	R15NetPayloadClaimStateExpression
0x7641eb199b1dad6e	0x141cc4b18	R15NetPayloadCurrentDirectionExpression
0x66f83856b7c184ec	0x141cc4ad8	R15NetPayloadDirectionMovementStateExpression
0x53f974c804a566f8	0x141cc4aa0	R15NetPayloadDistAlongTrackExpression
0xc8be4d9f46625354	0x141cc4b80	R15NetPayloadIsAutodriveExpression
0xd7d621b39ddb298c	0x141cc4b50	R15NetPayloadIsPausedExpression
0x43d17a3d0c6fc4c4	0x141cc4a70	R15NetPayloadLockedExpression
0x525b3d142e6da264	0x141cc49f0	R15NetPayloadNumAttackersClaimingExpression
0x5fb5f4fa501ccaba	0x141cc4a30	R15NetPayloadNumDefendersClaimingExpression
0x36d08a1b4e01cb63	0x141cc7248	R15NetPayloadResetMaxMPSNode
0xbe7dc9023947b4df	0x141cc71e8	R15NetPayloadResetToStartNode
0xac1f7a845ad0c033	0x141cc7180	R15NetPayloadSetAutoDriveNode
0x67d0334e1f541253	0x141cc71b0	R15NetPayloadSetIrreversibleNode
0xe388202540e90c03	0x141cc7278	R15NetPayloadSetLockedNode
0x4cb1131fff41d581	0x141cc7218	R15NetPayloadSetMaxMPSNode
0xebbafd0b580f587b	0x141cc7150	R15NetPayloadSetPausedNode
0x0ce37673305c7823	0x141cc72a8	R15NetPayloadSetSpoofedAttackersNode
0xe503a7e5d760e2c9	0x141cc72e0	R15NetPayloadSetSpoofedDefendersNode
0xc2649dbcdc36d824	0x141cc1cd0	R15NetPeerExpression
0x1e1c66731e497e7e	0x141cc43e0	R15NetPhysicsExpression
0xa397168f087cd38d	0x141cc56f8	R15NetPlatformPurchaseNode
0x3186ac5882688faf	0x141cc5038	R15NetPlayEmoteNode
0xe770fb4da7c58d47	0x141cc60a0	R15NetPlayEmoteOnUserNode
0x8350be0e248ff50f	0x141cc5060	R15NetPlayGoalSFXNode
0x0cddc9d4ba79db70	0x141cc33c8	R15NetPlayerByUserIdExpression
0x9912f4e4db833bb4	0x141cc3438	R15NetPlayerEquipmentAbilitySlotExpression
0xe6a5d765ee7a687a	0x141cc4218	R15NetPlayerEquipmentGrenadeSlotExpression
0x49d9635613d5a024	0x141cc2ac0	R15NetPlayerEquipmentLookupExpression
0x11d18e02f277fb8e	0x141cc2b00	R15NetPlayerEquipmentLookupFromUserIDExpression
0x9a3171ba505fe9a1	0x141cc68c0	R15NetPlayerEquipmentSetAbilitySlotNode
0xfc181564ec88130f	0x141cc68f8	R15NetPlayerEquipmentSetGrenadeSlotNode
0x778b08acebd42e31	0x141cc6238	R15NetPlayerEquipmentSetWeaponActorNode
0x1727fbff5cc3eadb	0x141cc6888	R15NetPlayerEquipmentSetWeaponArmNode
0x50f86bcbc07e14d3	0x141cc6850	R15NetPlayerEquipmentSetWeaponSlotNode
0x4c54f2c76fb5585a	0x141cc3188	R15NetPlayerEquipmentWeaponActorExpression
0x2a5cd2407385f252	0x141cc3478	R15NetPlayerEquipmentWeaponArmExpression
0x7e8a91748ab818e6	0x141cc33f8	R15NetPlayerEquipmentWeaponSlotExpression
0x76360948b28716f2	0x141cc33a0	R15NetPlayerExpression
0x587b6a466b4e4ea2	0x141cc3738	R15NetPlayerHoldingUserExpression
0x1c6f07f75045bc86	0x141cc2630	R15NetPlayerMatchStatExpression
0xede09df4fe7eb326	0x141c46c50	R15NetPlayerModelSwapper
0xac9d6fb575d78459	0x141cc5380	R15NetPlayerSetEquipmentNode
0x105121c3e1a26ce8	0x141c46c80	R15NetPooledActor
0x7efe63888616dc35	0x141cc54b0	R15NetPooledActorCreateNode
0x55e81b98ec5abd8b	0x141cc5510	R15NetPooledActorCustomParamNode
0x472ed2c0ffc73d77	0x141cc54e0	R15NetPooledActorDestroyNode
0xc41b75757476f242	0x141cc2ce0	R15NetPooledActorGamespaceExpression
0x6ad0acc060752d6e	0x141cc2c38	R15NetPooledActorGenerateIdExpression
0xb0e9fe28824c4c6c	0x141cc2ca8	R15NetPooledActorOwnerExpression
0x46efe2d3b20f6f80	0x141cc2c70	R15NetPooledActorQueryExpression
0x9c5b8e5ac548f9ef	0x141cc5000	R15NetProcessPostMatchRewardsNode
0xf62963da1379140e	0x141cc2e40	R15NetProductExpression
0xc1e2fad420f20486	0x141cc2e10	R15NetProductsExpression
0xcc7d1c47aeb82ff6	0x141cc85f8	R15NetProfileStatIntExpression
0x5a73e76318255d6a	0x141cc8628	R15NetProfileStatRealExpression
0xa92f8aee8cd0b215	0x141cc5480	R15NetPropertyModifierAddNode
0x311678b6c3246ee4	0x141cc2db0	R15NetPropertyModifierHasTypeExpression
0x23b129c54c02de9b	0x141cc5410	R15NetPropertyModifierMutateNode
0x0f79374a32ff369d	0x141cc5448	R15NetPropertyModifierRemoveNode
0x0f14334b78ccac26	0x141cc2b70	R15NetPropertyModifierValueExpression
0x81bd4a38d5636ad5	0x1416d7078	R15NetPropertyModifiers
0x8239a9d3024e850d	0x141cc70c0	R15NetPunchEnableBlockingNode
0x19702bf5cd102a43	0x141cc7058	R15NetPunchEnableInfiniteBlockNode
0x113107c588700873	0x141cc7090	R15NetPunchEnablePunchingNode
0x960ea9a5023aab67	0x141cc7028	R15NetPunchEnablePushBackNode
0x5ff1a35b0de1a830	0x141cc3c08	R15NetPunchExpression
0x82efc1b726d71491	0x141cc6d88	R15NetPunchableRemoveStunNode
0x0dc86f78ad50f143	0x141cc5c18	R15NetPunchableStunNode
0x018b85d1677b99de	0x141cc2e98	R15NetPurchaseExpression
0xdee3463649a69fcf	0x141cc5d58	R15NetPurchaseStoreBundleNode
0x2cfa9212f42fed83	0x141cc6820	R15NetQueryExplosionNode
0x85ce4f2ff1bfb588	0x141cc7358	R15NetReal
0xde9bc46cbc17bfad	0x141cc5a08	R15NetRealignTeamsNode
0x1096b8cb925f895a	0x141cc8088	R15NetRecentlyMetUserExpression
0x941149afa9c1393a	0x141cc8050	R15NetRecentlyMetUsersExpression
0xe34d0ceec2c66b9f	0x141cc7f38	R15NetRefreshDestinationsNode
0x4f0a3c282e9f3b43	0x141cc7f68	R15NetRefreshFriendsNode
0x93ba47c2dfbf5405	0x141cc56c8	R15NetRefreshProductsNode
0x22e700ac6cc418f7	0x141cc8018	R15NetRefreshRecentlyMetUsersNode
0xde0792227949b3d9	0x141cc50c0	R15NetRemoteUserActorChangeNode
0x5b590bcf8ae295ed	0x141cc6d48	R15NetRemoteVolumeQuerySetFilterFlagsNode
0x045c071e5ee2a727	0x141cc6930	R15NetRemoteVolumeQuerySetRadiusNode
0x023152a68c191db9	0x141cc50f0	R15NetRemoveNewlyUnlockedItemNode
0xf0df3ce735cb66d5	0x141cc4d98	R15NetRequestConnectedObjectTeleportNode
0x09e3c805400e676d	0x141cc8338	R15NetRequestProfileNode
0x46c3dabd805daa29	0x141cc4c88	R15NetResetGameNode
0x41e85638076afdab	0x141cc52f0	R15NetResetPlayerStatsNode
0x24f71e9b635371e5	0x141cc4cb0	R15NetResetTimeSinceHeldNode
0x88dc4ef4465fd9d9	0x141cc4fd8	R15NetReturnToLobbyNode
0xa74f2bfcbef1c63d	0x141c46cd0	R15NetRewardItem
0xd0a37a98e862f126	0x141cc2f88	R15NetRewardItemExpression
0x4cb01426e67fd224	0x141c46cf8	R15NetRewardItemSorter
0x25d4f8e55c829aec	0x141cc26c8	R15NetRewardsExpression
0x4ec426d9924596ee	0x141cc74b0	R15NetRichPresenceExpression
0xcaf6421565b079f5	0x141cc5158	R15NetSaveLoadoutNode
0x4f128c9ef68b0fcf	0x141cc5128	R15NetSaveNewUnlocksNode
0x1bec61310bfc4464	0x141cc4040	R15NetSelfGoalExpression
0xc1f6e51f965814b5	0x141cc4ce0	R15NetSendEventNode
0x5aa09e2ff2e090c7	0x141cc5180	R15NetSendGameStatsToClientsNode
0xdb03d602f486f97f	0x141cc6078	R15NetSendLoadStatsNode
0xc5482e4be8f853e3	0x141cc6790	R15NetSensorPingNode
0x4b5f7bf7a89b5be0	0x141cc4348	R15NetSensorRadiusExpression
0xb7fcefc1eb517441	0x141cc5548	R15NetSensorReportTriggerNode
0xa7f862e8fbaa0d46	0x141c46d40	R15NetSensorTarget
0xb72ed32ca7815510	0x141cc3e70	R15NetSensorTargetIsDetectedExpression
0xf878d3058518274c	0x141cc4010	R15NetServerInfoExpression
0x01448254c36668d6	0x141cc2188	R15NetServerJsonFlagExpression
0x79ed8d7de0a275dc	0x141cc21e8	R15NetServerJsonIntExpression
0x3efae4c1e8f44748	0x141cc21b8	R15NetServerJsonRealExpression
0xe8b0f8463f7ba91e	0x141cc8368	R15NetServerProfileExpression
0xff54ae05d445df9e	0x141cc83c8	R15NetServerProfileFlagExpression
0xcdccdc4e0e074ac8	0x141cc8400	R15NetServerProfileIntExpression
0xc0eac890ffd7f000	0x141cc8438	R15NetServerProfileRealExpression
0xc12210620eecca9a	0x141cc8470	R15NetServerProfileStringExpression
0x85ab05be8d125718	0x141cc84a8	R15NetServerProfileSymbolExpression
0x9af211da2fa3c846	0x141cc35d8	R15NetServerTimeDivExpression
0x0c0343e1519af5e4	0x141cc2ba8	R15NetServerTimeExpression
0xcc2edafd9491f83a	0x141cc3608	R15NetServerTimeModExpression
0x4e09c6ce931fbdb2	0x141cc35a8	R15NetServerTimeSubExpression
0x0adf8081c3c8f047	0x141cc5e58	R15NetSetDynamicPosterNode
0x838598f6e31c1dd3	0x141cc6368	R15NetSetEarlyQuitWarningShownNode
0x104db7b42cc40251	0x141cc58b8	R15NetSetEnemyTeamMutedNode
0x9c83eed93a09a0d5	0x141cc7398	R15NetSetFlag
0xd7204950a62996a9	0x141cc52a0	R15NetSetGameStatsNode
0x1a7c178b81188473	0x141cc5af8	R15NetSetInPersonalSpaceNode
0x371e74508e7f919f	0x141cc5ac8	R15NetSetInSharedSpaceNode
0x5d23ac92be67e31c	0x141cc73b8	R15NetSetInt
0x5ec6c562af64b3c1	0x141cc51b8	R15NetSetLoadoutNumberNode
0xb4b344bfb3392005	0x141cc77d0	R15NetSetLobbyMemberFlagNode
0xf01fdd4392479415	0x141cc7800	R15NetSetLobbyMemberIntNode
0xa0ba44b4b3392005	0x141cc7830	R15NetSetLobbyMemberRealNode
0xbfb2405e28466cf3	0x141cc7860	R15NetSetLobbyMemberStringNode
0x7c4dccd1d6332961	0x141cc7890	R15NetSetLobbyMemberSymbolNode
0x022fb1798cf27705	0x141cc75e0	R15NetSetLobbyOwnerFlagNode
0x7005d29ff83396f7	0x141cc7610	R15NetSetLobbyOwnerIntNode
0x1626b1728cf27705	0x141cc7640	R15NetSetLobbyOwnerRealNode
0x8a88bcbdff731891	0x141cc7670	R15NetSetLobbyOwnerStringNode
0x4977303201065d03	0x141cc76a0	R15NetSetLobbyOwnerSymbolNode
0xa77374ce794d8fc9	0x141cc6d18	R15NetSetMagazinePouchSpawnType
0x1ee81cde0ec6edc5	0x141cc51e8	R15NetSetNewsTextUINode
0x0a0171d21cbfb6dd	0x141cc7ae0	R15NetSetPartyFlagNode
0xac35192ccbe26db9	0x141cc7b08	R15NetSetPartyIntNode
0xa698b414f6b2ebd5	0x141cc7e48	R15NetSetPartyMemberFlagNode
0xb881761575e3479f	0x141cc7e78	R15NetSetPartyMemberIntNode
0xb291b41ff6b2ebd5	0x141cc7ea8	R15NetSetPartyMemberRealNode
0x4f23190d1f17ec23	0x141cc7ed8	R15NetSetPartyMemberStringNode
0x8cdc9582e162a9b1	0x141cc7f08	R15NetSetPartyMemberSymbolNode
0x1e0871d91cbfb6dd	0x141cc7b30	R15NetSetPartyRealNode
0x268a14f15e018459	0x141cc7b58	R15NetSetPartyStringNode
0xe575987ea074c1cb	0x141cc7b88	R15NetSetPartySymbolNode
0x41ecd3e65cfdebbd	0x141cc5bb8	R15NetSetPersonalBubbleModeNode
0x7cd81f31a3590525	0x141cc5b80	R15NetSetPersonalBubbleRadiusNode
0x4ec77b1ee52492a9	0x141cc5b28	R15NetSetPersonalSpaceModeNode
0x8a1d93d6a3e3a4d5	0x141cc4dd8	R15NetSetPlayerHandOffsetNode
0x1a9139f90b9c15af	0x141cc8658	R15NetSetProfileFlagNode
0x118b586f96db79b1	0x141cc8688	R15NetSetProfileIntNode
0x0e9839f20b9c15af	0x141cc86b0	R15NetSetProfileRealNode
0x11dd432eac7e97db	0x141cc86e0	R15NetSetProfileStringNode
0xd222cfa1520bd249	0x141cc8710	R15NetSetProfileSymbolNode
0xd23de657e7e69a93	0x141cc5e88	R15NetSetReadyForTransitionToGameNode
0x9c83eed92e00a0de	0x141cc73d8	R15NetSetReal
0x9cbe7227ac925c21	0x141cc5240	R15NetSetServiceStatusTextUINode
0x5f8de07e12a7da3f	0x141cc6018	R15NetSetSocialGroupTextNode
0x67f6d0803689b0d3	0x141cc63a0	R15NetSetSteadyPlayerShownNode
0x23a7b24137e6c53e	0x141cc73f8	R15NetSetSymbol
0x238105b30630e7ef	0x141cc59b0	R15NetSetTeamNode
0x93cbdb6499360ede	0x141cc3ea8	R15NetSocialGroupCountExpression
0xfba5a75fb32ec068	0x141cc3f10	R15NetSocialGroupExpression
0x96ca912160e28ca0	0x141cc3ee0	R15NetSocialGroupIdxExpression
0x1ebd16928fe522ad	0x141cc5fb8	R15NetSocialGroupsSetActiveNode
0x0cae2906d4f6eb74	0x1416d9e18	R15NetSocialInteract
0x1fddcd5dbdd2b65e	0x141cc3f40	R15NetSocialModMsgShownExpression
0x796a590fd556ae39	0x141cc5fe8	R15NetSocialModMsgShownNode
0x733b261d2141a88c	0x141cc4760	R15NetSocketLinkedObjectNodeIDExpression
0x9de6267a9cab8783	0x141cc52c8	R15NetSpawnBotNode
0xb525f9fe305e7c2e	0x141cc2ef8	R15NetSpawnpointExpression
0x5a232d60e7a60a8c	0x141cc2218	R15NetSpectatorCameraSystemExpression
0x605058a1488a4761	0x141cc6ff0	R15NetSpectatorEnableCameraSetNode
0xe9e22278ffc3f754	0x141cc1d50	R15NetStatusExpression
0xe89a5e4de4783e86	0x141cc3280	R15NetSteadyPlayerLevelCountExpression
0x296eca7b722b0f4a	0x141cc32b8	R15NetSteadyPlayerLevelExpression
0x38b0e8b79289df37	0x141cc5278	R15NetStopEmoteNode
0x6e9ff062922bc408	0x141cc31f8	R15NetStoreExpression
0x675036d05613b418	0x141cc3df8	R15NetStoreIAPLastPurchasedStatusExpression
0x2cded64decf24838	0x141cc3e38	R15NetStoreIAPPurchasedItemExpression
0x8745d44bf6e92e7d	0x141cc5ca8	R15NetStoreMetricsSendNode
0x35642a1325e3859c	0x141cc3220	R15NetStoreSlotExpression
0x9b2227dcabf88ae4	0x141cc3250	R15NetStoreSlotItemExpression
0x5d23ac8ea76ce204	0x141cc7378	R15NetSymbol
0xb7e82860727fd702	0x141cc2690	R15NetTcpConnectionAliveExpression
0xdb6bc1f91d1a20ac	0x141cc3af0	R15NetTeamAlignmentExpression
0x21732d287202d584	0x141cc3b20	R15NetTeamByAlignmentExpression
0x7d114517d979241a	0x141cc26f0	R15NetTeamCountExpression
0x205195b0fefa508a	0x141cc3770	R15NetTeamExpression
0x16c9e0cdf09da20e	0x141cc2060	R15NetTeamIndexToUserIdExpression
0x0f3d3303643412cc	0x141cc2660	R15NetTeamMatchStatExpression
0x67f31bffa1082756	0x141cc2098	R15NetTeamSlotToUserIdExpression
0x8d8a9d9d9793b2da	0x141cc2810	R15NetTeamsExpression
0x5d23ab92be66e81a	0x141c46dd8	R15NetTether
0x4f3e5056f7f52081	0x141cc5578	R15NetTetherActivateNode
0xd44455ca6806bc89	0x141cc5638	R15NetTetherChangeParametersNode
0x49ae24faef178923	0x141cc5608	R15NetTetherClearTargetNode
0xd0db8ab338908be9	0x141cc55a8	R15NetTetherDeactivateNode
0xa52aa2ec4e131698	0x141cc2d18	R15NetTetherExpression
0xf3e231f556e98923	0x141cc55d8	R15NetTetherReattachNode
0xc4f2f0045583f765	0x141cc64d8	R15NetTimeBubbleActivateNode
0xc73e8ccd8ced477f	0x141cc6508	R15NetTimeBubbleDeactivateNode
0xa0bdd10a160e72ec	0x141cc2750	R15NetTopAwardExpression
0xf028ebd1e0093b44	0x141cc2720	R15NetTopAwardsCountExpression
0x1a51f709b9d219d8	0x141cc3090	R15NetTotalUnlocksExpression
0x091d953fa9379492	0x141cc3128	R15NetTotalXpToLevelExpression
0x5b0cfcd162457df4	0x141cc1e40	R15NetTouchInteractExpression
0x6c008b1181cd3592	0x141cc2498	R15NetTouchInteractHoldersExpression
0x60141ff1a579e92e	0x141cc2d70	R15NetTouchInteractObjectiveHoldersExpression
0xb2167b6d1db1888b	0x141cc4d38	R15NetTouchInteractSetStealNode
0x2712c16417cf5ed0	0x141cc2468	R15NetTournamentExpression
0x81cb05e013a56e1a	0x141c46e20	R15NetTrackMover
0xa751abfb2b9bd4a7	0x141cc7120	R15NetTrackMoverSetSpeedNode
0xb997a45117102cc7	0x141cc4d68	R15NetTransferOwnershipNode
0x145de6ff19a55dfb	0x1416e16f8	R15NetUISettings
0x7cef8b990d946352	0x141cc30c0	R15NetUnlockRewardIdExpression
0x00a50cc9ebd13d07	0x141c46e48	R15NetUpdateExpressionData
0x1a6eb9ff43a56e84	0x141cc1e70	R15NetUserExpression
0x26cb226d9abe4738	0x141cc20d0	R15NetUserIdExpression
0xb5365bbb9f649366	0x141cc2128	R15NetUserIdToActorExpression
0x2f7c2ea1ac17c5cc	0x141cc1fb8	R15NetUserIdToUserIndexExpression
0xb883a109b70393d8	0x141cc2250	R15NetUserInVolumeExpression
0x59f51938216a4dce	0x141cc1ff0	R15NetUserIndexToUserIdExpression
0x88cddf13be4836b0	0x141cc2560	R15NetUserLoadoutExpression
0xb3f7419cc54831ae	0x141cc1e98	R15NetUserPeerExpression
0x6a913c9d70fddcb0	0x141cc1ec8	R15NetUserPlatformExpression
0x97115af9c068efde	0x141cc1ef8	R15NetUserPlatformsExpression
0x6890f37412e60962	0x141cc2ec8	R15NetUserPurchasesExpression
0x07014a58e9eec60e	0x141cc2028	R15NetUserSlotToUserIdExpression
0xe1fa66123e1913b4	0x141cc1f28	R15NetUserStatusExpression
0x89dd22bc119d156c	0x141cc1f58	R15NetUserVoipExpression
0xd52d317f8e99177c	0x141cc2280	R15NetUsersCanTalkExpression
0x7a814a0a9b3e479a	0x141c46e78	R15NetVar
0x15f0be4c351362d2	0x141cc3c30	R15NetVarNameExpression
0x6b9723f9490c600a	0x141cc3fe0	R15NetVersionsExpression
0x5711a3ba78fb4b88	0x141cc2780	R15NetVoipBroadcasterExpression
0x867d0cf0b5758547	0x141cc58e8	R15NetVoipDeafenSelfNode
0xae2ac19794e9dcc4	0x141cc38f8	R15NetVoipIsUserMutedByPlayerExpression
0x02b63d1e9df2c1e8	0x141cc1f88	R15NetVoipIsUserMutedExpression
0x03776261f88df27b	0x141cc5788	R15NetVoipMuteLobbyMemberNode
0xd24da7b3f2a534f5	0x141cc57b8	R15NetVoipMuteSelfNode
0xd45baea7f2a534f5	0x141cc57e0	R15NetVoipMuteUserNode
0xb16d2eec11cdc92d	0x141cc5758	R15NetVoipSetChannelNode
0x87c8c26c98b18075	0x141cc5808	R15NetVoipTestSampleNode
0xdc6c338338e69dae	0x141cc44a0	R15NetVolumeNumberOfPlayersInVolumeExpression
0x91b88c1750f42b7e	0x141cc2868	R15NetVolumeUserIdAtIndexExpression
0xc6bfba70993e361c	0x141cc28a0	R15NetVolumeUserInVolumeExpression
0xf399efe0cf3a3bf6	0x141cc27b0	R15NetXPToNextExpression
0xe6e2e169536770a8	0x141c985c0	R15NetworkPingExpression
0x58b57da2e692e8d2	0x141c99430	R15NumActivePrimaryObjectivesExpression
0x17ee637e12072c1a	0x141c98f50	R15ObjectCollidedWithActorExpression
0x65fa3f263d78fc8e	0x141c98f18	R15ObjectThrownAtActorExpression
0xabe4caa416fe00f8	0x141c991d0	R15ObjectThrownNearActorExpression
0x3abfd0cb53c1e328	0x141c98f88	R15ObjectiveExpression
0xc10bad50068e5aad	0x141c96330	R15ObjectiveNagConditionNode
0x579ff2137a6ffb76	0x141c9a220	R15OrientationConstraintAnglesExpression
0xee5967989f9d1029	0x141c97e18	R15OrientationConstraintSetAnglesNode
0xcdcf947cf6619ed1	0x141c97e50	R15OrientationConstraintSetMaxLocalAngularVelocityNode
0xaf3189618aba71e3	0x141c975f0	R15OverrideBannerShapeNode
0xdfb8eaa0abefe92f	0x141c975c8	R15OverrideToDecalNode
0x0dee0da4ff023fad	0x141c97620	R15OverrideToHeraldryNode
0x246010cf9adc1ee1	0x141c96360	R15OverrideTouchBlenderNode
0x3bc94e0f023f882f	0x141c96f48	R15POIAddReportNode
0x627b6d6b9a82527d	0x141c96f98	R15POIRemoveReportNode
0x90b2799c0560ed71	0x141c96f20	R15POIRemoveReportsNode
0x58f43e90c8ad7039	0x141c96f70	R15POIRenameReportNode
0xa9f1200c12565c52	0x141c988e8	R15Page2ElementEnabledExpression
0x132a39c7e12cf114	0x141c98980	R15Page2ElementIdentifierExpression
0x45116879a6377f01	0x141c96390	R15PauseModeSetOverrideNode
0x00849852b5e56997	0x141c971b8	R15PhysicsEnableExclusionMaskNode
0x9e54ce322f2e9f21	0x141c97328	R15PickLoadingTipNode
0x3e154a93a7adf3c6	0x141c993f8	R15PlatformClosestPointExpression
0x844248702ffd4ed9	0x141c97218	R15PlatformEnableUpdateNode
0xd479377c376102f9	0x141c98318	R15PlatformSetAddedBoostNode
0xccd30d4f5756f551	0x141c98348	R15PlatformSetBoostModifierNode
0x121aa1c266533ebb	0x141c98290	R15PlatformSetDirectionNode
0x9282bc9b6ebd97ef	0x141c982e8	R15PlatformSetIsBoosterNode
0x91a6c16a6a1ee587	0x141c982c0	R15PlatformSetSpeedNode
0x37db5f1a25935e59	0x141c971f0	R15PlatformSetTNode
0x83be539798d4b77f	0x141c963c0	R15PlayCinObjectiveNode
0x0b96c5ac267a198b	0x141c97650	R15PlayUIElementAnimationNode
0xee6d984e713c0470	0x141c98888	R15PlayerBoosterExpression
0x69301c74cf2548fe	0x141c993c0	R15PlayerCameraEnabledExpression
0x0812b55ee9bd1e0c	0x141c99fc0	R15PlayerCurrentPowerExpression
0x20d37af6ec189ec6	0x141c9a020	R15PlayerCurrentTotalPowerExpression
0xf8c0cc2f1832f2e0	0x141c99020	R15PlayerDeathExpression
0xc2de50e904a21262	0x141c99138	R15PlayerExpression
0x008207c7c27acc11	0x141c963e8	R15PlayerGripNode
0xc3fc8d0393e40834	0x141c99108	R15PlayerHandVelocityExpression
0xa4371f2ab36e5ae2	0x141c99a10	R15PlayerInputEnabledExpression
0x3a023b6be3ec78e8	0x141c9a1c8	R15PlayerInvulnerableExpression
0x985f825ea725e1ce	0x141c99ff0	R15PlayerMaxPowerExpression
0x85d04532edaeb196	0x141c46218	R15Pointer
0x254e261d473033c6	0x1416d17c0	R15PointerCursorBehavior
0x26be99960afcdbfa	0x141c98620	R15PointerHandExpression
0x54384993f5a47462	0x1416d1728	R15PointerInteractBehavior
0x15e7201b96c898cc	0x1416d2108	R15PointerInteractScrollableButtonBehavior
0xe468f64b9be9c5ae	0x1416d1ac0	R15PointerInteractScrollableDisableBehavior
0x89dbb7c4b48fd526	0x1416d1858	R15PointerInteractStateControlBehavior
0xd99633aa424adf22	0x141c98680	R15PointerInteractStateExpression
0xac82d08d9a53b91f	0x141c46258	R15PointerInterface
0xc96a4fc5585e2de2	0x141c985f0	R15PointerLengthExpression
0x7e6245ab372be098	0x141c46238	R15PointerMesh
0x592257ea9daca45c	0x141c98840	R15PointerMeshWorldPositionFromCanvasPositionExpression
0xdb6336611980f5b2	0x1416d2388	R15PointerScrollableRegionBehavior
0xc9acd0887ac20a43	0x141c975a0	R15PointerSetHandNode
0x5fa479244fae8649	0x141c97578	R15PointerSetLengthNode
0xec003a40913199c2	0x141c9a2b0	R15PositionConstraintCurrentParentToChildOffsetExpression
0x16028ae62894ddba	0x141c9a260	R15PositionConstraintParentToChildOffsetExpression
0xdffd8dfdd7b5d7df	0x141c970a8	R15PositionConstraintSetParentNode
0x01defa1bbc8556b7	0x141c97ea0	R15PositionConstraintSetParentToChildOffsetNode
0x19a6974d3687c8df	0x141c97ba8	R15PowerEnableContinuousDrainNode
0xde0c17509f306e12	0x141c99cc0	R15PowerIsActiveExpression
0xb0175fed00e2fab0	0x141c99330	R15PowerSensorExpression
0x5f0350fb1f4481c6	0x141c98fb0	R15PrimaryObjectiveByIndexExpression
0x07939453e9eeb898	0x141c99ec0	R15RadiationEnabledExpression
0x28fe235ddb915375	0x141c97d38	R15RadiationSetScalingFactorNode
0x8310b8ddbb5272ab	0x141c96ce8	R15RecalibratePlayerNode
0xf42ce181665166b5	0x141c980e8	R15RecalibrateVRNode
0x30547f86fdca80f3	0x141c96ef8	R15RefreshSaveSlotsNode
0xa3f9ccbd67c8c527	0x141c96410	R15RegenRadiationShieldsNode
0x6400808c2a6aeea1	0x141c964a0	R15RegisterCinObjectiveEntryNode
0xb4c4cf1449d8133f	0x141c96470	R15RegisterCinObjectiveNode
0xde2944ce77f4af7f	0x141c96440	R15RegisterObjectiveNode
0xecbc0e4774b0a0cb	0x141c97048	R15RemoveAllRadiationReadoutsNode
0x5fad90957e2b9521	0x141c964d8	R15RemoveObjectiveFromComputerNode
0xa43c8784cdaa168f	0x141c97018	R15RemoveRadiationReadoutNode
0x1d501c4ac6ba96d7	0x141c96fc0	R15RenamePOINode
0x77887fa58e017d5b	0x141c96510	R15ReportCinObjectiveCompleteNode
0x5d6744d175a5b3b7	0x141c96548	R15ResetCinObjectiveNode
0x7aaed2c748ce025b	0x141c96578	R15ResetGameNode
0xef9b98b2f7cc3e6f	0x141c965a0	R15ResetHoloArcInteractNode
0x1110f73e1a201767	0x141c965d0	R15ResetHoloControlPanelInteractNode
0x2baba521bc9b1137	0x141c96608	R15ResetHoloJunctionInteractNode
0x0a91e223a31f4e87	0x141c96640	R15ResetHoloRingsInteractNode
0x9f6ea14c875a0037	0x141c97f98	R15ResetPlayerShieldsNode
0x7be9d0b190d1475f	0x141c977e0	R15ResetSelectedFrameNode
0xe703f2e9f40f701c	0x141c99780	R15ResumeOnCalibrateExpression
0x1a6b8113bf95b45b	0x141c96848	R15RetireObjectiveNode
0x852d5cdabde0aae7	0x141c97118	R15RigidConstraintAttachToParentNode
0xc217797863aabcc5	0x141c97150	R15RigidConstraintSetLocalTransformNode
0xeefa75df4d784e7b	0x141c97ff0	R15RocketManTellMeHowFastYouWannaGoNode
0xa787f0debe5b2ed9	0x141c97da8	R15RotationConstraintLockToOriNode
0xe720d79d02c26c37	0x141c97de0	R15RotationConstraintMoveToOriNode
0x5ee1dc85dfb0e0d3	0x141c97d70	R15RotationConstraintSetLockedNode
0xe7836078563741d1	0x141c96a40	R15RumbleHandNode
0x8f35b8a2b4583723	0x141c96a20	R15RumbleNode
0x44e42635192f9d9d	0x141c96eb8	R15SaveGameNode
0x179a4c8dc33bacc7	0x141c96670	R15SaveSettingsNode
0x1e80847cd68e1254	0x141c99050	R15SaveSlotCountExpression
0x216443ce6a3a63f0	0x141c990a8	R15SaveSlotEntryExpression
0xed435b7ec296c8ea	0x141c99080	R15SaveSlotExpression
0xfc6a84f58c7a64e4	0x141c99898	R15ScannerExpression
0x8a2c1063dfd4b1cc	0x141c98fe8	R15SecondaryObjectiveByIndexExpression
0x7ebef08eb9bc29f9	0x141c97378	R15SelectLoadingTipByIndexNode
0x851eaf8a527b0981	0x141c97350	R15SelectLoadingTipNode
0x3db10f45e4912af2	0x1416d1fd0	R15SelectedFrameBehavior
0x594b0ba578cb6291	0x141c977b0	R15SelectedFrameSetSelectedNode
0x0910d40d16787f47	0x141c968c8	R15SetAcknowledgementFlagNode
0x52fa6442f57462a1	0x141c97188	R15SetActivePlayerActorNode
0x18e21c0bf11de9e1	0x141c96d88	R15SetDampenerNode
0xde8241c92a30869f	0x141c96b48	R15SetEchoPathingGoalNode
0x520bcef961ef8f9f	0x141c98200	R15SetFrisbeeSlowOnGrabNode
0xa6544611ba71f4a3	0x141c981d0	R15SetFrisbeeVelocityNode
0x7824d24565968cc1	0x141c96e50	R15SetHandGestureOverrideContextNode
0xea7d32ef669ce3e7	0x141c98198	R15SetHandPredictionStrengthNode
0x7876bd5366d7bfb9	0x141c96698	R15SetHoloArcBlenderNode
0xd94f36fa42a75c87	0x141c966c8	R15SetHoloHoldBlenderNodeNode
0xd8dbdd164cace199	0x141c97ae0	R15SetInAtmosphereNode
0x7225d6d7b111086d	0x141c98028	R15SetInteractOutputNode
0xfe32e5d6ca6a2829	0x141c96e00	R15SetIronManNode
0xa5be86c3b00bd7c9	0x141c96c00	R15SetMirrorPlayerRotationNode
0xa80ff5ce4703af0f	0x141c966f8	R15SetObjectiveActiveNode
0x747047420482b285	0x141c96728	R15SetObjectiveCompleteNode
0x6058adf2e5ccfd35	0x141c96758	R15SetObjectiveDescriptionNode
0x21f79c456ababdad	0x141c967e8	R15SetObjectiveMarkerNode
0x31ace69d03066837	0x141c96870	R15SetObjectiveMarkerVisibilityNode
0x382c89eb25ae775f	0x141c96788	R15SetObjectiveTitleNode
0x98e511be9a0a81cb	0x141c96818	R15SetObjectiveUIViewedNode
0xea32bd06141f08b9	0x141c967b8	R15SetObjectiveUncompleteNode
0x00b8508538206d2d	0x141c97fc8	R15SetPlayerBatteryNode
0xa0d6bb274453fc2f	0x141c97f40	R15SetPlayerInvulnerableNode
0x3b733f2a2738ed11	0x141c97ee0	R15SetPlayerRespawnPointNode
0xe3bc123f0db28ecb	0x141c97f70	R15SetPlayerShieldsNode
0x593dd5bba8530df5	0x141c96e88	R15SetPlayerVelocityNode
0x0d86ade308551685	0x141c968a8	R15SetPowerNode
0xc3c41285fc6f70cd	0x141c96c30	R15SetSFXProgressBehaviorNode
0x0f55e9882a20e64d	0x141c97080	R15SetScannerTextUINode
0xb8db5180970fda13	0x141c97b78	R15SetSliderPercentageNode
0x9a6bd2ba19a2f80d	0x141c968f8	R15SetToolActiveArmNode
0x31af2e0f8671d413	0x141c983a0	R15SetTriggerHandNode
0x93f4a5a269d1e470	0x141c464a8	R15SettingsTranslator
0x898c294b4f9c3941	0x141c97ab8	R15ShowPlayerHuskNode
0xabeea54e2a42f267	0x141c973a8	R15ShuffleLoadingTipsNode
0x96dda78f5abce8a6	0x141c998c0	R15SliderExpression
0x6f394490617657ed	0x141c96920	R15SnapshotCaptureNode
0x9517dd31f6dd2be2	0x141c98d00	R15SocketLinkedObjectMaskExpression
0x2d5cc5484891e316	0x141c99d50	R15SocketLinkedObjectNodeIDExpression
0x55a4fd15a7a3caa1	0x141c97f10	R15SocketSetPlugVisibleNode
0xf39e41633ef91dc9	0x141c96fe8	R15SpawnRadiationReadoutNode
0x18a81356fcdf2426	0x1416d2428	R15SpriteBlinkBehavior
0x1f6d73fc72666c9f	0x141c97840	R15StandardPOIEnableAlwaysVisibleNode
0x6f34edd0668a74a3	0x141c973d8	R15StartCoreTutorialsNode
0xb455b72c276fa5c7	0x141c98378	R15StopFacingNode
0x175cd964b7620b3a	0x1416d24b8	R15StoreItemBehavior
0x43d8624594e732e4	0x141c987d0	R15StoreItemBehaviorExpression
0x213f4aebf26d7fcd	0x141c96c60	R15StoreItemSetDataNode
0x6e92421e78acff4c	0x1416d2548	R15StoreScrollablePageBehavior
0xa083601138025887	0x141c96c88	R15StoreScrollablePageRefreshNode
0xa0d656e5a2103324	0x141c9a1f8	R15StuckExpression
0x0a02e336297b3463	0x141c96948	R15SwitchPowerTargetNode
0x70ad1137b06f65a5	0x141c96978	R15SyncLevelLoadsNode
0x2fc5deca4a715687	0x1416d99d0	R15Team
0xf40bc1a62cb155cf	0x141c96a90	R15TeleportPlayerNode
0xb619fc180645554f	0x141c96d18	R15TeleportVRNode
0xf67d82fe25b255fd	0x141c979c0	R15TextEntryAppendCharacterNode
0x2efb3f636d1c8e32	0x1416d25e0	R15TextEntryBehavior
0x7ec7656ec65c25db	0x141c97938	R15TextEntryClearEntryNode
0xa03e5d80da67a661	0x141c97968	R15TextEntryDeleteNode
0xc06f657b1808f7f6	0x141c98958	R15TextEntryExpression
0x5939d9b4fcda05e9	0x141c979f0	R15TextEntrySetEmptyDisplayStringNode
0xb2cc6611d54bb6d5	0x141c97990	R15TextEntrySetHiddenNode
0x513e97baa20f11e9	0x141c97910	R15TextEntrySetTextNode
0xfeeca843ceb9e6ac	0x141c46780	R15Theremin
0xe7a7511c936cabd8	0x141c992d0	R15ThrownObjectIsAboveExpression
0x2b47dc6bfd1d717e	0x141c99298	R15ThrownObjectIsFrontExpression
0xd9f98b27c010686c	0x141c990d8	R15ThrownObjectIsLeftExpression
0x10ee07d2afed3d47	0x141c97810	R15TitlePreviewSetItemNode
0x1684f7ff1b7a2abc	0x141c98d60	R15ToolActiveArmExpression
0xc37196987a3a27dc	0x141c98d38	R15ToolActiveExpression
0xb909fea48ce0e290	0x141c99580	R15TouchConnectedExpression
0x893d159651d5dd68	0x141c98ed0	R15TouchInteractAttachPositionInVolumeExpression
0x7b10ade0f7889ec2	0x141c995b0	R15TouchInteractHeldExpression
0x324a440fb3799550	0x141c995e0	R15TouchInteractHeldIfChildIsHeldExpression
0xc677d70a3e9c7d37	0x141c98058	R15TouchInteractSetCantMovePlayerNode
0x7eaacd7cc596e584	0x141c99e80	R15TouchInteractTimeSinceLastHeldExpression
0x0620ed979771a3aa	0x141c467e8	R15TrackPoint
0xab9297cc6883603e	0x141c9a300	R15TrackPointDistanceAlongTrackExpression
0xc54dc58b8adf835a	0x141c9a340	R15TrackPointTrackLengthExpression
0xac8a40bd64077978	0x141c99650	R15TrackerConnectedExpression
0xd23220b3c5ac258c	0x141c99620	R15TrackerCountExpression
0xa84310834b261e4c	0x141c99748	R15TrackerLeveledOrientationExpression
0x866f54a76c207810	0x141c99710	R15TrackerLeveledPositionExpression
0xde826951fd9b7be0	0x141c996b0	R15TrackerOrientationExpression
0xd3e3b0b9dfe15ed0	0x141c99680	R15TrackerPositionExpression
0x6d1f8972bffc1f9c	0x141c996e0	R15TrackerTrackingExpression
0x4f55be040dc034ad	0x141c969a0	R15TransferPowerNode
0x85d45832e4bdb196	0x141c46808	R15Trigger
0x5958d104d0f0d494	0x141c98478	R15TriggerExpression
0x956f1da7875c093b	0x141c96b78	R15UIEnablePageNode
0xffeda150d2bbfab6	0x141c46828	R15UILayout
0x7a8151069f29418d	0x141c46890	R15UIPage
0x85d5432be2bdb1d6	0x141c46870	R15UIPage2
0x84a940c568e40658	0x141c46848	R15UIPage2Element
0x61642c50dac46192	0x141c986f0	R15UIPage2ElementDelegateStateExpression
0x415c27c567ccfc63	0x141c976e0	R15UIPage2ElementSendEventNode
0xb104226d3246639f	0x141c97680	R15UIPage2ElementSetStateNode
0xca88469d57e4fea0	0x141c986b8	R15UIPage2ElementStateExpression
0x6d453494a15afca1	0x141c976b0	R15UIPage2EnablePageNode
0xabbb0b8a67deb0ee	0x141c98730	R15UIPage2EnabledExpression
0x641560fd34c5cd6c	0x141c98530	R15UIPageEnabledExpression
0x4f52549ccae0536e	0x141c98560	R15UIPageHasLayoutExpression
0xb6657b4fb98c1b20	0x141c98590	R15UIPageHasUIElementExpression
0x93b60e959d6e9b4d	0x141c468b0	R15UISettings
0xd5ce75585f7b0af1	0x141c96b18	R15UISettingsDecrementNode
0xfa070ed32529f109	0x141c96ae8	R15UISettingsIncrementNode
0xd6b53ace62ca6aea	0x141c99b08	R15UISettingsLookupByNameExpression
0x913cda3dd93075a8	0x141c99ad8	R15UISettingsLookupExpression
0x0fc3741a6ca8b6ed	0x141c97298	R15UISettingsModifyPageNode
0x0ee5adb450ebff6d	0x141c96ab8	R15UISettingsModifySettingNode
0x6c6452d5b2aff5a4	0x141c99aa0	R15UISettingsPageCountExpression
0x26d1b8e08b2eff10	0x141c99a70	R15UISettingsPageExpression
0x196996042c5f8d17	0x141c983c8	R15UISettingsResetNode
0x2b5418e5f0114d03	0x141c974f8	R15UISettingsSetValueNode
0x13b07d0eb4f11409	0x141c96dd8	R15UnlockActivePOINode
0x7d2442fa1c80a97d	0x141c969c8	R15UpdateObjectiveNode
0x68bff0ceabfd8b00	0x141c983f0	R15VRExpression
0xe67df7b6ece39e8d	0x141c97550	R15VoipPlaybackNode
0xe0e013da5e39a4c5	0x141c97528	R15VoipRecordNode
0xc8e8d0b1a882e3ee	0x1416d3570	RAD
0x2fc58e964c7b5b8f	0x141c42ba0	RAIRole
0xa1737a2d38600f04	0x141cb75b0	RAltModifier
0xb466dc3e0d60181c	0x141cd1e18	RAnalogDown
0xb466dc3e056a0906	0x141cd1dd8	RAnalogLeft
0xb99d21a4d414b93c	0x141cd1db8	RAnalogRight
0x2ada4503802f5398	0x141cd1df8	RAnalogUp
0x41d2d53f162c0415	0x141c42bf0	RBlock
0xe9acf66cfa016d73	0x141c42c40	RClearDisc
0x28db4a1c9b29489c	0x141cf5ab0	RConstant
0x3b61b9c92a428600	0x141cb7570	RCtrlModifier
0xe32dc7c8dd8a45b4	0x141cf5b08	RDead
0x24e991112cf19763	0x141c42c98	RDefense
0xc8c33e4828761fbc	0x141715300	REAL
0xe32dc7c8dc8e48e2	0x141715368	REAL2
0xe32dc7c8dc8e48e3	0x141715380	REAL3
0xe32dc7c8dc8e48e4	0x141715398	REAL4
0x106b2787396c1709	0x141c42cf0	REnterTube
0x24ea91032df69765	0x141c42d48	RGetDisc
0x2fc588905f785e8f	0x141c42da0	RGoalie
0xd1935605d4d35f9c	0x141c6a728	RHandToControllerIKEffector
0x04a9649776b17ff4	0x141c6a758	RHandToControllerIKOriBlender
0x65eb8c6ae1f5fc37	0x141c6a700	RHandToControllerIKPole
0xf79bf59cf639d260	0x141c6a788	RHandToControllerIKPosBlender
0x32e0d7c1c3920df8	0x141c6a5c0	RHandToWorldIKEffector
0xafa4335485415412	0x141c6a5e8	RHandToWorldIKOriBlender
0x671ef61eb2bf1d3b	0x141c6a598	RHandToWorldIKPole
0x5c96a25f05c9f986	0x141c6a618	RHandToWorldIKPosBlender
0xe32dc7c8d08b48b5	0x141c42df0	RIdle
0x517ed75fdd7ca71e	0x141c42e40	RMoveToProp
0x24e280163df68b68	0x1417153b0	ROTATION
0x24fdab152cf88d68	0x1416d2b80	RP_Begin
0x3bdb571b88294b8d	0x141c42e98	RPostGame
0x22c3ecac91dcf36a	0x141c42ef0	RPostRound
0x24fd86122efe8963	0x141c42f48	RPreGame
0x41d2d52d0f2d0416	0x141c42fa0	RPunch
0x6834529620289081	0x141c42ff0	RRandomMove
0x21711c066c66fb70	0x141c43048	RReactionSet
0x80d569ee897e8586	0x141cb75f0	RShiftModifier
0xef6be4f7b3625996	0x141c6a968	RStretchArmToWorldIKEffector
0x630ff6bef63ffee2	0x141c6a998	RStretchArmToWorldIKOriBlender
0x903d67b576b75376	0x141c6a9c8	RStretchArmToWorldIKPosBlender
0x11d8c089ca5d41ac	0x141c6a848	RStretchHandToWorldIKEffector
0xbd77897a86f2377e	0x141c6a878	RStretchHandToWorldIKOriBlender
0x4e451871067a9aea	0x141c6a8a8	RStretchHandToWorldIKPosBlender
0x24fe800227f18162	0x141c430a0	RStunned
0x41d2d52912310809	0x141c430f8	RThrow
0xab631dcad768f64b	0x141c43148	RTravelToPass
0x8388717c1ed5bccb	0x141c431a0	RTravelToScore
0x5909385176d1cbd2	0x141c431f8	RTravelToTunnel
0x295805686cc88b07	0x141c43250	RTubeEscape
0x29580c7a7ac7980a	0x141c432a8	RTubeLaunch
0xd0326fd04c5c9674	0x141cd3fb0	RadSourceEnterExitEvent
0x2fc58e9b57755999	0x141c3a148	Radians
0x5be7348fadd9ce8c	0x14171f3b8	RadioButtonBehavior
0x44cc207763f0f0ef	0x141ce7e50	RadioButtonSetCheckedNode
0x397f59f280690eb6	0x141c87a98	Rag_C1_Abdomen
0x7ad885dd94a021fa	0x141c87a38	Rag_C1_Chest
0xfbf996cf9d41062c	0x141c87a58	Rag_C1_Head
0xfbf996cf9b410423	0x141c87a78	Rag_C1_Neck
0xdc018b2d62d8db97	0x141c87ab8	Rag_C1_Pelvis
0xfbf696cf94560a79	0x141c87ad8	Rag_L1_Arm1
0xfbf696cf94560a7a	0x141c87b18	Rag_L1_Arm2
0xfbf696cf934b083c	0x141c87bd8	Rag_L1_Foot
0xfbf696cf9d45092c	0x141c87b38	Rag_L1_Hand
0xfbf696cf99410079	0x141c87b98	Rag_L1_Leg1
0xfbf696cf9941007a	0x141c87bb8	Rag_L1_Leg2
0xfbe896cf94560a79	0x141c87af8	Rag_R1_Arm1
0xfbe896cf94560a7a	0x141c87b58	Rag_R1_Arm2
0xfbe896cf934b083c	0x141c87c38	Rag_R1_Foot
0xfbe896cf9d45092c	0x141c87b78	Rag_R1_Hand
0xfbe896cf99410079	0x141c87bf8	Rag_R1_Leg1
0xfbe896cf9941007a	0x141c87c18	Rag_R1_Leg2
0xc4e7a8fd5a99cff7	0x141dc14d0	RandomDelayNode
0x43f216c5d7d2b47f	0x141c36c60	RawTexturePackfile
0x4d45fe614ffaad3f	0x141c72c40	ReactToLeftSide
0xc8c33e4828761fbc	0x1416eb720	Real
0xe32dc7c8dc8e48e2	0x1416eb738	Real2
0xa11c65c229d76f82	0x141cea718	Real2BezierExpression
0xe32dc7c8dc8e48e3	0x1416eb750	Real3
0x8f49b846f42a16e2	0x141cea740	Real3BezierExpression
0x2d2ebda5fb8bf5e6	0x141cea900	Real3JointLocalToWorldExpression
0xfe41a1ba3c208294	0x141cea010	Real3LocalToWorldExpression
0xa9aa0a14931fd88a	0x141ce9fe0	Real3ProjectOnPlaneExpression
0x5ffcd408177d045e	0x141cea040	Real3WorldToLocalExpression
0xe32dc7c8dc8e48e4	0x1416eb768	Real4
0x30cb6a44c8576424	0x141cd75b0	RealValueAnimTrigger
0xb5458a17773784d0	0x141cea988	RefPointExpression
0x2a2f58d436b15f9b	0x141ce7cc0	RefreshTextAnchorNode
0x44105a2c70a79ba5	0x141ce7d38	RefreshTextResizeNode
0x8d1af6b2ff5b6763	0x141ce7618	RegisterSoundRtpcQueryNode
0x21a208274ee6a937	0x141ce68e0	RemoveCollisionExclusionNode
0x9a7bb22a0c1e4149	0x141ce6910	RemoveIndexFromListNode
0x481d916472dbbd67	0x141ce83e0	RemoveTagNode
0x740b469a5c59978f	0x141ce6938	RemoveValueFromListNode
0x41d2d5381427020c	0x141714260	Render
0x24e89a132ced916f	0x141714278	RenderUI
0x2122519c1266996b	0x141ce7938	ReplaceLevelLoadChannelNode
0x938ffe5c7fa5d80d	0x141ce7b90	RequestPermissionNode
0xe22185108be7d985	0x141c47bd0	RequireButtonPress
0x0f6a2b8728751a1f	0x141c47c10	RequireLOS
0x41bd4576db9097ff	0x141701900	RequiresEarlyUpdate
0x4340a10721d8808c	0x141c4a298	RequiresVisibleInArmComputer
0xa6c217a78e6445f7	0x141c480d0	ResetOnIdle
0xa72ef47098703595	0x141ce6960	ResetTransformDetachOnParentDisableNode
0x2a37a621163f4e90	0x141cea2e8	ResolveActorAliasExpression
0x6ea0e22d0250cb80	0x141cd3890	ResourceError:
0x8675fef081ea99b4	0x141ceadf8	ResourceLoadedExpression
0x6ea0eb30115bdcc8	0x1416f2c20	ResourceLoader
0x2fc58a8c4e754084	0x141c49108	Respawn
0xb04b4220b37733d9	0x141c35210	RibbonUpdate
0xe32dc7c8d0884ca4	0x141cd3190	Right
0x24e4931f3dfe8872	0x141cd2ad0	RightAlt
0xf32e540eb600cae1	0x141cd1d68	RightAnalogAngle
0xbc1c1923e7277749	0x141cd1d90	RightAnalogMagnitude
0xcdc5c5709f8c813c	0x141cd1d28	RightAnalogX
0xcdc5c5709f8c813d	0x141cd1d48	RightAnalogY
0x6a7cd0fee4c50982	0x141cd2460	RightButton
0xcdc7c47f87918928	0x141cd2a98	RightControl
0x7a058a87120e9dc2	0x141c69e40	RightFaceButtonBlend
0x3c108f18c1d2ada0	0x141c72bf8	RightHandOccupied
0x204b3f5f5ef14bd2	0x141c7ecb8	RightHandOverrideBlend
0xa9494d90beb5b930	0x141c8cd30	RightHandOverrideContextNormalBlend
0x5f67d3d7bdc312ea	0x141c8cd68	RightHandOverrideContextRPSBlend
0xe722de2a777bb280	0x141c8ccf8	RightHandOverrideContextSelectBlend
0x204b3f5153ed40c4	0x141c7ec68	RightHandOverrideLayer
0x2a405e315db1bf6a	0x141cd20f8	RightHandTrigger
0x1b13e6f5e4930e71	0x141cd2148	RightHandTriggerAnalog
0x87670f3fe320be48	0x141c69dd0	RightHandTriggerBlend
0x4c3184851d93fb08	0x141c69df8	RightIndexFingerBlend
0xe92fde7dd4736086	0x141cb4ba8	RightIndexTrigger
0xb69dace29a5a846d	0x141c8d4b8	RightIndexTriggerAnalog
0xeeda9d4b858bd6e0	0x141c835a8	RightInput
0x2fc5869856605899	0x141cd2b08	RightOS
0xd45d36eab057464b	0x141cb6920	RightPunchSchemeA
0xd45d36eab0574648	0x141cb6970	RightPunchSchemeB
0xe1eb24becba02693	0x141cb6a10	RightPunchSchemeC_Bottom
0x16545e0272e878c8	0x141cb69c0	RightPunchSchemeC_Top
0xa35cb7a9826c3215	0x141cb6a68	RightPunchSchemeD_Face1
0xeeda9d518392c5e0	0x141cd2a58	RightShift
0xcee865c43cf3723b	0x141cd1e78	RightShoulder1
0xcee865c43cf37238	0x141cd1e98	RightShoulder2
0x51271b853a88e218	0x141cd2010	RightStickButton
0x6903f0f58229b4e8	0x141c69e20	RightThumbBlend
0x6903f0e49a25b9e7	0x141c835e8	RightThumbstick
0xcdd0d97894848336	0x141ca3a50	RightTrigger
0xe7d58f438297c6f0	0x141c802d0	RingFailed
0x14f6c33778e80fba	0x141c802f0	RingNeutral
0x14ebd3216fff1da5	0x141c80310	RingSuccess
0xc3171c5568b21f72	0x141c44818	RotCamPitchDown
0xccf88d70103c4f3c	0x141c44780	RotCamPitchDownDigital
0x259b294b871e2f00	0x141c447f8	RotCamPitchUp
0x01fcedeeebf0fb2e	0x141c44758	RotCamPitchUpDigital
0x2592214888133c04	0x141c44838	RotCamYawLeft
0x8ef7637670cb9980	0x141c447a8	RotCamYawLeftDigital
0x7f383de33706abf6	0x141c44858	RotCamYawRight
0xf9dab8603fb36882	0x141c447d0	RotCamYawRightDigital
0x4431a253ba6916b0	0x141ce9ea0	RotateVectorExpression
0x24e280163df68b68	0x1416eb780	Rotation
0xe2dbf10be9eee0d6	0x141ceaa80	RotationAngularDistanceExpression
0x941eb6b848bc41f0	0x141cea1b8	RotationFromAngleAxisExpression
0x65b983804cdcaa3e	0x141dc1710	RotationFromForwardEulerExpression
0xcecd4ede61fe98ce	0x141cea8d0	RotationFromForwardExpression
0x70cf81406c293556	0x141cea798	RotationLocalToWorldExpression
0x190d615cab0f8ad4	0x141ceaab8	RotationStepToTargetExpression
0xe3226cfb1a8d3aae	0x141cea188	RotationToAngleAxisExpression
0xab50df5143358672	0x141cea1e8	RotationToEulerExpression
0xd172f4f24774b39c	0x141cea768	RotationWorldToLocalExpression
0xa853d9eff49af2f9	0x141ce73c0	RunScriptNode
0x2fc59a8c4d7d5684	0x141cdfd78	Russian
0xc8c33e48286b1fb9	0x1416d7118	RxAI
0x7f1ccb28547a623b	0x141cf6df0	RxHealNode
0x24f59c1228f3906e	0x141c81ab8	RxHealth
0x185b3255b4956220	0x1416d0dd0	RxMaterialFX
0x33c6411c9f295186	0x141c43f00	RxRespawn
0xf6c55fd6675c4f51	0x141cf6e10	RxRespawnNode
0xf06b80d1392f4750	0x141c43f20	RxRespawnTarget
0x6e625828eebb88f7	0x141cf6ea8	RxSetDeathEventNode
0x7b2e5bf5dd1e2759	0x141cf6e80	RxSetInvulnerableNode
0xbd864e13ab12b5a5	0x141cf6e58	RxSetMinimumHealthNode
0x8b0852a82a67e37f	0x141cf6e30	RxSetNeverDieNode
0x78446d9b08c74219	0x141cf6ed0	RxTriggerMaterialFXNode
0xd1d52cf94503a855	0x141cd2cd0	S
0xe640b4baf4761996	0x1416d1400	SComponentEvent
0xe9582220d2e679c6	0x1417160a0	SDialogueSceneEvent
0x707ad589990a7338	0x1416d9960	SNSAddTournament
0x90758e58515724e0	0x1416d96e0	SNSChannelInfoRequest
0x6c8f16cd9f8964c5	0x1416d9708	SNSChannelInfoResponse
0x9e687a63dddd3870	0x141c3aad0	SNSConfigFailurev2
0x82869f0b37eb4378	0x141c3aa80	SNSConfigRequestv2
0xb9cdaf586f7bd012	0x141c3aaa8	SNSConfigSuccessv2
0xd06ae97220a7b41f	0x141c3acc8	SNSDocumentFailure
0xfcced6f169822bb8	0x141c3ac78	SNSDocumentRequestv2
0xd07ffd782fb7b509	0x141c3aca0	SNSDocumentSuccess
0x080495a43a6b7251	0x1416d9800	SNSEarlyQuitConfig
0xd9a955895caccac3	0x1416d9828	SNSEarlyQuitFeatureFlags
0x1f81b54c35788eaa	0x1416d9858	SNSEarlyQuitUpdateNotification
0x5160e81e45abc6a4	0x1416d9888	SNSLeaderboardRequestv2
0x4757a48a7af6aef7	0x1416d98b0	SNSLeaderboardResponse
0x5b71b22a4483bda5	0x1416d9908	SNSLobbySettingsResponse
0xe4b9b1cab57e8988	0x1416d97a8	SNSLobbyStatusNotifyv2
0xfb772a4221fc8d70	0x141c3ae78	SNSLoggedInUserProfileRequest
0xed5be2c3632155f1	0x141c3b078	SNSLoginSettings
0x80119c19ac72d695	0x1416d9730	SNSMatchEndedv5
0xeba0fc694d4e8636	0x1416d97d0	SNSNewUnlocksNotification
0x1225133828150da3	0x141c3af70	SNSOtherUserProfileFailure
0x1231172031050cb2	0x141c3aee0	SNSOtherUserProfileRequest
0x1230073227050cb5	0x141c3af40	SNSOtherUserProfileSuccess
0xf1cefc446985b4f5	0x1416e3d00	SNSPurchaseItems
0x8d049b8991fc695a	0x1416e3d30	SNSPurchaseItemsResult
0x1bd0fc454c85573c	0x1416e3cb8	SNSReconcileIAP
0x0dabc24265508a82	0x1416e3cd8	SNSReconcileIAPResult
0x244b47685187eae1	0x1416d4fa0	SNSRemoteLogSetv3
0xe84dd999ed0c255c	0x1416d9988	SNSRemoveTournament
0xa7a9e5a70b2429db	0x1416d9938	SNSRewardsSettings
0x0a88cb5d166cc2ca	0x1416d98d8	SNSServerSettingsResponsev2
0xf9bc2a364e230214	0x1416d9750	SNSTelemetryEvent
0x69d63bba5b883a23	0x1416d9778	SNSTelemetryNotify
0x6d54a19a3ff24415	0x141c3d0f0	SNSUpdateProfile
0xd28c6c51aa7b9d63	0x141c3b040	SNSUserServerProfileUpdateFailure
0xd2986849b36b9c72	0x141c3afa0	SNSUserServerProfileUpdateRequest
0xd299785ba56b9c75	0x141c3b008	SNSUserServerProfileUpdateSuccess
0xc9b9cf7abad53918	0x141715330	SOUNDSYMBOL
0x77e758f1ce8a3914	0x1416d0b18	SPhCollisionEventRecord
0x9ad54c03518778c0	0x141c3eb70	SPhCompoundEventRecord
0x316d493908a4cb06	0x1416d0ae8	SPhCustomConstraintEventRecord
0xcb738a8858c2c06e	0x141c3eb18	SPhExternalSolverEventRecord
0x4c6ce4f0d9fe7082	0x141715ce8	SPhRegionEventRecord
0x6f5744e648262184	0x141c3eb48	SPhSeparatedEventRecord
0x2a901aa01cd4c7be	0x1416da050	SR15NetCaptureVolumeClaimUpdateEvent
0x517259a5210b6918	0x1416da088	SR15NetCaptureVolumeLockUpdateEvent
0x163555ddebe6a656	0x1416da018	SR15NetDynamicCoverAnalyticsEvent
0xc11c08cb4618c58c	0x1416d9fb8	SR15NetExplosionDamageEvent
0x5116bbef00d8f01c	0x1416d9fe8	SR15NetHealBubbleAnalyticsEvent
0x8aaec7f9e9300dfa	0x141ca4dd0	SR15NetPhysicsOwnershipTransfer
0xa45301b679dd4416	0x1416d9f80	SR15NetPlayerAutoRegeneratedEvent
0x943402535a6dae4c	0x1416d9e88	SR15NetPlayerDamagedEvent
0x9fe9183334399f50	0x1416d9ee8	SR15NetPlayerHealedEvent
0xafe628092d712412	0x1416d9eb8	SR15NetPlayerKilledEvent
0xee54ce94077bcee4	0x1416d9f50	SR15NetPlayerScannedEvent
0xcbc52c1745f0d32a	0x1416d9f18	SR15NetPlayerStoppedHealingEvent
0x513a8e2a0f202e2a	0x141c88c20	SR15UISettingsChanged
0xd535565095ef8a5d	0x1416d4fc8	SRemoteLogs
0x740b33018eb83b52	0x141712e90	SResourceLoadFailed
0xc3cf40db45efbde0	0x141712e70	SResourceLoaded
0x44144316cd156c6d	0x141cf3908	SSAOParams
0xc83c13d4bda15814	0x141715408	SScriptCI::SaveLoad
0x45ce6cd8440ec46b	0x141cf7280	SSelectorEnvData
0x41d2d42e1536091a	0x1416ea408	SSound
0xc8e8d0b1a883f6e7	0x1416d0eb8	STM
0x41d2d429082a0919	0x141715350	STRING
0xf2cbbc7e6ef8b056	0x1416d7f30	STcpConnectionEstablishedEvent
0x08e8fe5930d62d60	0x1416d7f60	STcpConnectionFailedEvent
0x2fb4554c643d9452	0x1416d7f90	STcpConnectionLostEvent
0x0fe57a8b3980e660	0x141cd0cf0	STcpConnectionRequireEvent
0xa71752b80a91d724	0x1416d7fb8	STcpConnectionRestoredEvent
0x43e6963ac76beee4	0x141cd0d20	STcpConnectionUnrequireEvent
0x210db58b9c5262c0	0x1416d7f08	STcpPeerConnectEvent
0x25cfecb169856202	0x141c3aa28	STcpPeerConnectFailedEvent
0xf92978e408c610c8	0x141c3aa58	STcpPeerDisconnectEvent
0x730193eae005c616	0x1416f12c0	SUIBehaviorEvent
0x51256090f22841ea	0x1416d75e0	SVOPathPlanner
0x16827253c5abd4ee	0x1416f31e0	SVOPortal
0x16827453dbaad8e7	0x1416f3200	SVOVolume
0x41d2d42417210812	0x141715318	SYMBOL
0x72e92b97b4e39819	0x1416fcf78	SaveLoadData
0x6df62f81b7e3811d	0x141ca37a8	SavesPerGame
0xaeaa9592bf7ff88e	0x141cea138	SavingGameExpression
0xe32dc7c9da8e48b5	0x14170ee28	Scale
0x4bda1f5fa3d6f434	0x141c887d0	ScanReleased
0x08100220d2727c6e	0x141c88528	ScanStarted
0x2fc48c9e507a528e	0x141c88548	Scanned
0x140297d56b6c342b	0x141c38fe0	ScreenTint.EnableColorGrading
0xb1f9c83622781d3b	0x141c38fb0	ScreenTint.PreserveLuminance
0x49036aff003cdc55	0x141cd7b70	ScreenTintParams
0xe28c332c466156c7	0x141ce8888	Screenplay
0x32b37a8de0cd4b38	0x141ceac28	ScriptComponentNameExpression
0x4058c84fad475f3c	0x141ce98c8	ScriptLevelNameExpression
0x744f6d96ef0b81a0	0x141ce98f8	ScriptRunningExpression
0x822d952a336593f1	0x1416f2ca0	ScriptStateStack
0x4f1a23751365b9ec	0x1416f2c40	ScriptedControlFlowMission
0x06e127d0ee6b6f38	0x141cea800	ScriptedControlFlowMissionSequenceExpression
0x1fbab08d1ad7a169	0x1416f2c70	ScriptedMissionNodeAlias
0xe2863a2e5a6254d5	0x141cd2ea0	ScrollLock
0x983602e4a8dfe69c	0x14171f168	ScrollableElementBehavior
0xeec18af07368c64e	0x141cead50	ScrollableElementIndexExpression
0xf584caaf62798cd2	0x14171f0d8	ScrollableListBehavior
0x35e66c4d80c6a7a9	0x141ce7c60	ScrollableListScrollNode
0x23aa648eeae317c6	0x14171f200	ScrollablePageBehavior
0x1f68c25241059564	0x141ceae28	ScrollablePageExpression
0xbc235beac20a708d	0x141ce7c90	ScrollablePageScrollNode
0xefa6cb5050f5cf59	0x141ce7d90	ScrollablePageScrollToNode
0x223d5754f63cc025	0x141ce7dc0	ScrollablePageSetNumElementsNode
0xcdc6bec991e60922	0x141dc3c78	Sec-WebSocket-Version
0xfec8a24d8d6594d6	0x141dc3dc8	Sec-Websocket-Accept
0x592947ad44047133	0x141dc3cd8	Sec-Websocket-Key
0x2fc48a9c517a5399	0x1417017d8	Seconds
0x8a6f2e3c94ce5564	0x14171e018	SelectActor
0x06f30a27bbd5c050	0x141cea4b8	SelectIntExpression
0x2fc4c9588a3d1b9e	0x141cea508	SelectReal2Expression
0x3caa4fdb5ca45dfc	0x141cea530	SelectReal3Expression
0x51831f0cd50fa77c	0x141cea558	SelectReal4Expression
0xa2c444306e74296e	0x141cea4e0	SelectRealExpression
0x6e779823baf76fd8	0x141cea5a8	SelectStringExpression
0x2afe8dff3909f25a	0x141cea580	SelectSymbolExpression
0xc8c33e48297612b6	0x141c9a428	Self
0x05806b5fd8b3daec	0x141cd2fd8	Semicolon
0x5617397429b65593	0x141ce7b60	SendAmbientSoundActionNode
0x8f2db033f0669d5f	0x141ce7c10	SendAmbientSoundEventNode
0x5f023e8c191c0f7a	0x141cdc7c8	SendEventAnimTrigger
0x91cd9fcb4757b19b	0x141ce6998	SendEventGlobalNode
0xfcd86c18f92022b5	0x141ce69c0	SendEventNode
0xeba2dd04fd7cd0e1	0x141ce78b0	SendSoundEventAtPointNode
0x08b0cca7db5a76c9	0x141ce8400	SendTaggedEventNode
0x94329b9dffea7c91	0x141ce7f80	SetAlphaUINode
0x5b9ed0f900145bad	0x141ce7a90	SetAmbientSoundRTPCNode
0x9bbf8c481b7fd2d1	0x141ce7ab8	SetAmbientSoundSwitchNode
0x795e0f01bc2bc845	0x141ce7498	SetAnimBlenderValueNode
0x189ed341f9f92d57	0x141ce6ab0	SetAnimationRealChannelNode
0x9d89617341423b4b	0x141ce8558	SetBillboardTargetNode
0xc1be56058b9e1ba3	0x141ce8580	SetBillboardUpNode
0xdda35950e3d61605	0x141ce8180	SetCanvasElementAttributesNode
0xfab83497a937953d	0x141ce70a0	SetCanvasPositionNode
0xaf7e063a4211ccad	0x141ce81b0	SetCanvasUINode
0xc8a21b9d85ec6aff	0x141ce7570	SetColorUINode
0xe12da9ac1881513a	0x141ce87c0	SetExternalScriptActor
0x3492ff9fb8ee414f	0x141ce8770	SetExternalScriptFlag
0xc4e32cdba8bb9f76	0x141ce8620	SetExternalScriptInt
0x3492ff9face74144	0x141ce8648	SetExternalScriptReal
0xe12da9bf1e94527a	0x141ce8670	SetExternalScriptReal2
0xe12da9bf1e94527b	0x141ce8698	SetExternalScriptReal3
0xe12da9bf1e94527c	0x141ce86c0	SetExternalScriptReal4
0x698f2ec7281f4040	0x141ce86e8	SetExternalScriptRotation
0x4ab32465542a9e54	0x141ce8718	SetExternalScriptSoundSymbol
0x170eef4da31fb7cd	0x141ce8798	SetExternalScriptString
0x170eef40bc14b6c6	0x141ce8748	SetExternalScriptSymbol
0x66246b8ad410f383	0x141ce8428	SetFSFXNode
0x730c7aa8170deec9	0x141ce8448	SetFSFXTimelineNode
0xc6b954216e86e9cb	0x141ce6b80	SetFullScreenBloomNode
0xbb2cd9ef8c0f39d3	0x141ce6ae0	SetFullScreenExposureNode
0xfe41fa2d350a78b5	0x141ce6b10	SetFullScreenFoliageAnimationIntensityNode
0xa8ad60b08c4729b5	0x141ce6b50	SetFullScreenGradingNode
0x3d8fbedd26507bab	0x141ce6ba8	SetFullScreenTintNode
0x716a4a55a9af0175	0x141ce6c00	SetInstanceModelAlphaNode
0x24c401e0188027a1	0x141ce6bd0	SetInstanceModelColorNode
0xad39ee1562409a31	0x141ce6c30	SetInstanceModelMaterialPropertyNode
0x1204f4b5f8ec36a3	0x141ce6c68	SetLevelLightAttenuationNode
0x2c735e9ccfa60f8b	0x141ce6c98	SetLevelLightColorNode
0x420958374c438355	0x141ce6cc0	SetLevelLightIntensityNode
0x6599372373c44c7d	0x141ce6cf0	SetLevelLightNode
0xad549c44f5d1fbed	0x141ce7b38	SetLevelStateMaskNode
0x469c01eb45f18623	0x141ce6d18	SetLightAttenuationNode
0x319fa4523102965f	0x141ce6d40	SetLightColorNode
0x436283c07e938c3f	0x141ce6d68	SetLightIntensityNode
0xc88feed5c03caaa3	0x141ce6d90	SetLightOffsetNode
0x3ee306e7b6b9c5b5	0x141ce7078	SetLocalizedTextNode
0x286e5212013d2a0d	0x141ce6db8	SetMaterialPropertyNode
0x9de9b31566f35f11	0x141ce6de0	SetModelLightAttenuationNode
0x6d7b09e41057aefb	0x141ce6e10	SetModelLightColorNode
0x22e905abcab35915	0x141ce6e38	SetModelLightIntensityNode
0x1fc5abd3e0937e17	0x141ce6e68	SetModelLightNode
0x8df2f35ef0452405	0x141ce6e90	SetModelOffsetPositionNode
0xda7fb92dc65a3249	0x141ce6ec0	SetModelOffsetRotationNode
0xc7628fbe40c9ce63	0x141ce6ef0	SetModelOffsetScaleNode
0x9cc5b1fb84bce477	0x141ce7df8	SetOutlineChannelPropertiesNode
0x641022b18e65c88b	0x141ce7e28	SetOutlineIntensityNode
0x61b28a5806ed0a07	0x141ce7a28	SetOutputNode
0x67c4eb836a22086b	0x141ce6f18	SetPhysicsBodyModeNode
0x275c083ed482dc99	0x141ce6f40	SetPhysicsPriorityNode
0x7167b173f04ad943	0x141ce8900	SetQueryCollisionNode
0x8e60f7ed481b877d	0x141ce8318	SetShapeDebugAlphaNode
0xdbcebc58f934a1a9	0x141ce82f0	SetShapeDebugColorNode
0x8c11ddf66f730c6b	0x141ce8340	SetShapePositionNode
0xdb9c9785596c1a27	0x141ce8368	SetShapeRotationNode
0x04f3174edede5bef	0x141ce8390	SetShapeScaleNode
0xe2b879af9577bc21	0x141ce83b8	SetShapeTransformNode
0xfea3461390692575	0x141ce7ae8	SetSound2DRTPCNode
0x2583312b2a4fd88d	0x141ce6fb8	SetSoundRtpcNode
0x45606f073e7fac8d	0x141ce7a68	SetSoundStateNode
0xa4130fcc46d76a22	0x141cdc818	SetSoundSwitchAnimTrigger
0x45f0400588323d99	0x141ce6f90	SetSoundSwitchNode
0x5c2ac25c45064ccf	0x141ce7590	SetSpriteUINode
0x97ee244dcdc94ead	0x141ce7018	SetText2Node
0x91110be618a297af	0x141ce7038	SetTextDateNode
0x3a5ba9bbf52eab89	0x141ce7d10	SetTextFontSizeNode
0x811912e618a297af	0x141ce7058	SetTextTimeNode
0x706ba8d66c528553	0x141ce6fe0	SetTransformDetachOnParentDisableNode
0x9aadda797f7f8983	0x141ce7730	SetTwoStatePositionBehaviorNode
0x0a93897771f46420	0x1416f2cc8	SettingsTranslator
0x1f4beac7820f29ab	0x1416f2cf0	SettingsUI
0xc6a601bfae3ee04b	0x141ce7ea8	SettingsUIClearTextEntryValueNode
0x4eeb8ab29b75deb8	0x141ceaf20	SettingsUIFlagSettingExpression
0x82d513407bfb65a7	0x141ce7e80	SettingsUIModifyNode
0x773fd00826a0d5c1	0x141ce7ee0	SettingsUISetTextEntryValueNode
0x525ae37be49be37c	0x141ceaeb8	SettingsUISettingLookupExpression
0x1395a42b78c3ef26	0x141ceaef0	SettingsUIStringArrayExpression
0x2604a82525f935fc	0x141ceaf50	SettingsUITextEntryExpression
0xe32dc7c9dc9b51a0	0x141c736e0	Setup
0x75276c9cd312fe82	0x1417016b8	SetupAnimId
0x4d7007614a1cb659	0x141c38f58	Shadow.AutoFitCascades
0xbefc5d73ec3a569d	0x141c38f80	Shadow.AutoFitCascadesXY
0xbb685ed64b317f13	0x141c38eb0	Shadow.Masking.EnableAutoFitCascades
0x5b4af4165c2d680b	0x141c38ee8	Shadow.Masking.EnableAutoFitCascadesXY
0x068acd8adf64533f	0x141c38f20	Shadow.Masking.EnableMaxShadowCascades
0xc174dbaaa1b79c3d	0x141cf3a78	ShadowParams
0x7a35fcbc6eb75230	0x141ceaae8	ShapeBoxExpression
0x7577d91e76f44d26	0x141cea318	ShapeIntersectionExpression
0x088c7259dbb6c6f6	0x141c2fdf8	ShapeList
0xd39b36de5d83ef20	0x14170f8b0	ShapeNameRef
0xd498273355042783	0x14170f968	ShapeNameRefArray
0x879e860a23f6e35c	0x141ceab38	ShapePointExpression
0x25e595072ced8160	0x14170f890	ShapeRef
0x359167e38d14cbe7	0x14170f908	ShapeRefArray
0x50f6dd9decedf50e	0x141ceab10	ShapeSphereExpression
0x728cfc561491ac0e	0x141ceab60	ShapeTransformExpression
0xa772411051a1bf53	0x1416f2d10	SharedCanvasUI
0xa0117de0656b2a53	0x141ce6738	ShowLevelChannelNode
0xf26ebb527ac06fd5	0x141ce70c8	ShowLevelLightNode
0xc39aebfe4cf7223f	0x141ce6718	ShowLevelNode
0xcf8be6e64cf7223f	0x141ce70f0	ShowLightNode
0x883227a2e9975dbf	0x141ce7110	ShowModelLightNode
0xe2d1cdad1460b155	0x141ce7138	ShowModelNode
0xd8bc7b4475667d35	0x141ce75b0	ShowUINode
0x2b2222a17ab67e7c	0x141cea070	SimpleAnimationRealExpression
0xc39191ea231762fa	0x141c2fd70	SimpleShapeList
0x37c593d056bf363e	0x141dc1560	SinExpression
0xe32dc7c9d58e57b8	0x141cd3060	Slash
0x56278199b680d4c7	0x141c4b808	SlowReverse
0x4d73e66898aa0504	0x141c44358	SocketDynamicLinearPositionLeft
0x795b71d47d958766	0x141c44388	SocketDynamicLinearPositionRight
0x2c740fab362cffc0	0x141c443c0	SocketDynamicOrientationLeft
0xe886ca9494ee67cc	0x141c443f0	SocketDynamicOrientationRight
0xbe54dd6554101746	0x1416f0e58	SoundListener
0xa2fc3f37f44ea1b9	0x141c44ae8	SoundListenerIgnoreParentVisibility
0x0f986c58c7b3d4fb	0x141cd4488	SoundPlay
0xa252dc6550121147	0x1416f2d30	SoundPortalCS
0x4496873185d71df8	0x141ce9bf0	SoundRtpcExpression
0xa452c2645c1b1147	0x1416f2fa0	SoundVolumeCS
0xddbef23c282619a5	0x141ce7be0	SoundVolumeSetSwitchNode
0x9d1b9fffce2ae332	0x141701e60	SouthpawEnabled
0xe32dc7c9c98e47b5	0x141cd3078	Space
0x108c6c55c4b7d0f7	0x141cdfd20	SpanishEU
0x5ec87e17818dc427	0x141cdfe40	SpanishLATAM
0x39e737e139a0dbd2	0x141ceee78	SpawnColor
0xf6168239eb88e8e5	0x141cc63d0	SpawnParticleEffectNode
0xb90ef321dca3e6e3	0x141ce7678	SpawnPooledActorNode
0xe532c684876f69ad	0x141c4ba18	SpectatorTeam
0xdc9ffc963a3ecc9d	0x141c8a590	Speech_Bubble
0xd2a5cb9d5e9a8fd0	0x141c8a7f8	Speech_Bubble_clipped
0x41d2d42d1226151b	0x141ce1880	Sphere
0xcfdce0fb5cb03c9e	0x141cf7070	SphereConnection
0x4c1273e8ef5f2f28	0x141ceaa40	SphericalToCartesianCoordinatesExpression
0x0bd067327fd80dee	0x141701dc0	SpinFlipped
0x9a4624499c3ac6e1	0x141cdb330	SplineAnimCamera
0x9c5d86a18d6b1bd8	0x141cf70b8	SplineConnection
0x34f937e73aa5c7d4	0x141c2fd90	SplineList
0x41d2d4291b210b1b	0x1416d0920	Stable
0x949aa4ae58fd976d	0x1416fd988	Standalone
0x559937ea05d00173	0x141cd8db8	StandaloneCamera
0x9b03f2cc4cb4cec9	0x141cd8e38	StandaloneCameraConfig
0x32d178954663a966	0x141cd2360	StartButton
0x682d5b7631abb57e	0x141c47e60	StartDetached
0x32d1768f517ca36c	0x141c49368	StartLocked
0x0d6e63a4f53ff079	0x141701880	StartNotTargetable
0x5e62b3bfbcf1c7c1	0x141c48020	StartStuckToStatic
0x148c7048c3b6d8e7	0x14170efc0	StartTime
0x97bcc7412b13fd07	0x141ce8508	StartVideoCaptureNode
0x59686ab954001951	0x1416fe0a0	StartVisible
0x41d2d4291b370e1d	0x1416fe048	Static
0x0d61fa822ebe57a8	0x1416f1268	StaticInstanceModel
0x5892b088b23e1550	0x141ce8ef8	StaticInstanceModelSetCustomDataReal
0x187089486a57023e	0x1416ed1a8	StaticLODRegionTarget
0x53c70747ef67b6d2	0x1416f31c0	StaticRaycast
0x8be8a0c0d57a8fe6	0x141c480a0	StealOnContact
0x8cadecc3373beac2	0x141c48070	StealOnGrab
0xf1498bdfe527217d	0x1416ff4e8	SteerAvoidActors
0xc6bce98b8010c879	0x1416ff528	SteerAvoidCameras
0xc8c33e48296711a0	0x141cbc558	Stop
0x820d01970dadcfdb	0x141ce8268	StopAllDialogueInChannelNode
0x2a7d2abaf11f9dad	0x141ce8220	StopAllDialogueNode
0x97b85075e792ee27	0x141ce73e0	StopScriptNode
0x49c0cb6fa7f9b4eb	0x141ce68c0	StopSoundNode
0xc71a38a48dc8389f	0x141ce8530	StopVideoCaptureNode
0x14827548d8b0d9f1	0x141c7f188	StowTools
0x1240422fd0e823f8	0x141dc4ad0	StreamingMissionScript
0x9a7e30dabc6dd5a4	0x141cde848	StreamingScript
0x06eace9f64204fd0	0x141cf6598	StreamingScriptWin10
0x96c4d485f6a943d4	0x141c68dd0	StretchHandIKOriBlender
0x41d2d429082a0919	0x1416eb7a0	String
0xe1b2724120a4246f	0x141c8ff00	StringArray
0xc8c33e4829670bbe	0x141c4b328	Stun
0x05f6871e1f265df9	0x141ca3838	StunsPerGame
0x9d500f20147a78df	0x141ce7478	SubScriptNode
0x806f7d7f7fd4b672	0x1417141e0	SubmitDecalsGlobal
0x25f8960320eb8863	0x1416f27d0	Subtitle
0xa36907788a466d52	0x141cea938	SubtitleExpression
0x8b688fbdeccf398c	0x141cea960	SubtitleLogExpression
0x41d2d4280a26151c	0x1416cf460	Superb
0xf5e82fa29634498f	0x141ce7968	SwapLevelLoadChannelNodeNode
0x666f2d0573bcfa9b	0x141ce7c40	SwapModelNode
0x2fc4989a5a7d4482	0x141cdfda8	Swedish
0x26813cd19444a629	0x141cb7468	SwitchToDisc
0x500555e5ebcef6bd	0x141cb7428	SwitchToFollow
0x11cece1c89202950	0x141cb7448	SwitchToLevel
0x516e03eb617448dc	0x141cb7408	SwitchToPoV
0x421eb1ec1b3a056f	0x141cb74a8	SwitchToSideFieldCamera
0x41d2d42417210812	0x1416eb7b8	Symbol
0x1d3eb1273a2948ce	0x141ce9ce0	SymbolConcatExpression
0x73b620909dcc884a	0x141cd75d8	SymbolValueAnimTrigger
0x25f49a1427f08063	0x141ce7158	SyncNode
0x00e152d3350390c6	0x141c49f40	SyncToLinearConstraint
0xd1d52cf94503a852	0x141cd2ce8	T
0xc8e8d0b1a884e3e8	0x141cd2f40	Tab
0xc8e8d0b1a884e3ed	0x1416d95e8	Tag
0x31a94e0f7496ba7c	0x141c4ac60	TakesDamageAfterDeath
0x1a5340a8965ee85f	0x141c4c080	TargetAllies
0xeaadb196a60ec257	0x141c4c0b0	TargetEnemies
0xf4871f54f5eb322c	0x141c4c0e0	TargetSelf
0xc8c33e482e761fbd	0x1416d7600	Team
0xa01976533af6777a	0x14171e058	TeleportActor
0x94147ca3889608b3	0x141ce7178	TeleportNode
0x81627eeddb43e179	0x141cb74f0	TeleportToNextLevelCamera
0x62786df739713807	0x141cb7520	TeleportToPreviousLevelCamera
0xc0c4d25a084f83c9	0x141cf3b30	TesselationParams
0x7543f97203532126	0x14171f290	TestScrollableIndexBehavior
0x25a150f2e033e684	0x14171f448	TextAnchorBehavior
0x94916dc51980ae54	0x14171f4d8	TextResizeBehavior
0xa621530b7aaca923	0x1416ee138	TextureOverride
0x5d1ae4a70d757b03	0x1416ee110	TextureStreaming
0x94a0ebd6c0bc93be	0x141ceaf80	ThreadUserDataExpression
0xdde602377220df6a	0x141c44738	ThrusterForward
0x97fbc40816d93bc4	0x141c446f0	ThrusterGamepadBackward
0x66faafa1ab5f4772	0x141c44650	ThrusterGamepadDown
0x908af4998dc27aae	0x141c446c8	ThrusterGamepadForward
0x66faafa1a3555668	0x141c44678	ThrusterGamepadLeft
0xbc142aebbd30a8c8	0x141c446a0	ThrusterGamepadRight
0xb97520417a8ebeb8	0x141c44628	ThrusterGamepadUp
0x5caf5226c10ca58e	0x141c44718	ThrusterHoriz
0xf9f9ab60729d5d94	0x141c44518	ThrusterSpeedBoost
0x223abbafc7fbd046	0x141c44540	ThrusterSpeedBoostNoVR
0xf9f9ab606f934585	0x141c44568	ThrusterSpeedBrake
0x3f34a3bec7fbd046	0x141c44590	ThrusterSpeedBrakeNoVR
0x5269c6ef7dd6be72	0x141c44608	ThrusterVert
0xe32dc7ced08340b5	0x141cd2ed8	Tilde
0x2f0b50d992f79184	0x141701df0	TiltFlipped
0x491b0706c6bd38e8	0x141ce9bc0	TimeSinceDialogueExpression
0x27c0645eac9711ef	0x141cda710	TimeTransitionCamera
0xf3989802af2ed5b1	0x141dc1518	TimelineAbortNode
0x2039fdbfae4f5e73	0x1416d2a50	TimesNewRoman-HUGE
0x52d975c149b91c25	0x1416d2a28	TimesNewRoman-Large
0xec1c7d08b2a0ff99	0x1416d2a00	TimesNewRoman-Medium
0x52d975de45aa172c	0x1416d29d8	TimesNewRoman-Small
0xcff650a31ff6cbc1	0x141cb7488	ToggleDbgCam
0x06ddd453c0bcd4a3	0x141cb74d0	ToggleUIState
0xdf721ce54bcb5331	0x141cf37e8	ToneMappingParams
0xdf1792ec535721ed	0x141c47598	TouchOnly
0x22e2811421ef8562	0x141cd33c8	TouchPad
0x529cf521f027d656	0x141cd2038	TouchPadX0
0x529cf521f027d756	0x141cd2058	TouchPadY0
0xd09acf7399693c8b	0x141c4b070	TrailScalesWithDamage
0x2ac06ab85b3b36b9	0x14170efa0	TransOutTime
0xc2039ff7485020f1	0x14170ef80	TransTime
0x2ac97abe4e3037b9	0x141c47d48	Transferable
0xc2039ff75a563ff9	0x141ce18f8	Transform
0xc6b729c7f8c73675	0x1416f3258	TransformAutoScale
0xbf8c20d9c34fa3ea	0x141cf7048	TransformConnection
0x82b8cef7cdf8da61	0x141ce8d40	TransformDetachFromParentNode
0x911617dc6f190bd2	0x141ce9c18	TransformExpression
0x1b5d7f546d2a24a2	0x141ceacf0	TransformLocalToWorldExpression
0x279811c49a94e8c1	0x141ce7450	TransformSetParentNode
0x8491790443eabe13	0x141ce7198	TransformSetPositionNode
0xd31c337775f5a85f	0x141ce71c8	TransformSetRotationNode
0xa51cc84944b1edb3	0x141ce71f8	TransformSetScaleNode
0xe233ad6348080825	0x141cd9ac8	TransitionCamera
0x74ef58fcc1ed0566	0x141cd51c8	TransitionManager
0x18ee799df1740ded	0x141ce77e0	TransitionStateNode
0x255b2879068886a9	0x141ce74c0	TranslateWorldNode
0x22ff9d1627f88863	0x141c8a4a8	Triangle
0x98279d7eaa95c849	0x141c8a4e8	Triangle_Bottom
0x5185de266b1273d4	0x141c8a728	Triangle_Bottom_clipped
0x1b1ca7905ae9564e	0x141c8a4c8	Triangle_Top
0x9aedbe380af1ebc2	0x141c8a700	Triangle_Top_clipped
0x645403b497db5994	0x141c8a6d8	Triangle_clipped
0x2fc39a8d557d4482	0x141cdfe28	Turkish
0x26cc5a370dd11758	0x14171f568	TwoStatePositionBehavior
0xd1d52cf94503a853	0x141cd2d00	U
0xab6ce1879c3e83c6	0x1416d14a8	UIBehavior
0x961c5c8a19fc09ba	0x141cead20	UIBehaviorElementNameExpression
0x7bd90d23aded1c80	0x141ceae58	UIBehaviorExistsExpression
0x64337d0d1adceaf4	0x141cea628	UIInfiniteScrollExpression
0xf558bbb60dc3bb9a	0x1416e2790	Unclaimed
0x98eb1d4807cf0eff	0x141ce7298	UnitTestCheckNode
0xe27cea2cc1f86983	0x141ce72c0	UnitTestFinishNode
0x317d69628eb6385f	0x141ce72e8	UnitTestStartNode
0x2fc28194507b4084	0x141cd3378	Unknown
0x69ef193500d378c7	0x1416fe0d0	Unpickable
0xd8299cd327abcdc9	0x141ce7648	UnregisterSoundRtpcQueryNode
0x23e3870328fd8863	0x141ca31d8	Unstable
0x313d0759bc6b993a	0x141cd3148	Up
0xe32dc7cfc98441a9	0x141cb7610	UpKey
0x41d2d22d1e22131b	0x1417140e0	Update
0xa67135eac89bf488	0x141714508	UpdateAfter
0x856ab4264e1d256d	0x1417144e0	UpdateAfterPhysics
0x93e18399417f0c04	0x1417143b0	UpdateAfterScript
0x8b14763526e1159f	0x141714348	UpdateAnimDelta
0xd00ce550c35a95c8	0x141714448	UpdateAnimationsGlobal
0x4d54dfe703b43b59	0x1417142e0	UpdateBefore
0x19f355d964c51b3d	0x141714480	UpdateBeforePhysics
0x1b8b406388daa114	0x141714388	UpdateBeforeScript
0xa0364ff60a9d697f	0x141714590	UpdateBindings
0x5e62ee5166bdd161	0x1417142c0	UpdateBuffers
0xa13e52f102976b7f	0x1417141a0	UpdateCascades
0xa67135eecf9dfd83	0x141714328	UpdateEarly
0x29a8c69840c3969f	0x141714300	UpdateExecuteRequests
0x4d54daee0ab92850	0x141714118	UpdateGlobal
0xaa334ef605926a69	0x141714160	UpdateHLODFade
0xab3446fe0c916f60	0x141714548	UpdateIKGlobal
0x267ec83a7710ab97	0x141714138	UpdateLODFadeAmounts
0x696a8c7f9364a15a	0x141714528	UpdateLast
0x411ad2fb08d5d6f1	0x1417145b0	UpdateOverrideTexture
0xc907d73a890777c1	0x1417144b8	UpdatePostPhysics
0xa2b84b228c865f49	0x1417143d8	UpdatePrePhysics
0x5e73f84569a8d761	0x141714368	UpdateScripts
0x5e73f35664b7d461	0x1417141c0	UpdateShadows
0x6f685a1850fd83f9	0x141714420	UpdateSyncRequests
0xc5b4dae5f911cd72	0x141c4b0b0	UpdateTrailLength
0xe905faac2e60db3b	0x141714180	UpdateViewports
0x738addf09e323683	0x141714208	UpdateVisibility
0x2fc29f984c75538f	0x141dc3bd8	Upgrade
0x41d2d22f1d26090a	0x141716d68	Urgent
0xe85ea5b901dab79a	0x1416e00e8	UsErNeTiD
0x41d2d22e1f210806	0x141c4b998	UseBox
0xb1524d4e6db61407	0x141c47788	UseBoxScale
0x154debef8aedf7d1	0x141702930	UseCircularDeadzoning
0x5b3ea8067fb275ef	0x141c4a3e8	UseCustomScale
0xfafd3d23e8ae1581	0x141c47668	UseDebugDraw
0x16119b13d8198de9	0x141c47ba0	UseHighlighting
0xe85ebeba14cfbd8a	0x141c4af60	UseImpact
0x12a4069ee9e29804	0x1416fdad8	UseInitIntegration
0xba535c4963b60b11	0x1416fdaa8	UseInitMass
0x70ea33b44df20b1b	0x1416fda78	UseInitPriority
0xd313083770144682	0x1416fd9b8	UseInstanceModel
0x2ab70c3aacb6ed56	0x141c47698	UseJointMovement
0x2fc29c9a54675884	0x141c4a9a8	UseJson
0xbf52514761b91d11	0x1416fdd38	UseLODZones
0xf3e4318591c87379	0x141c4a3b8	UseLegacyScale
0xecf3ee9c8c439a0f	0x141c47638	UseModelShape
0x97c0975d9cec15cb	0x141714f68	UseMouseAnalogStick
0xd1ecb306324992a0	0x141c4a258	UseObjectiveAssociation
0x1590fa9665d404e3	0x141c47f50	UsePhysics
0x23fe910720eb876e	0x1416fe2a0	UsePitch
0x2fc29c9a4c604789	0x1416fe028	UseRTPC
0xe85ea5b60ac9bb8d	0x1416fdd68	UseRanges
0x77d6e91c125ce626	0x1416ff740	UseResolution
0x2fc29c9a4c7b5b86	0x1416fe2d0	UseRoll
0xe85ea4a708c7b09b	0x1416fdff8	UseSpline
0xa8c101d83ec8f653	0x141c4b0f0	UseTeamParticles
0xb427545f87183792	0x1416fe3b0	UseTransformUp
0xa64d43586da31710	0x1416fe380	UseUpVector
0x1597fa866cc705e9	0x141c4aef0	UseWhizzby
0xf8d4f2409780496b	0x141c49058	UseWorldSpaceGhostHands
0x41d2d22e1f3a0609	0x1416fe280	UseYaw
0x1592bf8e71d809e4	0x141dc3a60	User-Agent
0xd1d52cf94503a850	0x141cd2d18	V
0x8b11cfabc727302a	0x141cea490	ValueTestExpression
0xbe144322cd4437c5	0x141cdb730	VectorCamera
0x63539fe5ac0da378	0x141dc1778	VideoCardCountExpression
0x4a8a954292b361d8	0x141dc17a8	VideoCardNameExpression
0x608a7451636fd4ea	0x1416fe2f0	ViewOriented
0xb66183c040315adf	0x141cd7c38	VignetteParams
0x8501a86f7794f935	0x141c47c40	VisibleLOS
0x92000278d71fe564	0x141cf7178	VolumeLightConnection
0xd1d52cf94503a851	0x141cd2d30	W
0xef4e1de61d610e41	0x141ce76c8	WaitAFrameNode
0xe32dc7cdd18a41bc	0x141cd23d0	Wheel
0x41d2d0351f260b16	0x141cd23e8	WheelH
0x530de1fbd4af2054	0x141c49720	WorldSpaceOffset
0x41d2d02f1b2a1316	0x141ca3440	Wraith
0x6a2beddb3f9d4580	0x141701c68	WrapAroundTeleport
0x255dab056319a587	0x141ce76e8	WwiseEvent2DNode
0xd1d52cf94503a85e	0x141c9a9f0	X
0x313d0759bc6b947a	0x141cd24f8	X0
0x313d0759bc6b947b	0x141cd2590	X1
0x313d0759bc6b9478	0x141cd2628	X2
0x313d0759bc6b9479	0x141cd26c0	X3
0x313d0759bc6b947e	0x141cd2758	X4
0x313d0759bc6b947f	0x141cd27f0	X5
0x313d0759bc6b947c	0x141cd2888	X6
0x313d0759bc6b947d	0x141cd2920	X7
0x313d0759bc6b9472	0x141cd29b8	X8
0x26ad293cf6aeef09	0x141cd2400	XAbsolute
0xe32dc7c2d8974da3	0x141cd23a0	XAxis
0xc8e8d0b1a888e0f2	0x1416d0ee8	XBX
0xd1d52cf94503a85f	0x141c9aa08	Y
0x313d0759bc6b957a	0x141cd2510	Y0
0x313d0759bc6b957b	0x141cd25a8	Y1
0x313d0759bc6b9578	0x141cd2640	Y2
0x313d0759bc6b9579	0x141cd26d8	Y3
0x313d0759bc6b957e	0x141cd2770	Y4
0x313d0759bc6b957f	0x141cd2808	Y5
0x313d0759bc6b957c	0x141cd28a0	Y6
0x313d0759bc6b957d	0x141cd2938	Y7
0x313d0759bc6b9572	0x141cd29d0	Y8
0x0df40f6fae397c63	0x141cd2420	YAbsolute
0xe32dc7c3d8974da3	0x141cd23b8	YAxis
0xd1d52cf94503a85c	0x141c9aa20	Z
0xc8c33e48207c10b5	0x1416f3280	Zone
0x7b96464eee6f0e28	0x1416f3298	ZoneLoadPoint
0x2ce29a1239fe906e	0x1416f32b8	ZonePath
0x0c77fb2e8f59a6f6	0x141cf7130	ZonePathNodeConnection
0x89cd03f4beb0a8de	0x1416f32d8	ZoneTraverser
0x86dbce0db019c3bb	0x141ce8f30	ZoneTraverserResetStateNode
0xa3001aee62a26759	0x14171e0a0	__dynamic
0x5315e3e08dfe30ca	0x141ce0358	__missionnodeid
0xf459c3d4258ac08b	0x141ce0378	__missionnodetype
0x5315feec9bf229da	0x141ce0338	__missionscript
0xc8c33e4805631fb4	0x1416d5820	_pad
0x2fd68d96527d4393	0x1416d7c38	ability
0x6275f7f36adf4041	0x141ca3050	ability_properties|heal|raycast_body_to_body
0x6275f7f360d5455c	0x141ca3010	ability_properties|heal|raycast_body_to_head
0xb63a88f5082262a7	0x141ca2fd0	ability_properties|heal|raycast_head_to_body
0xb63a88f5022867ba	0x141ca2f90	ability_properties|heal|raycast_head_to_head
0xa5feb0c610bf6133	0x1416e1f78	ability_properties|sensor|ping_delay
0x72daa6e35cd0e885	0x141ccd700	abilityactive
0x01ecb87906d81078	0x141ccd7f8	abilitycdtimestamp
0xe32dc7dbdb8056a4	0x141dc1970	abort
0x41d2c63e19260b12	0x141c9bd58	accell
0x41d2c63e19260b0c	0x141c9bdb0	accelr
0x41d2c63e1926170a	0x141cccd10	accept
0x63fcf72fa58d0d3c	0x141cd3418	achievement
0x41d2c63e0e2a0810	0x141701fd0	action
0x37ee801e3ffe9063	0x141cefb70	activate
0xe0b942d9eefdc092	0x141ccc2b0	activated
0x2a52ecbbcfcc19dd	0x141ccabf8	activatespawnlock
0x41d2c63e0e2a111b	0x1416e0178	active
0x794e13955045c77e	0x1416d6288	active_battle_pass_season
0x59db56abec422dc9	0x1416d62b8	active_store_entry
0x554922b112d2f931	0x1416d62e0	active_store_featured_entry
0xb4226cd3169c19f3	0x141c9b090	activerequiresactive
0x5ba65f8c8e9c9199	0x1417015d0	activescenesets
0x33903d63aa7d76d9	0x141cf0f10	activezonecomponentname
0xe32dc7dbda9b4ba2	0x1416fd8f8	actor
0x41d2c63e0e2c154f	0x141cf6f90	actor1
0x41d2c63e0e2c154c	0x141cf6fc8	actor2
0x37ee80183bc08d68	0x141cf2278	actor_in
0xe0b944ddd0e6d082	0x141cf2258	actor_out
0x41d2c63e0e2c151f	0x141cf2338	actora
0x41d2c63e0e2c151c	0x141ccad20	actorb
0xe0b944ddebe8d197	0x1416fe4f0	actordata
0xe0b944dde3e0d682	0x1416fed18	actorlist
0xe0b944dde1e8c893	0x14170ef30	actorname
0xa8baaaf0941791af	0x141cf2588	actornameo
0xa8baaaf0941791b6	0x141cf2798	actornamev
0x27d421c78316ea74	0x141701280	actornodeid
0xe0b944ddffe6ca9a	0x141cf0d40	actorpool
0x41d2c63e0e2c150d	0x1416ed0b0	actors
0xa7d5d80c82abedea	0x141ceb0e0	actortosymbol
0x37ee80183be9856a	0x141cefd08	actorval
0x6f92fe589ffae025	0x141c5cd90	actorvolumes
0x6d2a5f430cf568ae	0x141dc19f0	adapteridx
0x86b2e20e4686e147	0x141c5cf50	additionalactors
0x2fd68b9b4c714499	0x141ccb588	address
0x682c444a0bf169a5	0x141cf18c8	addvolumes
0x785b3996e6080225	0x1416ffa40	adjacentnodes
0x391721ff289e3400	0x141cf5738	advantagetubelaunchdist
0xad8ff58b1c42d2d1	0x141cefe60	affectqueries
0xc8e8d0b1a891e4e1	0x141ccd488	afk
0x41d2c63b11371312	0x141ccd4c0	afkttl
0x41d2c63b082a041f	0x141cd34f0	africa
0x16c324a0e44dcf0d	0x141cf5830	aggressive
0x313d0759bc6b8d23	0x141ccb128	ai
0x2c75fb9089baaee1	0x1416e2a90	ai_difficulty
0xaafcc7ba14e4216b	0x141ca8080	ai_gameplay_rig
0x689d57ae5493498e	0x1416d7a78	ai_position_selection
0x6e8001976d4e9189	0x141ccd8a0	aidifficulty
0x9bafae1e63e9a2e7	0x141cf7468	aimcamerasensitivity
0x20c1610fcd091c98	0x141cf7490	aimcameraspinacceleration
0x1ca5a402d1345500	0x141cf74c0	aimcameraspinspeed
0x37e4861b20f88c72	0x141c30928	airlight
0x41d2c634082c0b1b	0x141ccd8d8	airole
0xe32dc7dbd58645a3	0x14170ef50	alias
0xd0f58b861f2ae348	0x141cd3680	alias_default
0x3bde4c54cab5044c	0x141cd3760	alias_external
0x5fdd35651c10c4d9	0x141cd36a0	alias_release_a
0x5fdd35651c10c4da	0x141cd36c0	alias_release_b
0xdb87ebe0fa86153e	0x141cd3738	alias_release_dev
0xdb87ebe0fa92043b	0x141cd36e0	alias_release_pts
0xb64b45c4281268e3	0x141cd37a8	alias_release_spare
0x9af8d5df8268bb33	0x141cd3780	alias_release_testing
0x067f21325eac10e4	0x141cd3708	alias_release_tournament
0xa6d694b9af807a4e	0x1416fead0	aliasedactor
0x2fd683965f675299	0x1416feb50	aliases
0xefa44cc1e2eccb82	0x141c5d3d8	alignment
0x3ff477d1df4ee3b6	0x141cc97e0	alignment0
0x3ff477d1df4ee3b7	0x141cc9800	alignment1
0x3ff477d1df4ee3b4	0x141cc9820	alignment2
0x3ff477d1df4ee3f5	0x141ccc2d0	alignments
0xd5c30732ba12abef	0x141ccae10	alivemagtype
0xc8e8d0b1a891eee6	0x141c9ad90	all
0x22bc0cb6a0ea0c17	0x141cf1020	allchannels
0xefa144d8e3e6c69d	0x141c9c5d8	allowlock
0x465af679c46ea317	0x141cf00c0	allownonintegrating
0x2ea31fbda9fd0106	0x141c9bdc8	allowregrab
0x37e198072cfa9675	0x141cc8a70	allpeers
0xefa245c8eef1cc85	0x141c9a9d0	alongaxis
0xe32dc7dbd59f4cb1	0x141cf0280	alpha
0x26fb78cfd941fbe3	0x1416ff0e0	alphascale
0x4a7385900bbd394c	0x141c33730	altbloom.exposureoffset
0x0353286b161820bf	0x141c336e8	altbloom.flags
0x85b0c96559f584e5	0x141c33708	altbloom.magnitude
0x8fcee7caf15fadfb	0x141c33cd8	altchromaber.dofscale
0xfe79df3438c6bbed	0x141c33d00	altchromaber.flags
0x96082d6c114c769f	0x141c33ca8	altchromaber.radiusscale
0x143aaebf72979c14	0x141c33bd0	altchromaber.rgbshift.x
0x143aaebf72979c15	0x141c33bf8	altchromaber.rgbshift.y
0x143aaebf72979c16	0x141c33c20	altchromaber.rgbshift.z
0x75de5ca3444eaf1b	0x141c33c78	altchromaber.strengthcurve
0x509e2bc1de0c44d6	0x141c33c48	altchromaber.strengthoffset
0xdf58b8205f7110bc	0x141c33ad8	altdistortion.amount
0x4f6d31571026af2e	0x141c331d8	altdof.bluramount
0xe6f7a5cefa8d69f4	0x141c33200	altdof.bluramountoffset
0xb0ab700ba5b935dc	0x141c332a0	altdof.fardepth
0x96fd9aa33d122177	0x141c331b8	altdof.flags
0xc53c446a4d329cd0	0x141c33278	altdof.focusfardepth
0x9e794cb2b7c0e67a	0x141c33250	altdof.focusneardepth
0x72e5e6062aa6e781	0x141c33318	altdof.masking
0x878fa9ccb8cfb5d8	0x141c33228	altdof.neardepth
0x0bc9e4f56c4a53c2	0x141c332c0	altdof.referencedepth
0xefe0fcd049ba8cf0	0x141c332e8	altdof.referencedepthoffset
0xf870e4cd88ebe294	0x141c336c0	altexposure.offset
0x0d8ca8938f190bc1	0x141c33b80	altfilmgrain.alpha
0x930976a9dec271c8	0x141c33b58	altfilmgrain.colormin
0x90148de41848a385	0x141c33ba8	altfilmgrain.size
0x6ef7b1af756db692	0x141c33600	altfog.bluramount
0xc04ed6008f300fa2	0x141c33398	altfog.color
0x7f6fc34ddb18b82a	0x141c33378	altfog.color.b
0x7f6fc34ddb18b82f	0x141c33358	altfog.color.g
0x7f6fc34ddb18b83a	0x141c33338	altfog.color.r
0x7f68c94fc703e231	0x141c33628	altfog.density
0xeb7bbf7df4cfc554	0x141c335b8	altfog.endcolor
0x69ef93ccc5e99f70	0x141c33590	altfog.endcolor.b
0x69ef93ccc5e99f75	0x141c33568	altfog.endcolor.g
0x69ef93ccc5e99f60	0x141c33540	altfog.endcolor.r
0xeb7bbf7afed3de4e	0x141c33408	altfog.enddepth
0x4d6359809b16625a	0x141c33450	altfog.endheight
0x752a65fc711deb03	0x141c335d8	altfog.endintensity
0xc04ed6058c3d07a3	0x141c33648	altfog.flags
0x12722bf56deceb12	0x141c33690	altfog.heightrampassetid
0xbadeff5c27faa8af	0x141c333b8	altfog.intensity
0xf14746a97db6861c	0x141c33668	altfog.rampassetid
0xe6f13e370369a3e8	0x141c334f0	altfog.startcolor
0x8425c49ca9fc8a2c	0x141c334c8	altfog.startcolor.b
0x8425c49ca9fc8a29	0x141c334a0	altfog.startcolor.g
0x8425c49ca9fc8a3c	0x141c33478	altfog.startcolor.r
0xe6f13e300975b8f2	0x141c333e0	altfog.startdepth
0x1b169ef3c3059bc8	0x141c33428	altfog.startheight
0xf80f6fd345e04115	0x141c33518	altfog.startintensity
0xc8f71411ef2baae7	0x141c33d28	altfx.flags
0xefb94dd7ebfbc481	0x141c309a0	altfxdraw
0x315c2d41fa4378fa	0x141c33ab0	altlensdirt.level
0x6e56a3421723580b	0x141c33a88	altlensdirt.magnitude
0x2304e486f34b6c8f	0x141c33a60	altlensflare.magnitude
0xee139e60fa035a14	0x141c33a38	altlensflare.threshold
0xf3efc0d77054b5fe	0x141c33930	altscreentint.colorinversion
0xa90791e1c05f8db7	0x141c339e0	altscreentint.flags
0xe2c10facff005ea4	0x141c33a08	altscreentint.offsetcenter
0x1284af0a3a9d1cfc	0x141c339b0	altscreentint.offsethigh
0x222f1229c79d4647	0x141c33960	altscreentint.offsetlow
0x222f1229c79c4054	0x141c33988	altscreentint.offsetmid
0x6f3871f8a25048b8	0x141c33828	altscreentint.saturation
0x483650e22fb9b7ff	0x141c33900	altscreentint.saturationlevels
0xae1a9b964a6fad06	0x141c338c8	altscreentint.saturationlevels.b
0xae1a9b964a6fad03	0x141c33890	altscreentint.saturationlevels.g
0xae1a9b964a6fad16	0x141c33858	altscreentint.saturationlevels.r
0x2ace5825a4a2314e	0x141c337d0	altscreentint.tint
0xb1b604cb958e3a18	0x141c337a8	altscreentint.tint.b
0xb1b604cb958e3a1d	0x141c33780	altscreentint.tint.g
0xb1b604cb958e3a08	0x141c33758	altscreentint.tint.r
0x6f4b22a4724592d4	0x141c337f8	altscreentint.tintscalar
0x2056a32af77b83df	0x141c33b00	altvignette.curve
0x1a0a3e3dd0908400	0x141c33b28	altvignette.exposureoffset
0x90dc4ec1d4761f9e	0x141c39370	ambient.EnableEnableParticleTint
0x387c00a9cfcb958d	0x141c39408	ambient.EnableFoliageAnimationIntensity
0x2a8e45fbe67494eb	0x141c39218	ambient.EnableIntensity
0xc0b84805a7e0103b	0x141c392d0	ambient.EnableIrradianceIntensity
0x519af396efa313ea	0x141c392a0	ambient.EnableIrradianceTint
0x2c5aa8f9ee66e15f	0x141c39330	ambient.EnableMaterialIrradianceIntensity
0xb5fa8f7766df97af	0x141c393d8	ambient.EnableParticleIntensity
0xd04be7075a8bba14	0x141c393a8	ambient.EnableParticleTint
0xd5e17f4a7274c953	0x141c39308	ambient.EnableSGOpts
0xb896516f5d22c4a3	0x141c39270	ambient.EnableSpecularIntensity
0x4c46ec414fe3305c	0x141c39240	ambient.EnableSpecularTint
0x7ad49eec14c06818	0x141c391f0	ambient.EnableTint
0x0008c4da8d842133	0x141c310a8	ambient.clothirradianceintensity
0xc3ce3538a65a94d6	0x141c31000	ambient.cubemapoffset
0xd04be7075a8bba14	0x141c31140	ambient.enableparticletint
0x4490e80c71ccb021	0x141c31240	ambient.foliageanimationintensity
0x30ff12ad69e7fd77	0x141c31078	ambient.ggxirradianceintensity
0x6cad3213c169f9bb	0x141c31110	ambient.hairirradianceintensity
0x59a4d04feaa5fdaf	0x141c30df8	ambient.intensity
0x81581a5d7fa140bb	0x141c30fa8	ambient.irradianceintensity
0xce44e28322cd1ff6	0x141c30f80	ambient.irradiancetint
0xb49ea40f72836284	0x141c30f50	ambient.irradiancetint.b
0xb49ea40f72836281	0x141c30f20	ambient.irradiancetint.g
0xb49ea40f72836294	0x141c30ef0	ambient.irradiancetint.r
0x22001dcef92f7efd	0x141c31300	ambient.masking.enablefoliageanimationintensity
0x24c19585bb79741d	0x141c312b0	ambient.masking.enablematerialirradianceintensity
0x944098112605fa79	0x141c31278	ambient.masking.enablesgopts
0x04e3647e01d9bf77	0x141c31210	ambient.particleintensity
0x4faecc7d1e70f084	0x141c311e8	ambient.particletint
0x31f6b4980ab4fad6	0x141c311c0	ambient.particletint.b
0x31f6b4980ab4fad3	0x141c31198	ambient.particletint.g
0x31f6b4980ab4fac6	0x141c31170	ambient.particletint.r
0xdc5d5a3413a3131b	0x141c31050	ambient.sgambientspec
0x9308264064b5b9ee	0x141c30fd8	ambient.sgroughcutoff
0xcf757be1fffc59b7	0x141c31028	ambient.sgsharpness
0x3e87a1ead3ce3965	0x141c310e0	ambient.skinirradianceintensity
0x098fba663a24ec7b	0x141c30ec0	ambient.specularintensity
0xd3a3c73b0b187acc	0x141c30e98	ambient.speculartint
0xfa42f27047ce15a8	0x141c30e70	ambient.speculartint.b
0xfa42f27047ce15ad	0x141c30e48	ambient.speculartint.g
0xfa42f27047ce15b8	0x141c30e20	ambient.speculartint.r
0x608966113782dd2c	0x141c30dd8	ambient.tint
0x789dbca6324ef82a	0x141c30db8	ambient.tint.b
0x789dbca6324ef82f	0x141c30d98	ambient.tint.g
0x789dbca6324ef83a	0x141c30d78	ambient.tint.r
0x2fd682935f765286	0x141cf0590	amlabel
0x41d2c6301536090a	0x141c9b4e8	amount
0xeebd47c6fbfcc193	0x141c9e5f0	amplitude
0x614d3a7d676ad726	0x141c9e190	analogleft
0x41d2c633192b080c	0x141c40238	anchor
0xe32dc7dbd78848b5	0x141c39d40	angle
0x37e3930439fa8162	0x141c9c1a8	angspeed
0x2fd681984b785698	0x141c9bc20	angular
0x151d62766dfa70a3	0x141c40140	angularvelocity
0xedaa5dcae3fbc086	0x141cf1d88	angvelrep
0x37e39d1a28eb8162	0x141c9c020	animated
0x8c638d054ae40670	0x141c4c2c0	animatedactor
0x38b38731092d138b	0x141c5fb38	animatedactors
0xeda446cefbe0ca98	0x1416fe908	animation
0x8c6f860a47f10467	0x141c9c5f8	animationname
0x41d2c633132e0e1a	0x1417027e0	animid
0x37e39d1a27fe8963	0x141cf2a20	animname
0x80d9251ec8e59983	0x141c9cd78	animquality
0xe32dc7dbd78649a3	0x1416d53c8	anims
0x2fd681965367529e	0x14170eee0	animset
0x37e39d1a3aef8165	0x141ceffd0	animspec
0xeda344dae1eac084	0x141c9ca40	announcer
0x62de5d27715de135	0x141c9cc98	antialiasing
0x2fd681864b675298	0x141ccb058	anyuser
0x2b15aa3460a5c8a9	0x141cf1d08	anywarppending
0x2fd6809c52715698	0x141cdcda8	aoclear
0xecb85bdcece8c993	0x141cdcdc0	aoupscale
0x7fcc420e425862ac	0x141cdcde0	aoupscale_msaa2x
0x7fcc420e425864ac	0x141cdce08	aoupscale_msaa4x
0xecbb44c3fae4c085	0x141c36ef0	aovolumes
0xad3e88f224498762	0x141cdcd88	aovolumes_vr
0xf3bd4ec1ebe8c293	0x141c9d778	appendage
0xd0b7fa049a564b06	0x141c9e5d0	application
0x41fe3bf649e8a89b	0x141c9c758	applicationvisible
0x0af55dac85c96e72	0x141cf13b8	applytochildren
0xc8e8d0b1a891f0e9	0x141ca31f8	arc
0xc4cc5cf43696c6cd	0x141cca358	archivepreview
0xe32dc7dbcb8a4ab1	0x1416d6bc0	arena
0x37ff911928fd8b72	0x141cf5ba8	arenabot
0x2770fa9441e23466	0x141cc9520	arenalevel
0xcb51ad927b20f325	0x141cbc3b0	arenalevels
0xc8c33e483b6119e1	0x141c9c710	arg1
0xc8c33e483b6119e2	0x141c9c728	arg2
0xc8c33e483b6119e3	0x141c9e4c0	arg3
0xc8c33e483b6119e4	0x141c9c740	arg4
0xa2d034dca6dd2f6a	0x1416d2978	arielroundedb24
0xa2d034dca6dd2966	0x1416d2998	arielroundedb48
0xc8e8d0b1a891f0e7	0x141c9ad10	arm
0x95061948f8bef6f8	0x1416db4e8	arm_computer_user_list
0xfc637abdd63dbd57	0x141c9ae00	armcomputerrequiresnode
0x41d2c62f172a0306	0x141c9d108	armidx
0xc7a18ad160460a96	0x141c9d558	armselection
0xf0ae4ec1ebe0cb91	0x141dc1a10	ascending
0x0026e2d81376b608	0x141cd3520	asia_south
0x37fe87163aec8d68	0x141cc0610	assassin
0x2fd69c8c5f615b9e	0x1416d69b8	assault
0xe32dc7dbca9c41a4	0x1416fe210	asset
0x1efa0f6dae3cec3d	0x1416fd058	assetindices
0xf0be4edbe1e8c893	0x1416fd958	assetname
0x41d2c62e0926130d	0x1416fd038	assets
0xf0be4edbfbf0d593	0x141cf2f00	assettype
0x03da8c535684be49	0x141cca2b0	assignmentcategory
0xf8b0d71749194b96	0x141cca338	assignmentstr
0x631e4314e8dfa389	0x141cca2d8	assignmentsubcategory
0x6d9ca5d9cf39675d	0x141ccd0f0	assistplayername
0x95e187a824c76bc6	0x141ccd308	assistplayernameuserid
0x2fd69c8c57674399	0x141cbdb68	assists
0x41d2c6290e220416	0x1416fd668	attach
0x580ecb8f7763d30d	0x141c84690	attachTransform
0x161b589f5c9f91bd	0x141c8aef8	attach_progress
0xcda92d7b9a805402	0x1416fee50	attachment
0x890da7314b751432	0x141cf0c68	attachoffset
0x764de4ff00c60c4e	0x141c5d158	attachrotation
0x37f980162af79069	0x141c9bed8	attachto
0xcda92d7b839c4a13	0x1416ff350	attachtype
0x8b67f8fcb70188a4	0x141cb5e40	attackerPossessed
0xe32dc7dbcd9b41be	0x141cf0370	atten
0x0b0e5668010b337c	0x1416fec98	attenuation
0x8fd92f91a173c10b	0x141cf21a0	attributename
0x2fd69a8b51665299	0x141c9cbd0	autores
0x37cf7a3ee6b7be76	0x1417023e8	autoscalebasex
0x37cf7a3ee6b7be77	0x141702418	autoscalebasey
0xc8c33e483b6b17a3	0x141c40128	axis
0x04fe9385df0edd7e	0x141c73768	back_enabled
0x34ec971c3efe9662	0x141cb5ea0	backward
0x9f452a2d0743743b	0x141c9c2c0	backwards
0x2fd58e935f7a548f	0x141cca460	balance
0x41d2c53c142d020c	0x1416d9cb0	banner
0x2fd58e8d4c7d5298	0x1416d77f8	barrier
0xc8c33e4838720db5	0x141cf2120	base
0xc663b6bec895da95	0x141c5fb98	baseactors
0xec9665994d7bb77a	0x141c9d5f8	baseposition
0xee9662914d7bb77a	0x141c9d5b8	baserotation
0x2fd58e8c5b675c9f	0x141ccc760	basesku
0x41d2c53c0926120e	0x141c9d630	baseup
0x9f55242f1042753c	0x1416d8fa0	baseuvset
0x2eec45339a23578d	0x141cb01d0	battlepasses
0x7f0b20e0b1cd8b3a	0x141715a88	beginpoint
0x34e89c163ff68b74	0x1416ffa10	behavior
0xe0e06107c9aa238b	0x141c9a568	behaviorname
0xe0e06107d3b23e8b	0x141cf10d8	behaviortype
0xc8cd40ab60dbf80a	0x141c416d0	bhvr_delegate_OnChecked
0xb6af42a9a6e85ca0	0x141c9fc40	bhvr_delegate_OnCurrentPageChanged
0x131294bac4734f78	0x141c416a0	bhvr_delegate_OnIndexChanged
0xec32a6a584b73298	0x141ca10d8	bhvr_delegate_OnListScrollAvailabilityChanged
0x47c40970d952e758	0x141cdee50	bhvr_delegate_OnPageCountChanged
0xb2768ab4f55e1f26	0x141c9fc78	bhvr_delegate_OnPageScrollAvailabilityChanged
0x0c40e9c29ebcc824	0x141ca0fd8	bhvr_delegate_OnPointerInteractHover
0x27b7ebd0100cb25d	0x141ca0fa0	bhvr_delegate_OnPointerInteractIdle
0x0c40e9da83afde25	0x141ca1010	bhvr_delegate_OnPointerInteractPress
0xe6d9364a71459d93	0x141ca1048	bhvr_delegate_OnPointerInteractRelease
0x82dcb4c5e7327613	0x141ca1730	bhvr_delegate_OnPointerInteractStateControlStateChange
0x412e4082b211a0f4	0x141c9f218	bhvr_delegate_OnScrollingChanged
0xd66cc134b753afea	0x141ca1aa8	bhvr_delegate_OnUnchecked
0xb1035b97c57a24a6	0x141c9f250	bhvr_delegate_OnVisibleChanged
0xb1c7d1b15f8fa3a6	0x141cf6fe0	bidirectional
0x974a2d380950622c	0x141c4a4d8	billboard
0x83a38728193457c5	0x141c39ae0	billboards
0x34e49a1320f18375	0x141701fa0	bindings
0x2e6d42aea743d769	0x141c2dac0	binparticleforces_cs
0x34e4801e27fb817e	0x141cf1608	bitindex
0x2fd5868b50755a8f	0x141cf1628	bitname
0xc8c33e48387a0aa3	0x141701f08	bits
0x2fd5839e4d605298	0x1416d69d0	blaster
0xe32dc7d8d58a4ab4	0x141cf0108	blend
0x6b9391e05b79c788	0x14170f0d8	blendcurvep
0x6b9391e05b79c78b	0x14170f0f8	blendcurves
0x951c5b1e85771f6b	0x14170f0b8	blendcurvestyle
0x6b9397e7476ecf9d	0x141c5d018	blendername
0x09d8e18d74dc144b	0x141cf0c88	blendervalue
0x6b939bfb5d66cf9d	0x141c9bb40	blendintime
0x09d2e68f61d90c4b	0x141c9bb60	blendouttime
0x41d2c5311f2d030e	0x141c9c178	blendp
0x41d2c5311f2d030d	0x141c9c190	blends
0xdcbce3111c1ac648	0x141cdcf50	blendshapegather
0xdcbcea1f1a06c254	0x141cdcf78	blendshapenortan
0xbf6b8eac49245258	0x141cdcf30	blendshapentb
0xbf6b8eac493a4949	0x141cdcf10	blendshapepos
0x92432f3e12587d2d	0x141c5d098	blendtime
0xe00a1fa882a6da59	0x141c5cf30	blinkanimations
0x009c313523f68806	0x141c48ea0	blinklayer
0xdf87c4b5ec4b3420	0x141c48f00	blinkratemax
0xdf87c4b5ec4b3c36	0x141c48ed0	blinkratemin
0xc3cab68de3280712	0x141c48e10	blinksanimset
0x153470047ce003be	0x141c48e50	blinkstatechangeanimation
0x63ea90bb91f3ae39	0x141cf5500	blockanimtime
0xb75adaef3ccc14b4	0x141ccd5f8	blockattemptfailed
0x6ae7efc13df27c19	0x141cf5300	blockchance
0x61eb96ba81f5b432	0x141cf52e0	blockcooldown
0xa7df29f6dc33cc35	0x141ccd5d0	blockcooldownactive
0xc800e0a5eb021e22	0x141ccd7a0	blockcooldownpercent
0xa7213cca0cc5f4d9	0x141cf5540	blockdecayrate
0xab3129d50ccbeec8	0x141cf55b0	blockdistfront
0x34e19b1422f68a61	0x141ccb348	blocking
0xd95963641ac7ca13	0x1416ff820	blockingvolumes
0x5a01bca0dc7d904e	0x141ccd778	blockprogresspercent
0x34e19b1422e78275	0x141c5cd40	blockxfs
0xe32dc7d8d5804bbd	0x141c9cc48	bloom
0xccf2a7f89da6377d	0x141c31728	bloom.bluriterations
0x6bd98ab34870af70	0x141c31700	bloom.exposureoffset
0x66e1a2cf30fd780f	0x141c316c0	bloom.flags
0xde321cb13323b4e7	0x141c31778	bloom.hiquality
0xe6f750577e42d5aa	0x141c31750	bloom.hiqualityspread
0x5019b8a711f67a39	0x141c316e0	bloom.magnitude
0xc8c33e48387f0bb5	0x1416e1f60	blue
0x72c158616250640b	0x1416d5ed0	blueGameScore
0x41d2c5310f26381f	0x141c68a10	blue_a
0x925324050450632d	0x141ca32e8	blue_base
0x9b1f77390bdb4d91	0x141cf6410	blue_base_gp_l1
0x9b1f77390bdb5391	0x141cf63d0	blue_base_gp_r1
0x9b1f77390bdb5392	0x141cf63f0	blue_base_gp_r2
0x90821e3bb7d650d1	0x141ca32a8	blue_base_pods
0x92532405015e7124	0x1416d78a0	blue_goal
0x7389eb24e4686d22	0x1416d7940	blue_goal_ai_nav
0x19079a534e208dc1	0x1416e5080	blue_round_score
0x1c97052a21e09f11	0x1416e2388	blue_score
0xef31e81d7ccf9310	0x1416e4930	blue_team_restart_request
0xca54425bca46fc08	0x141cf4a28	blue_tube1_ai_nav
0x605dafdff7a6493d	0x141cf4cd0	blue_tube1_ai_navpt1
0x605dafdff7a6493e	0x141cf4cf8	blue_tube1_ai_navpt2
0x605dafdff7a6493f	0x141cf4d20	blue_tube1_ai_navpt3
0x605dafdff7a64938	0x141cf4d48	blue_tube1_ai_navpt4
0x605dafdff7a64939	0x141cf4d70	blue_tube1_ai_navpt5
0xa10f4884cfafc570	0x141cf4e60	blue_tube1_exit
0xc954425bca46fc08	0x141cf4a50	blue_tube2_ai_nav
0x55ee245b8c0d839b	0x141cf4d98	blue_tube2_ai_navpt1
0x55ee245b8c0d8398	0x141cf4dc0	blue_tube2_ai_navpt2
0x55ee245b8c0d8399	0x141cf4de8	blue_tube2_ai_navpt3
0x55ee245b8c0d839e	0x141cf4e10	blue_tube2_ai_navpt4
0x55ee245b8c0d839f	0x141cf4e38	blue_tube2_ai_navpt5
0xa10f4b84cfafc570	0x141cf4e80	blue_tube2_exit
0xa10f4a84cfafc570	0x141cf4ea0	blue_tube3_exit
0xa10f4d84cfafc570	0x141cf4ec0	blue_tube4_exit
0xa10f4c84cfafc570	0x141cf4ee0	blue_tube5_exit
0x4e8db392c47cb196	0x141ccd1b8	bluebotcount
0x34e181123dfa856b	0x141ccc158	blueteam
0xbeb45fb10e8bfb04	0x141ccd178	blueteamcount
0x5887a69cc568b287	0x141ccd118	blueteamname
0xc8c33e48387c1aa9	0x141c401d0	body
0x706000cdc84337b8	0x141c9d000	body0actor
0x83f75c13784013d2	0x141c9d020	body0component
0x706001cdc84337b8	0x141c9d040	body1actor
0x96d79d4fd0253a7c	0x141c9d060	body1component
0x9142383b05457f3a	0x141c9d080	bodyactor
0xad49121287c90a1a	0x141c9d0a0	bodycomponent
0x34e2900e39fe9672	0x141ccc810	bodypart
0x68bbf651ee523f13	0x141ccc258	bodytargets
0x34e2900e3de69463	0x1416dc620	bodytype
0x41d2c5321e3a120e	0x141ccd760	bodyup
0x55cdc7c19566597e	0x141c313e8	bokeh.blurthreshold
0x8b7b00d51597cbf6	0x141c313b8	bokeh.brightnessthreshold
0xb70b13b23f0f660c	0x141c391a8	bokeh.enabled
0xfee17867aa0c4f55	0x141c31398	bokeh.flags
0xe32dc7d8d68057a4	0x141c44bf8	boost
0x2fd580904d605298	0x1416d9dd8	booster
0x016b4b6105547885	0x141ca7cd8	booster_transform
0x7b6a44c9d94f3eb9	0x141c5cd20	boosterxfs
0x34e29b043df68a61	0x141ccd598	boosting
0x476116b31d25532b	0x141c5cee8	bordercellconnections
0x3bee559eb6537acf	0x141c5fad8	bordercells
0x667d55dec55635af	0x141c9c4f8	bordername
0xc8e8d0b1a892edfe	0x141cc8e10	bot
0x91521e3b14547e29	0x141c9e7f8	bot_arena
0x604653c3c65539be	0x141c9e818	bot_combat
0xe167b12237b882d9	0x141cc0330	bouncegoals
0x2fd5808a50775298	0x141cc0060	bouncer
0x6cb0e763835f6369	0x141cf4f40	bounceshotprobability
0xe32dc7d8d69741a3	0x1416fe590	boxes
0x2fd58087527d449e	0x141701430	boxlist
0x6c6f5fc0de5a3db9	0x1416ff6a8	boxvolumes
0xc8c33e48386306a0	0x141ccc7d8	bpxp
0x41d2c52f1b20020c	0x1416d9dc0	bracer
0xd034ed463fb65f4b	0x141cb3388	bracersecondary
0xe32dc7d8cb8e4fb5	0x141c44c10	brake
0x848bb8267fb1e58c	0x141c7cee8	brakePauseTimeMax
0x848bb8267fb1ed9a	0x141c7cec0	brakePauseTimeMin
0x2fd59d9e557d598d	0x141ccd5b8	braking
0x41d2c52f1b390e12	0x141cd3488	brazil
0x801c7605ddcffce4	0x1416d93d8	broadcaster_init
0x41d2c52f152d1d1b	0x141cbdbe8	bronze
0x2fd59d8a57675298	0x141cc0020	bruiser
0x08f2ac8e971a657b	0x141c2d730	bspritedrawargs2_cs
0x508e7d44d229b1c1	0x141c2d758	bspritedrawargs2_stereo_cs
0x41d2c52818210b1b	0x141c9c908	bubble
0x30637c8456b22171	0x141cc98d8	bubbleactive
0x41d2c528162f020a	0x141c9c108	bullet
0x6f549432da6b108f	0x141cab730	bullet_begin_pos
0x5b4b9630df698154	0x141ca39a8	bullet_other_hit_registered
0x6f4dafaabcd92c50	0x141ca3938	bullet_player_head_hit_registered
0x397d01f428ccb0b4	0x141ca3908	bullet_player_hit_registered
0x4b5fa594f04116cc	0x141ca3970	bullet_player_kill_hit_registered
0x2fd59a924e714599	0x141c9e1e0	bumpers
0x054e08529d2d767d	0x141cca9e0	bundleallowindividualpurchases
0xe052a4290f6cf80c	0x141cca998	bundledescription
0xc39447c03ebebc80	0x141cca9c0	bundleicon
0xc39447c039bcbe8b	0x141cca978	bundlename
0x937617a8282f575b	0x141ccaaf0	bundleprice
0x8b48253603427b3d	0x141ccaab0	bundlesku
0xe32dc7d8cc9d57a4	0x1416d7870	burst
0xc651dd571aa8ba12	0x141c39c18	burstamount
0xdf835fc638a8bd9a	0x141c39c58	burstcount
0x1674484a1d40c44c	0x141c39c38	burstinterval
0xe6bc0b661592088f	0x141c47508	buttonboxpushtransform
0x4eca6ca520c29017	0x141c9c3b8	buttonlabels
0xd1d52cf94503a845	0x141d3efc0	c
0x661b11ab34ec7327	0x141c5fb78	cableactors
0xb4130b7a4ac7e049	0x141d3e9d8	callstack
0xcd4577f577f7f438	0x141cf7630	camcatchup
0xcd4364e04bfcf43c	0x141708f48	camera_cut
0xd8ee620073d9ff14	0x141701338	cameranameindexmap
0x9939d0fbb8963490	0x141701310	cameranodeidindexmap
0x2fd48e925b665699	0x1416fd100	cameras
0x6c22a20d276cd3f3	0x1417012e8	camerasdatablock
0x41d2c43c1420120a	0x141c9b548	cancut
0xb411096650c3e650	0x141cc0670	cannoneer
0x93bcaf6c8a04b2dc	0x141cf1400	cannotsleep
0xa54f4595be218d39	0x141cf54d8	canpunchblocking
0xb914c35ada68104a	0x141ccaee0	canspawnlefthand
0x7cc952f3ce5d0840	0x141ccaf30	canspawnleftshoulder
0x0ffa56b9b3c26032	0x141ccaf08	canspawnrighthand
0x0dff46459d03b9e2	0x141ccaf58	canspawnrightshoulder
0x41d2c43c1435060d	0x1416f1840	canvas
0x8bb2a87c890ea5c8	0x141c9cf40	canvascoord
0xce5077f27afeec2d	0x141cf1a20	canvasname
0xb102b06de0e730f2	0x141cf2030	canvasposition
0xb63df7f17ee3d2a8	0x1416ff648	canvasuiactor
0xd05263f371f2f17c	0x141cf15d0	capturemp4
0x6a33c7b8cd883f92	0x141cf5320	catcharmreach
0x2fd48e8b5d7c5299	0x141cc0460	catches
0x5364e547ea4e09b3	0x141cf5340	catchhandradius
0x44f49370061929e7	0x141cf5360	catchtwitchrange
0xdf1601611954bb3f	0x141cf5388	catchtwitchrangegoalie
0x35ec80122ef0967f	0x1416d0b90	category
0xbbeeb3042f183557	0x1416fd368	categorytable
0xefead03a7d21b627	0x1416d6450	cbt_deliverable
0xa8ab1a118f4e508e	0x141c2f9b0	cbufferidx
0x2fd48c9e5d605898	0x141cefd48	ccactor
0x35ee95033dfe876e	0x141cefd28	ccattach
0x35ee911928fd8863	0x141cf0030	ccenable
0x41d2c43e0e261f0a	0x141cf0070	cctext
0xc8c33e4839700ab6	0x141cf0088	cctf
0x1c1a2cdc2c2e7db9	0x141cefd60	cctransform
0x35e995143df69263	0x141ccaf80	cdactive
0x8a2ea3a7b462d587	0x141ccae30	cdstarttime
0x41d2c4381437020c	0x141cf1270	center
0x333096b62954526f	0x141cf1d48	centerofmass
0xb090ba424d930770	0x141cf2050	centerposition
0xcca0935c02b5b17d	0x141dc36e8	certificateauthorities
0x1054733c9d58cfc1	0x141dc36c0	certificatetypes
0xec35814a33263882	0x141ccc0d8	changeconangl
0xec35814a2621328b	0x141ccc0f8	changecontime
0x55ef1288cf8442df	0x141c9b768	changecontrolvalue
0xd9d391e0f30c5d54	0x141ccc0b8	changeinitangl
0x12b4e9f73deacd6e	0x141c9b618	changeintformatformat
0x0d6872cc6446145e	0x141c9b668	changeintformatmax
0x0d6872cc64461c48	0x141c9b640	changeintformatmin
0x8b678ef19359e4bc	0x141c9b5f8	changeintmax
0x8b678ef19359ecaa	0x141c9b5d8	changeintmin
0x10bf5d87968eb9d0	0x141ccc118	changejntoffset
0xb0d8652de4d1ef06	0x141ccbdc8	changeleft
0xbd1e096e5bcae64c	0x141ccc098	changelen
0xe13dadc1f7e4094f	0x141c9b740	changenamedflagvalue
0xec248b453e253e96	0x141c9b6d8	changerealmax
0xec248b453e253680	0x141c9b6b8	changerealmin
0xd30e95cb6448e2a2	0x141c9b718	changerealprecision
0xc2d899f8e1165f48	0x141c9b6f8	changerealstep
0xaa40ab080dacf494	0x141ccbe08	changeright
0x1828aee6283fd335	0x141c9b690	changestringarrayvalue
0x2fd4879e507a5286	0x141cefef8	channel
0xbd1e09675bcaea46	0x141cc9050	channelid
0xdbde4c51dd452924	0x141c9bf90	characterdriver
0xbd1e15684cd4e25b	0x141cf4928	chararray
0x2fd4879e4d675e99	0x1416d9da8	chassis
0x09c2999667dd77a2	0x141cf5008	checkbehindintervalmax
0x09c2999667dd7fb4	0x141cf4fe0	checkbehindintervalmin
0xb4d56938e7dde706	0x141c9bae0	checkpoint
0x75940de0ce21f8af	0x141c9bef8	childactorname
0xe8d023185903e451	0x141c9bf18	childcomponentname
0xb8da662be7c1e706	0x141cf2090	childcount
0xb8da6621e6d0ec0a	0x141cf20b0	childindex
0x41d2c435152a041b	0x141cf1208	choice
0x2fd4879057775299	0x141cf1658	choices
0xe70ff2fec60f8599	0x141c33f90	chromaber.dofscale
0x2bd0aef670c54531	0x141c33fb8	chromaber.flags
0x7c7ae21796bfb4b5	0x141c33f68	chromaber.radiusscale
0x3590a19c315a0a28	0x141c33e98	chromaber.rgbshift.x
0x3590a19c315a0a29	0x141c33ec0	chromaber.rgbshift.y
0x3590a19c315a0a2a	0x141c33ee8	chromaber.rgbshift.z
0x088769c6b2973f9d	0x141c33f40	chromaber.strengthcurve
0xdda0f83b47860624	0x141c33f10	chromaber.strengthoffset
0xc8e8d0b1a893ebee	0x141cc9620	cid
0x12950abbb0707425	0x141dc3620	ciphersuites
0x1dbcfd6a988da185	0x141cd3540	clanforge_
0x6eb43f993dafe887	0x141cd3640	clanforge_aus
0x6eb43f993dabe897	0x141cd3620	clanforge_euc
0x6eb43f993dabe883	0x141cd3600	clanforge_euw
0x6eb43f993da2fc80	0x141cd35e0	clanforge_lat
0x6eb43f993dbdf49a	0x141cd3660	clanforge_sin
0x6eb43f993dbbee97	0x141cd3580	clanforge_usc
0xa84d20f19b35d082	0x141cd35a0	clanforge_uscn
0x6eb43f993dbbee91	0x141cd35c0	clanforge_use
0x6eb43f993dbbee83	0x141cd3560	clanforge_usw
0x2803e5ffb7d90940	0x141c83e58	clavicle_left
0xee7a5100b135d506	0x141c68eb0	clavicle_left_rotation
0xa0a34c9a4cafc3b8	0x141c68e88	clavicle_left_weight
0x320807580346aa64	0x141c83e38	clavicle_right
0x94ad9e6a4ee45548	0x141c68f00	clavicle_right_rotation
0x5ceb65444dccdcf6	0x141c68ed8	clavicle_right_weight
0x2fd4839a5f7a429a	0x141cf1468	cleanup
0x19b3e95a999eb1b4	0x141cb67c8	clear_stun
0xc3ea796b7bb9eb2a	0x141cf5130	cleardiscdist
0x41d2c4311f22150d	0x141cc0480	clears
0xb91a067b4acfee47	0x141cf0ca8	cleartime
0xf2876905cb2ed284	0x141cf5470	cleartoscoredist
0xacdd79b95a8228ab	0x141c362d8	clearvrtarget_ps
0x41d2c4311326090a	0x141cbb6e8	client
0x7543b055db0a55c4	0x141ccc6f0	clientloadduration
0x57fb024b3635ebbf	0x141cf1c88	closestelementnamestring
0x57fb0246293eeab4	0x141cf1c58	closestelementnamesymbol
0x726bc88ff25ceb4b	0x141c9dfe8	closestfingerdistance
0x666dc892e75be740	0x141c9dfc0	closestfingerposition
0x6987795ef8603f6d	0x141c5fcf0	closestrefs
0x9d41a0044cad588d	0x141c9d988	closingvelocity
0x355541ddeaa3aee8	0x141c30248	cluster_generation_depth
0x53e148b3ad2b4a67	0x141c30170	clustergen_ps_back
0x3e102345516cd60b	0x141c301f0	clustergen_ps_back_mask
0xff7828bf7d633bea	0x141c30148	clustergen_ps_front
0xd42c0aad75400e6b	0x141c301c0	clustergen_ps_front_mask
0x16257507626ce8fa	0x141c30198	clustergen_ps_intersect
0x7edfd3121e4feceb	0x141c30218	clustergen_ps_intersect_mask
0x4eacd89f387eb893	0x141c30100	clustergen_vs
0xadd4ac9600aac735	0x141c30120	clustergen_vs_stereo
0x6f987f040960964c	0x141cb33e0	cmn_character_pattern_a_glass_template_clr
0x0782870f13fb1d92	0x141cb33a8	cmn_character_pattern_a_template_clr
0xba130b604dcfec4c	0x1416d0ac8	collision
0xe32dc7d9d6834ba2	0x1416ecf50	color
0x41d2c432162c154d	0x141cf1438	color3
0x3c2ea6534c110f07	0x141cf3248	color3paramname
0x371a104cfa7ee337	0x141cf3268	color3value
0x41d2c432162c154a	0x141cf1420	color4
0x7c95c6974dbd4027	0x141cf3288	color4paramname
0x371a174cfa7ee337	0x141cf32a8	color4value
0x371a7c58fe75ff3c	0x141cab6f0	color_begin
0xba13087b61c3ed46	0x141cab710	color_end
0x371a5059fa7ef330	0x1416ff0b0	colorscaleb
0x371a5059fa7ef335	0x1416ff080	colorscaleg
0x371a5059fa7ef320	0x1416ff050	colorscaler
0x6d56838373331201	0x141cf0260	colorspace
0x41d2c4321721060a	0x1416d6bd8	combat
0x11507105a6f36054	0x141cc9540	combatlevel
0xceba46c0228ef1b9	0x141cbc3e0	combatlevels
0xba1205664adff347	0x141ccbea8	combotype
0x41d2c432172e0810	0x141cb0118	common
0x4ae6b4f073d88ae9	0x141c38948	common_white
0x921a9006d0e7fb6b	0x1417019a0	commonblenders
0x1e5e6b0baceb604b	0x141701940	commonbones
0xe3bb79dc1701eea7	0x141701970	commonrootbones
0x35e2990725fa9063	0x141c9d220	complete
0xe110c6b0c64ea5f3	0x141c9b340	completeallsecondaries
0xba1217655bd2e646	0x141cc91e8	completed
0x9ba4d843de729359	0x141c9afa8	completedependencies
0x61c8337895b15da9	0x141c9d278	completedependenciescomplete
0xe8c49cf629b52c42	0x141c9b520	completeexpression
0x35e2990725f08075	0x1416fd388	complods
0xba12176650c3ed56	0x1416ff320	component
0x6c499e9e663c0505	0x141cf2350	componenta
0x6c499e9e663c0506	0x141ccad38	componentb
0x96a9f88628a60b9b	0x1417021c0	componentname
0x6c499e9e663c0517	0x141cefe80	components
0xea10711d69aa9ec1	0x141dc3640	compressionmethods
0xead7be4022fec5cf	0x141c35b20	computenearmask_cs
0xba1103604acfec4c	0x141c9b580	condition
0x41d2c43214250e19	0x1416cf680	config
0x6f5f9897772b0101	0x141cccd80	configtype
0x2fd4809157775686	0x141719608	conical
0xba11096c5dd2e646	0x141c9da38	connected
0x98fd8e8b4d08ac72	0x141cc9248	connectionfailed
0x2fd480914a75549e	0x1416d0e10	contact
0x70ceb749a1cf08ca	0x141c9d948	contactnormal
0xbf88adee9925d490	0x141c9d928	contactpoint
0xba11136857c8e650	0x141c9bfe0	container
0x35e29a0328f68a75	0x141cf17a8	contains
0xba11136c4dd2e646	0x1416d6870	contested
0x2fd480914a714f9e	0x141c5fbb8	context
0xac82bbeb8225d58a	0x141cf1480	contribution
0x6f4d839f6f3e1416	0x141cc05b0	controller
0x7aa800f0445cdde3	0x141c9e550	controlname
0xb4afa689da0d9ecb	0x1417014e0	controlpoints
0x6f4f94886f3b0210	0x141701480	convexlist
0x6b237a0820d0931f	0x141ccae70	cooldownactive
0xe32dc7d9d69a4aa4	0x141c2ebf8	count
0x41d2c42f1f22131b	0x1416e0648	create
0xdee5a578de86df70	0x141ccbf20	createnodeid
0x35ff91163df68a61	0x141cc9108	creating
0x8f5a386686fe2472	0x141cc9228	creationfailed
0xe32dc7d9cb8a41a0	0x1416cedc0	creep
0x992eb215e64ec3a6	0x141c9d7c0	creepactorpowered
0x5d41e687fa01a002	0x141c5cd00	creepactorset
0xa71a027950c9f14f	0x141c9d478	creepnorm
0x35ff911239ef8b75	0x141c9d458	creeppos
0xb44accbc34c800ca	0x141c9d798	creeppoweredcount
0xe69dbe91c41e66e1	0x141c9d3e0	creepradius
0x35ff810421f68a61	0x1416cee68	crushing
0x35fe80162aeb8b74	0x141c9ba10	cstactor
0xf36cbc6488e8015a	0x141c9ba30	cstcomponent
0x2fd49a9a50755a8f	0x141cf0fe8	cuename
0x35f886052cf1877f	0x1416d9c30	currency
0x6dac7a41475cf976	0x141cbc238	currency_panel
0x2fd49a8d4c71599e	0x141cf2200	current
0x4c788cc0a2ec7ffa	0x141cf2cb0	currentactor
0x4c788cc0ade878e9	0x141cf2d20	currentalpha
0xb5c815fe96075381	0x141cf2c70	currentdialogue
0x4c788cc7b3f97ded	0x141cf2a40	currentframe
0x5968f6a57a7af010	0x141ccad58	currenthealth
0x5f46308ed45e4053	0x141ccbcd0	currentobjectivedistance
0xd7548d1a6ebcecf6	0x141ccbd00	currentobjectivepercent
0xd42e54cdd325f561	0x141cf2f40	currentpage
0x5968eda87273e81c	0x141ccad78	currentshield
0x7aa655544759f968	0x141cf2c90	currentspeaker
0xa0ec02d5240568a8	0x141cf2cf8	currentspeakercolor
0x4c788cd2b5f964ed	0x141c9cea8	currentstate
0x929fa05365bb90ef	0x141cf2cd0	currenttransform
0x6d3d8193eb7dec95	0x141cd1a28	cursor_arrow
0xe32dc7d9cc9d52b5	0x141c39b38	curve
0x4238eb572f0950c5	0x141c9cfc0	customemissive
0x10fbbd8665bc767e	0x141ccacc8	customization
0xb5659811d9811e6e	0x1416d8ee0	customization.applydecal
0x2dd22b885b2f4e41	0x1416d9050	customization.combinemesheswhencompositing
0xff3db5562847ee68	0x1416d8ff0	customization.decaluvset
0x7cb98e8498e41401	0x1416d8f10	customization.enablenumbers
0x7ca79a9d8ee4141c	0x1416d8e80	customization.enablepattern
0x27310cd90da00a8b	0x1416d8f40	customization.numbersuvscale
0xb4d4410ceb043a12	0x1416d9020	customization.numbersuvset
0x56ceaf59f50c3ea9	0x1416d8eb0	customization.patternuvscale
0xfebbf6019b385f52	0x1416d8fc0	customization.patternuvset
0x7760b7b20bf979db	0x1416d8f70	customization.tiledcomposite
0xbe05a7fc07058860	0x141cbc1f8	customization_panel
0x94ffd3d8117518b9	0x1416d90b8	customization_primaryblendmask
0x8c31514409f4ab03	0x1416d91c0	customization_ps
0x7abbb0b3b865219b	0x1416d90e8	customization_secondaryblendmask
0x8c31514409f4ad03	0x1416d9198	customization_vs
0xc307423241c02a23	0x141cf0748	customizepercents
0x2fd49a8b5b624399	0x141c5ced0	cutevts
0x2df89d31155b8d0b	0x141c5ceb0	cutpercents
0x54cc9d89af0bf18a	0x141c9e928	cutting_cut_decal
0xb20feace74483152	0x141c9e950	cutting_scorch_decal
0xc8c33e48396a0da4	0x141c46348	cyst
0xd1d52cf94503a842	0x141702918	d
0x6499f8c8d2211651	0x141cca4b8	dailygame
0x41d2c33c1722001b	0x141c5d220	damage
0x2dbade90f0c69f8c	0x141ccc7f0	damageamount
0x2dbacc92eac1929d	0x141ccc830	damagesource
0x8dfc1120614abe0d	0x141c5cf98	damagetype
0xb402fb10d0ddcc42	0x1416fd420	dampeningclosed
0xff9a283d1b69279b	0x1416fd3f0	dampeningvalue
0x41d2c33c1424020c	0x141c9ada8	danger
0xc8c33e483e720ab1	0x1416ebc10	data
0x94f8102a675eaf1c	0x141cf04e0	dateformat
0xc8e8d0b1a894e3f3	0x141cf0498	day
0x2c9a9b61010cf7a5	0x141dc1950	deactivate
0xc8c33e483e761fb4	0x141ccadd8	dead
0x32e8951325f69772	0x141720ed0	deadlist
0x41d2c3381b250210	0x141ccc1d0	deafen
0x32e895112cf18162	0x141cc8ed0	deafened
0x2c8d876d0108edb4	0x141cf6f50	deathevent
0x1f9869e4d8f23261	0x141dc0b80	debug_engine_assets
0xc1534d1452761e6e	0x141cf0a08	debugprintoffsetx
0xc1534d1452761e6f	0x141cf0a30	debugprintoffsety
0xc1534d1452761e6c	0x141cf0a58	debugprintoffsetz
0xe32dc7dedc8c45bc	0x1416d9d40	decal
0x2e9883571502e7b9	0x1416e5c68	decal_body
0x6093f5dddb211651	0x141c9c478	decalname
0x4cd8fae02e736bfc	0x141c4bcd8	decalposition
0x2e98837b140cefa5	0x141702448	decalscale
0x6094fdd2d4341e50	0x141cbb690	dedicated
0x75705bbdb2a10bd7	0x141cbc198	deep_linking
0x76fb1b4bc750276c	0x141c2d688	def_alpha_test_grad
0x2fd38a995f615b9e	0x1416cf8d0	default
0xfeda460f96e6d4fc	0x141dc1290	default_font
0xd509cfcef223ba14	0x141c9b0e0	defaultmarkeractor
0xa8fbc477faad8c5d	0x141c9b108	defaultmarkercompname
0xaec7b77d5fc6956b	0x141c9b130	defaultmarkerpointname
0x40babca1f82f8496	0x141c9b0b8	defaultmarkertarget
0x5c15b5eb2adcc5ca	0x141cf56e8	defaulttubelaunchdist
0x2b989a64031be2ac	0x141cc9c08	defaultval
0x32e8921227fb8174	0x141cc0560	defender
0x3a4ccbec52c612a4	0x141cf50f0	defendgp2dist
0x3a4ccbed52c612a4	0x141cf5110	defendgp3dist
0x97197f2425104510	0x141cf5090	defendnoppdist
0xc1e837a531ed82f5	0x141cf5648	defendplayerradius
0x9cd042e7728e939a	0x141cf5070	defendrangemult
0xd90abec2eb1c9d2e	0x141cf50d0	defensegoaldist
0x41d2c3381c350612	0x141cccb18	defval
0x41d2c3381d31021b	0x141701560	degree
0x2fd38a984c715299	0x141cf2e68	degrees
0xe32dc7dedc8345a9	0x141c2ffa8	delay
0xefe2dea238cf2e32	0x1416d9b78	delegate_AbilityChanged
0x7bc73b1ce0f910b6	0x141c7bfe0	delegate_Activated
0xad6084535b4eaa9c	0x141caa760	delegate_Actorhit
0xe7e66ee824ca7398	0x141ca4d40	delegate_Added
0x8df3fc8374e0dd5c	0x141c45110	delegate_AttachHand
0xa14d86d2ce27a025	0x141c844c0	delegate_BecameActive
0x7225764183183f9e	0x1416efc28	delegate_BitFieldDisabled
0xe9134c079a6de534	0x1416efbf8	delegate_BitFieldEnabled
0x6dffdd1a7cd31344	0x1417127b0	delegate_BounceBegin
0x0a2d56fc0d50ae08	0x1417127d8	delegate_BounceEnd
0xf331ceb4cc0fd188	0x141cad7b0	delegate_BubbleLinked
0x1bfc5a9a7c6522f4	0x141cad7d8	delegate_BubbleUnlinked
0x41552625c376e30e	0x141ca66b0	delegate_BulletFired
0x814d7c1671763bc1	0x141ca89e8	delegate_CanGrabMagazine
0xa4c5b1e4da7b2d3d	0x141c89b18	delegate_CanLink
0xa4c5b1e4c56b2d35	0x141c89ac8	delegate_CanSync
0xb367700fa761ff03	0x141ca8a18	delegate_CannotGrabMagazine
0x8e12a80d9392666d	0x141c89b40	delegate_CannotLink
0x8e12a80d8c826665	0x141c89af0	delegate_CannotSync
0xaf6c9c504042a68c	0x141ca6a48	delegate_Collided
0xaf6c9d4c4543b78d	0x141c84470	delegate_Complete
0x504f81bba48047c5	0x141c84440	delegate_CompleteFirstTime
0x769ba7daf44364e3	0x141c84520	delegate_CompleteWhileActive
0x8ab8b14645d8cd87	0x141c844e8	delegate_CompleteWhileActiveFirstTime
0x216c6ea055d63662	0x141c745b8	delegate_Completed
0x8a8a6c80f98a8a5c	0x141c7c008	delegate_Deactivated
0xfbfd9906d43dce74	0x141c876a0	delegate_Destroyed
0x79c25d98f46864ea	0x141c45138	delegate_DetachHand
0xa86684594a52a68c	0x141cb0b40	delegate_Detected
0xbe5257f968060770	0x141cb0b68	delegate_DetectionLost
0xa86a835d4b4aa68c	0x141c87678	delegate_Disabled
0xa97285555956a68c	0x141c60220	delegate_Equipped
0x7cc621b8bf3248c5	0x141cb0818	delegate_FinishedPing
0xa14ec4a17e0affb0	0x141c60270	delegate_FireStart
0xaa6a82595a52ac98	0x141c60298	delegate_FireStop
0xe7e66eef29dc7398	0x141ca6a28	delegate_Fired
0xa4c1a2ebd4702632	0x141c809b8	delegate_Grabbed
0x4464627d4e07c63e	0x1416d9ba0	delegate_GrenadeChanged
0xf6f94ae75f629072	0x141cad428	delegate_Inactivated
0x634edef38f2183aa	0x141ca8b08	delegate_LeftHandGrabFailed
0xec0bc9b8ea3a642a	0x141c43e70	delegate_LeftThrusterOff
0xfee9783ced0851a8	0x141c43e48	delegate_LeftThrusterOn
0x8a622394efe0b1b6	0x141ca8a78	delegate_MagazineDeposited
0x4e90bdcada4eba30	0x141ca8aa8	delegate_MagazineDepositedLeft
0xe7ebb963709206d8	0x141ca8ad8	delegate_MagazineDepositedRight
0x7a9bc3c2bb5363dc	0x141ca8a48	delegate_MagazinesRegenerated
0xa4cba5fed7662632	0x141ca4d88	delegate_Mutated
0x7a948d8a76d574e6	0x141ca4260	delegate_NetworkFired
0xa4c8bffad9652624	0x141c60310	delegate_NoPower
0xf963be00bbad8c86	0x141caa788	delegate_NothingHit
0xd21144085a562b53	0x141c86de0	delegate_OnActivate
0x0d76b0bd6f70b91c	0x1416ec8c8	delegate_OnActorChanged
0xda8e771a9712dc72	0x141caaf48	delegate_OnAllGhosted
0xc42e419bc16aae98	0x141703170	delegate_OnAllSettingsUpdated
0xab29cf5aee414e02	0x141caaf70	delegate_OnAllUnghosted
0xa5567ceaa02f3ab3	0x1416d99f8	delegate_OnBalanceSettingsUpdate
0x7c6a4f32e4d1c88c	0x1416f01a8	delegate_OnBlackboardActorChanged
0x14a84d1fe9f4ea3a	0x1416f0058	delegate_OnBlackboardFlagChanged
0x1a13ea63c652b8d6	0x1416effb0	delegate_OnBlackboardIntegerChanged
0x963bbbd8db79a7a2	0x1416f0090	delegate_OnBlackboardReal2Changed
0x973bbbd8db79a7a2	0x1416f00c8	delegate_OnBlackboardReal3Changed
0x903bbbd8db79a7a2	0x1416f0100	delegate_OnBlackboardReal4Changed
0xcf37acce8ff30caa	0x1416f0020	delegate_OnBlackboardRealChanged
0xf5f1895e768bee1c	0x1416f0138	delegate_OnBlackboardRotationChanged
0x06870b05ad7cdc2a	0x1416f0170	delegate_OnBlackboardStringChanged
0x5074b9c733b18314	0x1416effe8	delegate_OnBlackboardSymbolChanged
0x341bb25046694a0e	0x141ca9288	delegate_OnBlockPressed
0x6a776f438289192c	0x141ca92b0	delegate_OnBlockReleased
0xab395ae5b5bcb608	0x141ca85e0	delegate_OnBoostStarted
0xab395aebb7b8b608	0x141ca8608	delegate_OnBoostStopped
0xe753603550e404ae	0x141ca7ad8	delegate_OnBoosterLoadBegin
0x39d06385ba83c7a2	0x141ca7748	delegate_OnBoosterSpawned
0x176b4688f0a43bbc	0x141ca7aa8	delegate_OnBracerLoadBegin
0x785c27955600e316	0x141ca8630	delegate_OnBrakeStarted
0x785c279b5404e316	0x141ca8658	delegate_OnBrakeStopped
0xa758dcf823ce9590	0x141cab2e8	delegate_OnBubbleEntered
0x52923177a02f6b5e	0x141cab318	delegate_OnBubbleExited
0x2e3f75242db6ceb4	0x141c6db38	delegate_OnCancelGoal
0xd7cfdd7af827e09a	0x141c89150	delegate_OnChanged
0x291312af7ff326f8	0x141ca7a78	delegate_OnChassisLoadBegin
0x028dcd038e07880a	0x1417163c8	delegate_OnChoicesChanged
0xfdc1f0aed1cb8324	0x141cabb60	delegate_OnClaimBegin
0x9914e3a93f833ccc	0x141caed00	delegate_OnClaimCountsChanged
0xd119d00ebc641c54	0x141cabb88	delegate_OnClaimLost
0xa4c9bee9da772224	0x14171b860	delegate_OnClear
0xa4c9bee9da7b203d	0x141c90468	delegate_OnClick
0xd7cfda75e221e68a	0x141c89178	delegate_OnContact
0x4a72379feb4abb70	0x141cabbd8	delegate_OnContentionLost
0xd216cd06a37f0a44	0x141cabbb0	delegate_OnContested
0xd7c8d476f727e09a	0x141ca6250	delegate_OnDamaged
0xa4c9beeed373373e	0x141ca62a8	delegate_OnDeath
0x088725a83299f252	0x141ca5f28	delegate_OnDeposited
0xd7c8dc68f722e99b	0x1416f2448	delegate_OnDisable
0xa36d94534a4da68c	0x141c7c560	delegate_OnDocked
0x717603b9a1956326	0x141c6e8b8	delegate_OnEmissiveChanged
0xa4c9beefdb62372f	0x141c86db8	delegate_OnEmpty
0xa36d95524844af8d	0x1416f2470	delegate_OnEnable
0x7005afbd6c613578	0x141c86220	delegate_OnEndIntersection
0xa4c9beefd8662624	0x141718170	delegate_OnEnter
0x3fb1bc4c055b3ff4	0x141ca45e0	delegate_OnEnterAimAssist
0x44e4f73c8b31baf3	0x141caae30	delegate_OnEnteredBubble
0xf473a8fe4dcf4d59	0x141caaee8	delegate_OnEnteredPersonalSpace
0x74f530bc1fb271bf	0x141caae88	delegate_OnEnteredSharedSpace
0x271f62873c576fa2	0x141718198	delegate_OnExit
0x8db2125179695af6	0x141ca4610	delegate_OnExitAimAssist
0x2c66b063254b55fd	0x1416f11d0	delegate_OnExitHovering
0x216da473354057ff	0x141caae60	delegate_OnExitedBubble
0xd79342c127a4b14b	0x141caaf18	delegate_OnExitedPersonalSpace
0x135557dfc0cf7bc3	0x141caaeb8	delegate_OnExitedSharedSpace
0xd7c9cd6bfa2fe19b	0x141cad0d0	delegate_OnExplode
0xc10820c3bfe399af	0x141cad0f8	delegate_OnExplosionComplete
0xd4d4a8ec090d92f2	0x141c6db08	delegate_OnFlagBaseEnter
0xd4d4a8fa041685e5	0x1416d76d0	delegate_OnFlagBaseScore
0x272ee1dd7e9c529a	0x141c6dfe8	delegate_OnFrisbeeFast
0x272ee1dd6b914e99	0x141c6e010	delegate_OnFrisbeeSlow
0x271f62873f5a6aba	0x141c86d98	delegate_OnFull
0xfdb213d9dc5e4826	0x141c6f8d0	delegate_OnFullyDepressed
0x648a269e4f52a20e	0x141caed30	delegate_OnFurthestDistanceChanged
0xdffc5af6755bdd3a	0x141702d70	delegate_OnGameSettingsChanged
0xa4c9beedde7d3022	0x141caade0	delegate_OnGhost
0xd7cbdd74e534e09a	0x141cab298	delegate_OnGhosted
0x2dada91e7f99118c	0x141ca7b08	delegate_OnGoalFXLoadBegin
0x9a2837eb53fd7fee	0x141ca62f8	delegate_OnHealingStarted
0x9a2837e551f97fee	0x141ca6328	delegate_OnHealingStopped
0xa9597c7111364443	0x141c6e888	delegate_OnHeraldryUpdate
0xe7e66ee62ec67f88	0x141caf720	delegate_OnHit
0x0ed5d3a5a5494dcc	0x141c90418	delegate_OnHoverBegin
0xdb1d46045e523152	0x141c90440	delegate_OnHoverEnd
0xa36d99515947a09c	0x141c73888	delegate_OnImpact
0xda1c5102585e2953	0x141c86e08	delegate_OnInactive
0xdf75ae2cccfabec1	0x141c7c058	delegate_OnInvisible
0x83f5f23f46905134	0x141caf740	delegate_OnInvulnerableEnded
0xc566aa3ec1fcb7c0	0x14171b810	delegate_OnItemAdded
0x58559604ee401940	0x14171b838	delegate_OnItemRemoved
0x5d0948b3343799d3	0x141ca92e0	delegate_OnLeftHandAttachedToGeo
0x6fea7fc750d76e24	0x141ca84f0	delegate_OnLeftHandAttachedToLocalPlayer
0xad37c0190158a524	0x141ca8470	delegate_OnLeftHandAttachedToRemotePlayer
0xa5e9b18eff21e4c1	0x141ca9318	delegate_OnLeftHandDetachedFromGeo
0x90963eaec4f2c64e	0x141ca8570	delegate_OnLeftHandDetachedFromPlayer
0xb8188259c53076dc	0x141cafa70	delegate_OnLeftPunchHit
0x3d50244154a4e01e	0x141ca91c8	delegate_OnLeftPunchPressed
0x50716a98d3080116	0x141ca91f8	delegate_OnLeftPunchReleased
0x988765b44182cc10	0x141c89c18	delegate_OnLinkChanged
0xa36d9c55474da68c	0x141c89b68	delegate_OnLinked
0x27e4c9b3cd082a21	0x141cb1190	delegate_OnLinkedByNetwork
0xd1c3eb3eba7cc1e0	0x141c89b90	delegate_OnLinkedByPlayer
0xdf1d5300405f3642	0x141ca6358	delegate_OnLocalHit
0xa36d9c534a4da68c	0x141cabc30	delegate_OnLocked
0x2a667c1ab9527c73	0x141709b60	delegate_OnMembershipChange
0xf145331a9e230e1c	0x14170f530	delegate_OnModelSwapBegin
0x86dff9b5b9d2f105	0x14170f560	delegate_OnModelSwapComplete
0xa6db19a3fa527f88	0x141ca5410	delegate_OnNetTouchGrab
0xe0992d65b58553e8	0x141ca5468	delegate_OnNetTouchOwnershipDeclined
0xf08e2f67af8d53fe	0x1416d7678	delegate_OnNetTouchOwnershipTransfer
0xe7f2f4f449ce43bf	0x141ca5438	delegate_OnNetTouchRelease
0x469d3bdd3a28aef1	0x141ca54a0	delegate_OnNetTouchResetOnIdle
0x6b26f01883349f28	0x141cb2b40	delegate_OnNetVarChanged
0x7aad67cf0466af38	0x141c8e4b8	delegate_OnPage2Disabled
0xd64f3478683e4a9c	0x141c8e490	delegate_OnPage2Enabled
0x80432978683e4a9c	0x141c8f050	delegate_OnPageDisabled
0xe06a2704d47ea01c	0x141c8e088	delegate_OnPageElementDisabled
0xcc6c1a23aa12b818	0x141c8e058	delegate_OnPageElementEnabled
0x330fe6524a8dd1ea	0x141c8e020	delegate_OnPageElementStateChanged
0x8cda7ab9008b1c28	0x141c8f028	delegate_OnPageEnabled
0xa36d805d5a55a191	0x141c6e038	delegate_OnPassBy
0x1013c8c6c9310efa	0x141cab3a0	delegate_OnPersonalSpaceEntered
0x530e2345cd9d0356	0x141cab3d0	delegate_OnPersonalSpaceExited
0x1c6fc6d6dca6895a	0x141cad0a8	delegate_OnPinPulled
0xfa2b410873621b74	0x141c43d50	delegate_OnPlayerBoostFailed
0x4254b13ff726b05c	0x141c43d20	delegate_OnPlayerBoostOff
0x0933c4a5f66b0db0	0x141c43cf0	delegate_OnPlayerBoostOn
0x0934c5bee06d07ba	0x141cabc80	delegate_OnPlayerEntered
0x737c2082dea6ad32	0x141cabcb0	delegate_OnPlayerExited
0xead8cc76cc3d6dd4	0x141c43db0	delegate_OnPlayerForceReleaseLeft
0xc5497fff38207730	0x141c43de8	delegate_OnPlayerForceReleaseRight
0x737c2e93dbbead32	0x141c43cc8	delegate_OnPlayerKilled
0xa7644427e0166a9c	0x141c43e20	delegate_OnPlayerReset
0x14401171a55f6ec4	0x141c43d80	delegate_OnPlayerTeleported
0xe553d1b825c68f3a	0x141c7d8e0	delegate_OnPointScoreZoneChanged
0x696b3e6261292bf8	0x141c85758	delegate_OnPointerDisabled
0x364d0c56d427da1a	0x141c85728	delegate_OnPointerEnabled
0xea580f491680c6e0	0x1416e16c8	delegate_OnPossessionChanged
0x2007c500b7f17160	0x141c86e30	delegate_OnPowerChanged
0xa4c9befac4773025	0x141c6f880	delegate_OnPress
0xfd58795e50b87006	0x141c6f858	delegate_OnPressStarted
0xd7dcc77ee533e09a	0x1416f11f8	delegate_OnPressed
0x88c4f2ae8eccd739	0x141c86250	delegate_OnPressedThisFrame
0xa76a16f777d3667f	0x141ca7b60	delegate_OnPreviewSoundPlay
0xa76a16f774cb6876	0x141ca7b90	delegate_OnPreviewSoundStop
0xf85b1fa8cbc7079c	0x141caed68	delegate_OnReachedFinalDestination
0xa36d82594b49ac9c	0x1416d9c08	delegate_OnReboot
0xbab784d9a35f6782	0x1416d9aa8	delegate_OnRegenFinished
0x9f3ced067929b886	0x1416d9a80	delegate_OnRegenStarted
0xd7ded077f321f69b	0x141c6f8a8	delegate_OnRelease
0xc1175c044d443a52	0x1416f1220	delegate_OnReleased
0xf111358b713670cb	0x141c86280	delegate_OnReleasedThisFrame
0x26f15547f0082bda	0x141ca8680	delegate_OnRemotePlayerOccluded
0x0b39086c8fcafa86	0x141ca86b0	delegate_OnRemotePlayerUnoccluded
0xa4c9bef8d3612622	0x141cabc58	delegate_OnReset
0xd7ded068e621f290	0x141ca62d0	delegate_OnRespawn
0x782c845307c553da	0x141caeda0	delegate_OnReturnedToCheckpoint
0x62a9e5e48ed6efa7	0x141ca9350	delegate_OnRightHandAttachedToGeo
0x484c3cf39b6f577e	0x141ca8530	delegate_OnRightHandAttachedToLocalPlayer
0xb0dfcd0120756a72	0x141ca84b0	delegate_OnRightHandAttachedToRemotePlayer
0xf1d8fcd2cf953b09	0x141ca9388	delegate_OnRightHandDetachedFromGeo
0xb63e3190109b6f96	0x141ca85a8	delegate_OnRightHandDetachedFromPlayer
0x6866b59e1db6b872	0x141cafa98	delegate_OnRightPunchHit
0x2108ce7396365dc0	0x141ca9228	delegate_OnRightPunchPressed
0x4aa496b86e2e3f4e	0x141ca9258	delegate_OnRightPunchReleased
0x6d9ab92438063ce4	0x141c891a0	delegate_OnSeperated
0x7b402e966f100abd	0x141c85788	delegate_OnSetUseLeftArm
0x71fff49496720de3	0x141c857b8	delegate_OnSetUseRightArm
0xba17beb6d10bb0bc	0x1417030e0	delegate_OnSettingChanged
0x6ee15c10ab68ee00	0x141703140	delegate_OnSettingDisabled
0xba11b8b6dd00b0bc	0x141703110	delegate_OnSettingEnabled
0x38cb10badf3adbd0	0x141cab340	delegate_OnSharedSpaceEntered
0xf2ca1558258aa4c8	0x141cab370	delegate_OnSharedSpaceExited
0x6ecc93f4ddb80820	0x141ca6380	delegate_OnShieldRepaired
0x056e33d8cedc6a80	0x141ca6278	delegate_OnShieldsDestroyed
0xff2d4a037148a392	0x141ca5ed0	delegate_OnSpawnedLocal
0x0360ce7dfc51dd43	0x141ca5ef8	delegate_OnSpawnedRemote
0x7eb1a38226ca0169	0x1416f11a0	delegate_OnStartHovering
0x55c56d4a9201a66c	0x141c861f0	delegate_OnStartIntersection
0xd15af7a86bf42202	0x141ca5ea8	delegate_OnStateChanged
0x12ffef46b82facf3	0x141c7e0b0	delegate_OnStickyStuck
0x8d56fff3c266f733	0x141c7e0d8	delegate_OnStickyUnstuck
0xa36d83485b47aa86	0x141c738b0	delegate_OnStrain
0x00e5e097dcffff38	0x141c7e108	delegate_OnStuckActorGrabbed
0xf0f79adbfce93964	0x141c7e138	delegate_OnStuckActorReleased
0x271f62872a5b73b8	0x1416d9be8	delegate_OnStun
0x43d3edcf5e56d7d4	0x141caaab0	delegate_OnTestSampleFinish
0x24ee41d40e3edca8	0x141cb1b98	delegate_OnTetherActivated
0x6ee391086c4296c8	0x141cb1af0	delegate_OnTetherBegin
0x6ee391087b409ecd	0x141cb1b40	delegate_OnTetherBreak
0x17a8fede9c3683dc	0x141cb1bc8	delegate_OnTetherDeactivated
0xbf9680d6dcf7541e	0x141cb1b18	delegate_OnTetherFail
0xcd8a6360fd78c855	0x141cb1b68	delegate_OnTetherSuccess
0x1244a638073e2590	0x141ca7b38	delegate_OnTintChanged
0x0678ab342808bf84	0x141c8d860	delegate_OnTriggerDisabled
0xb0755a3fc5f64350	0x141c8d890	delegate_OnTriggerEnabled
0x9581c5c894108050	0x141c8d830	delegate_OnTriggerHandChanged
0xaa0c4889b7e6c4f2	0x141c8d808	delegate_OnTriggered
0xb87f910e2ecea6f2	0x141c8fa10	delegate_OnUISettingsUpdated
0xc61c540e4f5c3a52	0x141c7c588	delegate_OnUndocked
0xd7d9db7cfe2ff68a	0x141caae08	delegate_OnUnghost
0x9d5b61d2f9775798	0x141cab2c0	delegate_OnUnghosted
0xc61c5c08425c3a52	0x141c89bc0	delegate_OnUnlinked
0xcf97301395e0ead3	0x141cb11c0	delegate_OnUnlinkedByNetwork
0xacff9371166433e4	0x141c89be8	delegate_OnUnlinkedByPlayer
0xc61c5c0e4f5c3a52	0x141cabc08	delegate_OnUnlocked
0x55f958c132b0aa97	0x141709b90	delegate_OnUntargetableChange
0xd7dadc68ff22e99b	0x141c7c030	delegate_OnVisible
0xd7c9c27aef25eb9a	0x141712800	delegate_OneWayEnd
0x3ea2981ec20b2652	0x141ca4288	delegate_OwnerConnected
0x9d4c74d718e99a28	0x141ca42b0	delegate_OwnerDisconnected
0x462cd241de7b9a90	0x141cafdc8	delegate_PlayerEntered
0xd2dfd650b59917e4	0x141cafdf0	delegate_PlayerExited
0xea196869220bb96c	0x141caa738	delegate_PlayerHit
0xb2fe95b2ba212eee	0x141c88770	delegate_PointScanCompleted
0xa4d6a2efc5612632	0x141c602c0	delegate_Pressed
0xbe669c594855a68c	0x141c602e8	delegate_Released
0xa4d4b5e7d9642632	0x141ca4d60	delegate_Removed
0xe7e66efb25dd7388	0x141c80920	delegate_Reset
0x59512b3eeddef106	0x141ca8b38	delegate_RightHandGrabFailed
0x3b0802e19a329340	0x141c43ed0	delegate_RightThrusterOff
0xff1522d1e720cecc	0x141c43ea0	delegate_RightThrusterOn
0xa78f5ebb69f34fbe	0x141c80968	delegate_RingFailed
0x986eaf0a39859b3a	0x141c80940	delegate_RingNeutral
0x9873bf1c2e928925	0x141c80990	delegate_RingSuccess
0xea30287e219d46fe	0x141c886e8	delegate_ScanCompleted
0x84886e1d931fe8ee	0x141c886c0	delegate_ScanStarted
0x593d184a3b7c6fd0	0x141c88710	delegate_ScannerEquipped
0xfb7cb76ec416b4a6	0x141c88740	delegate_ScannerUnequipped
0xa4d5a0ebc17c2632	0x141c87650	delegate_Spawned
0xe0d0d2edd1abddd0	0x141707d78	delegate_SubtitlesChanged
0xe0d0d6e9debeddd0	0x141707d48	delegate_SubtitlesCleared
0x50e1c01833e9a454	0x141707d20	delegate_SubtitlesSet
0xdf32ca56e7eff2c2	0x141ca66d8	delegate_TargetAcquired
0x77c1539554edf902	0x141cad750	delegate_TargetActivated
0xc09d3b455fd9d556	0x141cad780	delegate_TargetDeactivated
0xb4ddceac0185a470	0x141ca6700	delegate_TargetLost
0xfd8cf56544b904a3	0x141cb07f0	delegate_TriggeredPing
0xa8709281630c5d76	0x141c84b10	delegate_UIObjectivesChanged
0x3ab3c6d6e6b0e989	0x141c84498	delegate_Uncomplete
0x3caddecffaa5f888	0x141c60248	delegate_Unequipped
0x5e53eec6d3ee2e06	0x141ca8e68	delegate_WeaponArmChanged
0x141da9bee941e9bc	0x1416d9b50	delegate_WeaponChanged
0x8df3fc8374e0dd5c	0x141c8a9c8	delegate_attachhand
0xe7e66eea28cf7f92	0x141cb46c8	delegate_chain
0x8cf644ec9268d337	0x141c6e918	delegate_heraldry_update
0x6afba2d721d93aeb	0x141cb39f8	delegate_lcl_start_emote
0xa36daf595853aa98	0x1416e0c88	delegate_on_equip
0xad4522e48bc558f6	0x141720bf8	delegate_onactordisabled
0x0d70b6bd637bb91c	0x141720bd0	delegate_onactorenabled
0x2d9a6b418f74edb2	0x141720c28	delegate_onactorteleported
0x12c4f69ae1574ad4	0x1416dd8b8	delegate_ondeeplinkerrorfirstmatchnotcompleted
0xb9108d99d6d9229d	0x1416dcd40	delegate_onearlyquitconfigupdate
0xc690a8ff1cf8af99	0x1416dcd78	delegate_onearlyquitfeatureflagsupdate
0xa2e48b35c7cd078f	0x1416dcdb0	delegate_onearlyquitpenaltyupdate
0xdffc5af6755bdd3a	0x1416d37a0	delegate_ongamesettingschanged
0x8c99d71364249182	0x141720cb8	delegate_ongamespaceaborted
0xc7e28d0cdfb3e09c	0x141720d18	delegate_ongamespacedisabled
0x8c9ddb1d743c9182	0x141720ce8	delegate_ongamespaceenabled
0x9f1fd751a3ffdf7a	0x141720a18	delegate_ongamespacehidden
0x9f1fd357a6ffdf70	0x141720c58	delegate_ongamespaceloaded
0xe2d853f7e7651cf0	0x141720980	delegate_ongamespaceshown
0xd6e59202dcbbe09c	0x141720c88	delegate_ongamespaceunloaded
0xaa2f3e5973a4c79f	0x1416e3ff0	delegate_oniappurchaseditem
0x42842593a3a5eb6e	0x1416e0968	delegate_oninputfocusgained
0xb6f892712a456cc2	0x1416e0998	delegate_oninputfocuslost
0x8eb76583e5910a9e	0x1416d8a18	delegate_onlobbyjoinerroraccessdenied
0x2621dbad3b9657d6	0x1416d8748	delegate_onlobbyjoinerrorbadrequest
0x50beedceed097932	0x1416d8700	delegate_onlobbyjoinerrorinternal
0x5a1d871b9739008e	0x1416d8910	delegate_onlobbyjoinerrorlobbyfull
0xcc9972e9937e610d	0x1416d8828	delegate_onlobbyjoinerrorlobbyincompatible
0xa05ffa5ab02b543e	0x1416d87d8	delegate_onlobbyjoinerrorlobbyinvalid
0x79d935d40e9866d0	0x1416d88c8	delegate_onlobbyjoinerrorlobbylocked
0xa059f24abd2e533f	0x1416d8878	delegate_onlobbyjoinerrorlobbyoffline
0x275446b9b6a72906	0x1416d8990	delegate_onlobbyjoinerrormissingentitlement
0xe41bf3bafd04ecfd	0x1416d89e0	delegate_onlobbyjoinerrorpartychange
0x33eee43165822182	0x1416d8788	delegate_onlobbyjoinerrortimeout
0x588b00140243960e	0x1416db2a0	delegate_onlobbymemberactorchanged
0x48f6befc619771a8	0x1416db0f8	delegate_onlobbymemberalignmentchanged
0x5ed56ecdbe7c16d0	0x1416db2d8	delegate_onlobbymemberjoined
0x9bd0cb1162ea3990	0x1416dc660	delegate_onlobbymemberleavequeued
0x0224b2d4b9589100	0x1416dafb0	delegate_onlobbymemberleft
0x9cb26eb90f878314	0x1416dd590	delegate_onlobbymemberprofilereceived
0x17b3c424de4dcd68	0x1416db1e8	delegate_onlobbymemberspawned
0x151511892f44d010	0x1416db040	delegate_onlobbymemberteamchanged
0x0671b6ec8bc1c780	0x1416dc5e8	delegate_onlobbymembervarchanged
0xaf4b0aa6bf6e258a	0x1416dd2e0	delegate_onlobbysettingsreceived
0x6a4e5ebc0e3490ee	0x1416dc908	delegate_onloginsettingsreceived
0x4f3aec500347bd06	0x1416e3748	delegate_onmatchmakerqueueaccepted
0x65b293843284b2a2	0x1416e3700	delegate_onmatchmakerqueueestimatedwaittimechanged
0x6f09739f8206fe1c	0x1416e36a8	delegate_onmatchmakerqueuepositionchanged
0x30d54385bae922ea	0x1416d8cd0	delegate_onmatchmakingcanceled
0x24bd5a5b011d85aa	0x1416d8ca0	delegate_onmatchmakingfailed
0x24bd4d4f0d0485aa	0x1416d8b50	delegate_onmatchmakingqueued
0xef2dd284b5ee9375	0x1416d8b80	delegate_onmatchmakingstartedcreating
0x4de08bc0d3737805	0x1416d8bb8	delegate_onmatchmakingstartedfinding
0x4dec8dc7d9737805	0x1416d8bf0	delegate_onmatchmakingstartedjoining
0xf65debd252bbaefb	0x1416d8c68	delegate_onmatchmakingsucceededjoining
0x775ed06b02a94972	0x1416d8c28	delegate_onmatchmakingsucceededjoinqueued
0x60ba106e8f93f286	0x1416de270	delegate_onnetgameerror
0x077d3c2eb1ea2ea5	0x1416dc0e8	delegate_onnetgameingame
0x23be985e8bb54bd8	0x1416dc088	delegate_onnetgameloadingmap
0x60433466edf3937a	0x1416dbff0	delegate_onnetgameloadingmultiplayer
0xad9f62217b1fe5b5	0x1416dc028	delegate_onnetgamelobbying
0xad9f67246712e2bc	0x1416dbfc0	delegate_onnetgameloggedin
0x84244a28bfa226bc	0x1416dbf90	delegate_onnetgameloggingin
0x9956c075c76200ea	0x1416dd920	delegate_onnetgamemenupartyjoined
0xe0e81b25f76105a3	0x1416dc0b8	delegate_onnetgamereadyforgame
0x2e0c4a4adbc510a7	0x1416dc058	delegate_onnetgameserverloading
0x6b26f01883349f28	0x141cb7fa0	delegate_onnetvarchanged
0x5d569783d1ae26c0	0x1416dc7d8	delegate_onnewunlockschanged
0x0f05850278136308	0x1416dd8f8	delegate_onpartycreated
0x9c51dd5462054cb2	0x1416ddba8	delegate_onpartyhostchanged
0x267b06d41014c304	0x1416e1460	delegate_onpartyinviteerrorfirstmatchnotcompleted
0xf8856ed68e71cdbf	0x1416e14a8	delegate_onpartyinviteerroroffline
0x9d12bae7f7b47875	0x1416ddea8	delegate_onpartyinviteerroruninvitable
0x2bade0450322f487	0x1416ddee0	delegate_onpartyinviteerrorunjoinable
0xf89f66db8c77d4b4	0x1416ddf18	delegate_onpartyinviteerrorunknown
0x16acc9579b058066	0x1416ddf78	delegate_onpartyinvitereceived
0x073df397a85670b4	0x1416db548	delegate_onpartyjoinabilitychanged
0xae69a49cb839f44a	0x1416dd990	delegate_onpartyjoined
0xc400dea2c8a0d63a	0x1416ddaa0	delegate_onpartyjoinerrorfull
0x7f41de41c6adec52	0x1416dda70	delegate_onpartyjoinerrorlocked
0xdc961a503de83984	0x1416dda38	delegate_onpartyjoinerrornopermission
0x628aacde5434925a	0x1416dda00	delegate_onpartyjoinerrornotfound
0xc37eba6459d3a348	0x1416ddb08	delegate_onpartyjoinerrorunknown
0xc37db17d44d5bb48	0x1416ddad0	delegate_onpartyjoinerrorversion
0xae69a59ab23cf44a	0x1416ddcb0	delegate_onpartykicked
0x1473c2dadcaf8a4a	0x1416ddc28	delegate_onpartyleft
0xefc48cc64913677e	0x1416ddd78	delegate_onpartymemberjoined
0x1f66292b782055ea	0x1416dddf8	delegate_onpartymemberleft
0x3a33ecff2bdf11f0	0x1416dd660	delegate_onpartymemberprofilereceived
0x5f2b6f772ff31ee2	0x1416ddda8	delegate_onpartymemberupdated
0x0f13870378136308	0x1416ddb40	delegate_onpartyupdated
0xec873805cf13e009	0x1416dd7d0	delegate_onplatformpurchasefailure
0xec922c0fc003e11f	0x1416dd758	delegate_onplatformpurchasesuccess
0x9681cda7186f2d44	0x1416dd700	delegate_onproductsrefreshed
0xa633c357831c881a	0x1416dd3c8	delegate_onserversettingsreceived
0x245ecd29f2bb0e76	0x1416de188	delegate_onserviceconfigerror
0x7e7883a538660ac8	0x1416de150	delegate_onserviceconfigreceived
0x98c51ca5f3ee4a52	0x1416de1f0	delegate_onservicedocumenterror
0x5863fd8d4b2919da	0x1416de1b8	delegate_onservicedocumentreceived
0x4220c71bca53d093	0x1416e3b90	delegate_onsocialgroupschangedactive
0x2feb1e92e1dd5de8	0x1416e3ae0	delegate_onsocialgroupsupdated
0x40532663c5a95674	0x141cb77e8	delegate_onspectatorcamerasystemdisabled
0xa8dc2ae53d562714	0x141cb77b0	delegate_onspectatorcamerasystemenabled
0xb869890b21dda6f2	0x141c90010	delegate_onuisettingschanged
0xe1be132516cfe226	0x1416e01e0	delegate_onvoipmuted
0xb59ee31b953737cc	0x141cb8388	delegate_onvoippressed
0xa72ba321797fd282	0x141cb8330	delegate_onvoiprecordfull
0x68ec2b6fcfaafd46	0x141cb8360	delegate_onvoipreleased
0xb59bff13933037cc	0x1416e0208	delegate_onvoipunmuted
0xbe4929b81e1526ed	0x141cb39d0	delegate_start_emote
0x609ce0d0c1291651	0x141cf2238	deltatime
0xc8c33e483e7613bf	0x141c9dbc0	demo
0xe32dc7dedc9f50b8	0x141c5d000	depth
0x6080e0d9da2e174d	0x141c30968	depthonly
0x0f58b9f993d080c4	0x141c36fc8	depthreduction
0x45c5cb019cb60ce8	0x141c36fa0	depthreduction_clear
0x7d83e4b287b27739	0x141c37010	depthreduction_clear_xy
0xd4d9bb8be7bd2943	0x141c37088	depthreduction_finalpass
0x9f0a6ad928d325cf	0x141c36fe8	depthreduction_lag
0x95bf2559ab1fe63b	0x141c37060	depthreduction_lag_xy
0x95bf244bad21ac3a	0x141c370b8	depthreduction_msaa2x
0x948dd91a67ecb59d	0x141c37108	depthreduction_msaa2x_lag
0x2171d49c93c52167	0x141c371c8	depthreduction_msaa2x_lag_xy
0xe9f4e3bac2870ca7	0x141c37168	depthreduction_msaa2x_xy
0x95bf244bad21aa3a	0x141c370e0	depthreduction_msaa4x
0x948ddf1a67ecb59d	0x141c37138	depthreduction_msaa4x_lag
0xdaa7017740b44a1b	0x141c371f8	depthreduction_msaa4x_lag_xy
0xe9f4e3bcc2870ca7	0x141c37198	depthreduction_msaa4x_xy
0x849efdda380150c5	0x141c37038	depthreduction_xy
0x2fd38a8e4b71428f	0x141ccafe0	dequeue
0xc469077fd0249dd5	0x141701530	derivatives
0xc8c33e483e760db3	0x141cf30d8	desc
0xe534292895ac04a2	0x1416e3b40	description
0x4d453f7ad8485370	0x141d3e950	deserializeerror
0xc8e8d0b1a894e7fe	0x1416d7858	det
0x41d2c3380e220416	0x141c9e1c8	detach
0x6086fdd2d0291f4c	0x141cf1848	deviceidx
0x3b908c6d0314f3a5	0x141715b48	devicetype
0xc8c33e483e7512a4	0x141c9e408	dflt
0x41d2c3341b2f0819	0x141c45950	dialog
0x32e4951b26f89163	0x141cf16d0	dialogue
0xf867f98b71c59167	0x141c73fb8	dialogue_menu_physics
0x7dd0a15e24e70a5e	0x141c9ab48	dialogueactor
0x8abc3ffabff3af0c	0x141ce9c90	dialoguechoicesExpression
0x7dd0a14c24f60b49	0x141cf0a80	dialoguescene
0xdc322dbca4e32141	0x141c9e4a0	difficulty
0x0ad4df2cba8ad9ac	0x141c39d70	diffusetint
0x2fd3869857605686	0x141cf30c0	digital
0x1da68d97298c3a2b	0x141cdd178	dilatenearmask_cs
0x32e49a1039ed8b64	0x141cf53f0	dingprob
0xc8e8d0b1a894ebf8	0x141ccb770	dir
0x6c82f1d2c129145a	0x141c2eb38	direction
0x6c82f1d2c12f094d	0x141cf1590	directory
0x41d2c3340835021d	0x141cf2c00	dirvec
0x2fd3868c5f765b8f	0x141c9b9e0	disable
0x271f9bda568cc2e3	0x141c9a8f8	disablecategory
0x32e487162bf38162	0x1416d8198	disabled
0x66a8103494319234	0x141c477f8	disabledsceneset
0x480308910d42527c	0x141cc9460	disconnected
0x32e4871426ea8a72	0x141ccaa30	discount
0x571f039003435b6c	0x141cf5150	discpredmult
0xc7948ac10eb331f2	0x141cf5620	discradiusmaxspeed
0x32e487143bfa9063	0x141c9b500	discrete
0x6c83f7c2c5251e50	0x141ccd330	discspeed
0x2fd3868c4e785693	0x141c9cc60	display
0x2f62171b133232df	0x141c3b600	displayname
0xc92428bea8fc214a	0x141c9e250	displaystr
0xc8c33e483e7a0da4	0x141c3ed48	dist
0x32e4870328f18763	0x141c5cf78	distance
0x8e6672ef6d725204	0x141cf0600	distancepostfix
0x0675b4a005a5123e	0x141ccd378	distancethrown
0x6ffe22a829465c5e	0x141ccd720	distancetoplayer
0xca03d6ef40f5f07c	0x141c34070	distortion.amount
0x50ff3db2ff5faf1d	0x141cf0ac0	dlgassetname
0xa3c91f30c709bf69	0x141cf0ae0	dlgscenename
0xb0e56950d228018b	0x141cc9b40	doesntabsorbdamage
0x518a26cf10210442	0x141c38d50	dof.EnableBlurAmount
0x6a9c622110a0674a	0x141c38d78	dof.EnableBlurAmountOffset
0xe736f0d5c41c4bf0	0x141c38e28	dof.EnableFarDepth
0xf3a2f24a35632dee	0x141c38e00	dof.EnableFocusFarDepth
0x25af167fae8be8e6	0x141c38dd0	dof.EnableFocusNearDepth
0xa95b75f63aca8dee	0x141c38da8	dof.EnableNearDepth
0xb01fbe3875015d5e	0x141c38e50	dof.EnableReferenceDepth
0xc72acfa2c9d96d30	0x141c38e80	dof.EnableReferenceDepthOffset
0xd95a4fbfa07f6d38	0x141c33d48	dof.bluramount
0xc75daaedb940ffc8	0x141c33d68	dof.bluramountoffset
0x3971358e4d3eecde	0x141c33e00	dof.fardepth
0xd0672aa552b67c10	0x141c33dd8	dof.focusfardepth
0xf6b859868090ce18	0x141c33db0	dof.focusneardepth
0x17576ca20c43bf31	0x141c33e78	dof.masking
0x80c91141e8f40ae2	0x141c33d90	dof.neardepth
0x6308f1c15b1a7ba0	0x141c33e20	dof.referencedepth
0x62de2f2ad030ce02	0x141c33e48	dof.referencedepthoffset
0x41d2c3321c1c110d	0x141c35af0	dof_vs
0x27f4a3f449c4cc89	0x141c391c8	dofquality.HiQuality
0x87fbc8ec735a3c1d	0x141c31368	dofquality.bluriterations
0x07e547f7c8ab119d	0x141c31340	dofquality.flags
0xc8e8d0b1a894edfe	0x141ca3b20	dot
0x966b7f61501392d6	0x141ccb490	downloadfail
0x75c8f71857a216d1	0x141ccb470	downloadsuccess
0xe32dc7decb804ab5	0x141ca3b78	drone
0x41d2c3281428020c	0x141cc0290	dunker
0x7775719198f2866d	0x141cf4f68	dunkshotprobability
0x32f886163df68b68	0x141c40180	duration
0x2fd396915f795e89	0x141cf1cb8	dynamic
0x525fb1c1be816795	0x141c9cb88	dynamicmusicmode
0x32f49a1624f68775	0x141c9ad40	dynamics
0xa657a095b606536b	0x141c35048	dyninstancegi_cs
0xdb2145541d25ba25	0x141cf6170	eAIPointWon_ClosestTeammate
0x4fcede87b2b2913b	0x141cc01d0	eagle_eye
0x540a75ddfc43b1c7	0x141701740	earlyupdatejoints
0xc8c33e483f720da9	0x1416c9d50	easy
0x93ad889faa366d11	0x1416c9d68	easy_medium
0x86c4da7cd93f92ab	0x141c9e440	easymedium
0xcb60a4de7e1caf73	0x1416d2dc8	echo_arena
0xea8d9b0bbdaa1c6a	0x1416e28f0	echo_arena_first_match
0xd894afea8246bc6b	0x1416e3120	echo_arena_npe
0x888ac0cfd102345f	0x1416e2fb8	echo_arena_practice_ai
0x09990965f4db8c03	0x1416d8d00	echo_arena_private
0xdf8258f63e878e9d	0x1416e30f8	echo_arena_private_ai
0xd54d62c40852c2f9	0x1416e30d0	echo_arena_public_ai
0xd53a9c73b8b2c760	0x1416e3080	echo_arena_tournament
0x3d5c3976578a321a	0x1416d2de8	echo_combat
0x47c693e5ebaddea6	0x1416e2918	echo_combat_first_match
0x25c1c8218705f693	0x1416e2fe0	echo_combat_practice_ai
0x33bbf6842df97a3f	0x1416e3140	echo_combat_private
0x61fc299f53160641	0x1416e31b8	echo_combat_private_ai
0x4311cb2c132e9299	0x1416e3190	echo_combat_public_ai
0x6b44ed1ad5234fbc	0x1416e3168	echo_combat_tournament
0x4dc1ddbd89b28531	0x1416d8d28	echo_demo
0x339c5dc66c03b81f	0x1416e30a8	echo_demo_public
0x5e707348eb1b146b	0x141cf0da0	effectgroupname
0xd6eadcee629ab1eb	0x1416ff3c8	effectparams
0x960074569c700431	0x141cf0dc0	effectsequencename
0x4c2a4eef2a40c338	0x1416cef30	electrical
0x2fd2839a5371599e	0x141c9ba70	element
0x05bbcc36cec5351d	0x141715a48	elementname
0x05bbcc36d4dd281d	0x141715a68	elementtype
0xe253250131e214f4	0x141c6e480	emis_end_color
0x91f5f3e61b8c0f1c	0x141c6e458	emis_placeholder
0x75b8561095075e3c	0x141c6e4a0	emis_start_color
0x3d948699e7eb3e77	0x1416fefd0	emissionratescale
0x9ee809c487b87ac2	0x1416ff110	emissionvolscalex
0x9ee809c487b87ac3	0x1416ff150	emissionvolscaley
0x9ee809c487b87ac0	0x1416ff190	emissionvolscalez
0x33e09d043af69263	0x1416d9d88	emissive
0x43c0c19184a18d6f	0x141cc9578	emissive1
0x43c0c19184a18d6c	0x141cc9598	emissive2
0xe9e409560ba4627e	0x141c43940	emissive_scale_left
0x846735cd4897688e	0x141c43968	emissive_scale_right
0x7fe88b2f9114ded6	0x141c6e438	emissive_tint
0xf55db9263e437c2e	0x141c39db0	emissivetint
0x33e09d033dfa9675	0x141c39aa0	emitters
0xe32dc7dfd48050b5	0x1416d9c98	emote
0x43c6c68783b6853b	0x141ccc740	emotename
0x43c6c6879ebb872a	0x141ccbaa0	emoteslot
0xc8e8d0b1a895effa	0x1416cef50	emp
0xe32dc7dfd49f50a9	0x1416efc58	empty
0x41d2c2331b210b1b	0x141c9a4f0	enable
0x8d97dcd4fd4823ff	0x1416ff940	enableboxes
0x8624d90dfeafb593	0x141cf5170	enablechasesteering
0x2fd2819e5c78528e	0x1416d8218	enabled
0x98e4bc09223132cb	0x1416d81f8	enabled_for_ccu
0x8a1230c538fc22b9	0x1416d81d0	enabled_for_requests
0x03cf1bd8fafd858a	0x141ccc940	enableduration
0x1e991a5e946de0e5	0x141cf1170	enablefade
0x1e991a5e9e69e2f4	0x141ccbde8	enableleft
0xe234e7e701e61ad1	0x141c9c9f0	enablemaxloudness
0x8d97dcc4fb572ef8	0x141ccbe28	enableright
0x7a104e4468370da5	0x1416ff970	enablespheres
0xe7bb61cee48e19e1	0x141cf31c8	enablestates
0x427a1ab328627e65	0x141c9ca18	enablestreamermode
0xc8e8d0b1a895ecee	0x141cf1220	end
0x33e3900726f68a72	0x141715aa8	endpoint
0x40cdc08389be9d2d	0x141ccb7a8	endradius
0x2fd2819b4a7d5a8f	0x141cc9e28	endtime
0xc60d256afaf55042	0x141cca690	endtimestamp
0x01601b0df23663db	0x141ccc920	endwheninactive
0x33e392183bfc8174	0x141ca3808	enforcer
0xcb3a93530d07fdc5	0x141dc0b60	engine_assets
0x25a66068b8a664a9	0x141721248	enterportals
0xe32dc7dfd79b56a9	0x1416fcf98	entry
0xae2d0bf848e7c69a	0x141cf2ae0	entryheight
0x0b890f529c68e1f8	0x141c9d4f8	entryindex
0xae2d0de84ce2cb9c	0x141cca580	entrynumber
0xc8c33e483f6317b3	0x141cb0160	epic
0x1e296307e2fc9751	0x141cb6dc8	equip_slots
0x3546a25c554dbd03	0x141cca290	equippable
0xe32dc7dfcb9d4ba2	0x141c459c8	error
0x5cdbdd908eb88c3b	0x141d3e9a8	errorcode
0xa92bda9759ad3a97	0x141ccb070	estimatedwaittime
0xb2282e0f2203fda2	0x141cd34b8	eu_central
0x2fd29aa05b75449e	0x141cd34d8	eu_east
0x2fd29aa04971449e	0x141cd34a0	eu_west
0xc8c33e483f6612b1	0x1416dc940	eula
0xe32dc7dfcc8341a2	0x141c9b9f8	euler
0xa9f30fc705ae8d19	0x141cf1238	eulerangles
0x15e3ebe0feba8161	0x141c9e570	evaluatorname
0xe32dc7dfcf8a4aa4	0x141cf1450	event
0x2f3a106b6297334f	0x141c7ed38	event_end_rps_minigame
0x3b8a126a9de1ba0e	0x141c44420	event_global_allow_death
0x33e599bc45b497dd	0x141c7f548	event_hands_close
0xc1fd8064f89f0d8c	0x141c7f528	event_hands_far
0x480b546fdc1b0974	0x141c7f2a8	event_liv_detected_gun_left
0x87d4c98ef65029a4	0x141c7f2d8	event_liv_detected_gun_right
0xd26690de2a446b6d	0x141c7f4f8	event_liv_detected_no_gestures
0x34bd4a40806312c0	0x141c7f1e8	event_liv_detected_peace_left
0xce98768d96c6ca3c	0x141c7f218	event_liv_detected_peace_right
0x30cb257cf5f0af44	0x141c7f3e8	event_liv_detected_point_left
0x1593d3b567250394	0x141c7f418	event_liv_detected_point_right
0x809840138f18e0a0	0x141c7f378	event_liv_detected_thumbsdown_left
0x34d33a3d5f280974	0x141c7f3b0	event_liv_detected_thumbsdown_right
0x10a65b673b064d10	0x141c7f308	event_liv_detected_thumbsup_left
0x13c9021083353ad4	0x141c7f340	event_liv_detected_thumbsup_right
0x265e96967a2b1104	0x141c7f248	event_liv_detected_wave_left
0xce6489e4e6931e48	0x141c7f278	event_liv_detected_wave_right
0x9bab57f1799f7240	0x1416dd868	event_mpl_interface_creatingmatch
0x60a427b62ba21879	0x1416e0728	event_mpl_interface_joiningparty
0xc68389853122f6d2	0x141c44a10	event_player_recentered
0x3a20b60ab1a4ab8f	0x141c87190	event_power_sensor_active
0x810898c2f5ec00d1	0x141c871c0	event_power_sensor_inactive
0x10ad897bcf65d1d7	0x1416e3ee8	event_refresh_currency_balance
0xc5e6f359ed3e68f4	0x141c60570	event_sound_cutter_beam_start
0x4013af678fc8d4b0	0x141c604a0	event_sound_cutter_beam_stop
0xb0e5b2ad608d6cf6	0x141c60470	event_sound_cutter_equip
0x6cf740eceabccf7e	0x141c60540	event_sound_cutter_no_power
0x5eb5326c7f4bf2c6	0x141c604d0	event_sound_cutter_unequip
0x9673ca03ca812fd2	0x141c8ce30	event_sound_finger_left_down
0x0a6aabb67d20ac44	0x141c8ce00	event_sound_finger_left_up
0xf2d8a2b262f50242	0x141c8cef0	event_sound_finger_right_down
0x78dcc95d7e15fcf4	0x141c8cec0	event_sound_finger_right_up
0xeb0142387ea54e56	0x141c8cf20	event_sound_hand_close_left
0x379e171ef894665a	0x141c8cf80	event_sound_hand_close_right
0x0675910c85c360c4	0x141c44a38	event_sound_hand_grab_left
0x8e47d9701c10b308	0x141c44a68	event_sound_hand_grab_right
0x5eb8af96417ffb94	0x141c8cf50	event_sound_hand_open_left
0x7a6b80cdc8aa9478	0x141c8cfb0	event_sound_hand_open_right
0x647a0d81875cae72	0x141c6d6c8	event_sound_hand_push_left
0x6a04466905e7941c	0x141c6d6f8	event_sound_hand_push_right
0x4341326a99e5faf0	0x141c449b0	event_sound_player_boost
0x4341326a84ebe2e1	0x141c449e0	event_sound_player_brake
0x69cec6c679cb4aae	0x141c44450	event_sound_player_collision
0xe5f74a4c997d40fc	0x141c8cdd0	event_sound_thumb_left_down
0xbda3e808b1e641bc	0x141c8cda0	event_sound_thumb_left_up
0x034cbc9cc94d189c	0x141c8ce90	event_sound_thumb_right_down
0x133502dbe35c1202	0x141c8ce60	event_sound_thumb_right_up
0x2b0beaf51b8e039f	0x141c7ed08	event_start_rps_minigame
0x5f133f1b36276fe1	0x1416e2b10	event_update_findmatch_estimated_time
0xf5ce55f5dcbd4602	0x141cf1888	eventactor
0x0dc028a2da5050d8	0x141cf18a8	eventcomponent
0xec045de07227f3ce	0x141ccc460	eventdetail
0x58ccdc9683b6853b	0x141c9b9c0	eventname
0x41d2c22b1f2d130d	0x141c40208	events
0x58ccdc9699ae983b	0x141c402d0	eventtype
0xf5d251f8deb04c14	0x141c9d9e0	everplayed
0x33fb910530f08a63	0x141cccc10	everyone
0xba0bebba10584d19	0x141c373b0	evsmblur_3x3
0x79ce9c295aebb47d	0x141c373f0	evsmblur_3x3_cs
0xba0bebba105e4d1f	0x141c373d0	evsmblur_5x5
0x79ce9a295cebb47d	0x141c37410	evsmblur_5x5_cs
0xb82da2af01ced109	0x141c374c8	evsmblurshadowatlas_3x3
0x06c54bf51fa055a3	0x141c37518	evsmblurshadowatlas_3x3_cs
0xb82da2af01c8d10f	0x141c374f0	evsmblurshadowatlas_5x5
0x06c54df519a055a3	0x141c37548	evsmblurshadowatlas_5x5_cs
0x484fcb83555dd1c1	0x141c372a8	evsmconvert_vs
0xc8e8d0b1a895f4fe	0x141c9c618	evt
0x2fe5b535d85e6970	0x1416d5c60	evt_cbt_blue_team_win
0x731296d6915a8261	0x141cb5cf8	evt_cbt_objective_element_complete
0x49fe21a161539f1c	0x1416d5c38	evt_cbt_orange_team_win
0xf9f7fb75bd624b08	0x141cb44e8	evt_client_settings_changed
0x3ad1e2ceb07b459f	0x1416d36b0	evt_dbg_toggle_menu_vis
0xca4673f0e5aa4b6d	0x141c8a930	evt_dialogue_menu_try_to_add_reports
0x5b252552fc116314	0x141ca2f60	evt_dynamic_cover_despawned
0xf78c58c7173e8278	0x1416e59d0	evt_external_hide_minimap
0x29ce4ad32ad35178	0x1416e59a0	evt_external_show_minimap
0x52e1de56eb219686	0x1416c9f30	evt_labeled_debug_button_default
0x22feec31f140156d	0x1416c9e30	evt_labeled_debug_button_easy
0xd0e440ded9484993	0x1416c9e60	evt_labeled_debug_button_easy_medium
0x22feec31fc401470	0x1416c9f00	evt_labeled_debug_button_hard
0x7d86e36858a33b53	0x1416c9e98	evt_labeled_debug_button_medium
0x747dd8013197a2c2	0x1416c9ec8	evt_labeled_debug_button_medium_hard
0x36f3de8790058385	0x1416c9df8	evt_labeled_debug_button_very_easy
0x6deb7204916102fc	0x141cf5e88	evt_launcher_btn_pressed
0xc5382f5204d995ca	0x1416d5bf8	evt_match_start
0x158092b2e6533095	0x141c8a998	evt_poi_set_color_objective
0x844043e7b6f5443a	0x141c8a968	evt_poi_set_color_standard
0xe88e2ed95f05728a	0x1416d5c18	evt_round_start
0xad2ff935dbee2be5	0x1416d7578	evt_toggle_hideui
0xea89338a64374677	0x141cefff0	excludedjoints
0xe6da3c88690ef386	0x141ccb880	excludepeer
0x839fa10a60be99c1	0x1416ff9a0	exclusionboxes
0xae0e55abdae9f1df	0x1416ff9d0	exclusionspheres
0xae0b4aafcaf6f1df	0x1416ff7e0	exclusionvolumes
0x56cade979ebe9e3b	0x141cefea0	exclusive
0x8386aa186ea199c1	0x141c5d0f0	exclusivepages
0x54dc9984ca6bab28	0x141cdfb78	exec_abort
0xc5cc4d3650dffd10	0x141ce41e8	exec_aborted
0xc5cb4e304edeea11	0x141cbbfe8	exec_failure
0x54dc9983c968aa39	0x14171cb40	exec_false
0x2fd2979a5d4b5e84	0x14171cb60	exec_in
0x33f5911416f09172	0x14171cb20	exec_out
0xc5de5a3a41ceeb07	0x141cbbfc8	exec_success
0x41d2c2251330130d	0x141cccb00	exists
0xf2a449a318994703	0x141721268	exitportals
0xfbb4bdf006e36b81	0x141c83e18	exp_c1_pelvis1
0x33f5842821fa8562	0x141ca80f0	exp_head
0xb96901661acfe905	0x141cf0ec0	expectedstatename
0x33f584183aea9663	0x141cf0120	exposure
0x3c915753fe0442b8	0x141c39090	exposure.EnableAdaptation
0x6e28e51ea8467eb3	0x141c39030	exposure.EnableAutoExposure
0xa3228fbe159fbae7	0x141c39060	exposure.UseAutoKeyValue
0xdacabf8493c6804b	0x141c31648	exposure.adaptationrate
0x91c8775f85ed0863	0x141c315b8	exposure.autoexposurekeyvalue
0xa46f3b9418dad270	0x141c31618	exposure.autoexposuremax
0xa46f3b9418dada66	0x141c315e8	exposure.autoexposuremin
0x3c915753fe0442b8	0x141c31560	exposure.enableadaptation
0x6e28e51ea8467eb3	0x141c31530	exposure.enableautoexposure
0x532480d4adbae789	0x141c31590	exposure.exposure
0x0b1215cf8f831223	0x141c31670	exposure.exposuredelay
0x35379ce3a404119a	0x141c31698	exposure.exposureoffset
0xa611b8aa294db6b9	0x141c31510	exposure.flags
0x2fd2978b5b7a5399	0x141cf2eb0	extends
0xaa0c74fb7ea6a7f9	0x141dc38b8	extensiondata
0x45daa896c16bb72f	0x141dc3668	extensions
0x3a836afe4672af48	0x1417155d0	externalfunctionconcurrentcount
0x90ce6e062c53048f	0x141c5d110	externaltargetpages
0xe32dc7dcd88c41a3	0x141702658	faces
0x3226bd76681f3581	0x141cf1130	fadealpha
0x2fd18e9b5b71598e	0x141cf1118	fadeend
0x41d2c13c1e260e10	0x141ceff28	fadein
0x3226bd64700e2f94	0x141cf10f8	fadestart
0xff1a6a91b550e721	0x141cf1150	fadethickness
0x30ec90123df68963	0x141c5d318	fadetime
0x141bd8a83b8eef6b	0x141cc9090	failedgametype
0x13b657317e3716ea	0x141c9c2e0	fallbackcontext
0xa6b09b9a239ce544	0x141ccb7c8	falloffexp
0x322cbe76760a6f84	0x141c5d398	fanfare2d
0x322cbe76760a6e84	0x141c5d3b8	fanfare3d
0xbebd9899378bf246	0x141cccf30	fatalerror
0xc8c33e483c771bb6	0x141ccb218	fdef
0x2fd18a9e4a61458f	0x141c40220	feature
0x30e895033ced8162	0x141c9baa0	featured
0x47d244866d0c3f08	0x141cca908	featuredendtimestamp
0xffe4505e1081388c	0x141cca6b0	featuredentrynumber
0x06cc18c342c3b9f8	0x141cca700	featuredid
0x298c7a3150b4683f	0x141cca7c0	featuredmarketinglobbyposterstarttexture
0x7f888c420d37a209	0x141cca800	featuredmarketinglobbyposterupselltexture
0x4a41cd82845a3e3d	0x141cca740	featuredmarketingmenustorepanelstarttexture
0x72b90bde3dcfa277	0x141cca780	featuredmarketingmenustorepanelupselltexture
0xa2d5cf85aa0f07bd	0x141cca6d8	featurednumslots
0xe185d0a0942f7030	0x141cca8e0	featuredstarttimestamp
0x063d9734d79c3faf	0x141cca930	featuredtimeremaining
0x978e6389f626e7f2	0x141cca8b0	featuredtimeremainingstr
0xc02ff5f6c5e3af93	0x141cca720	featuredtype
0x81886152960de0ce	0x141cca840	featureduistorepanelheaderstarttext
0xe5437da4c434cf38	0x141cca878	featureduistorepanelheaderupselltext
0x5f2048e17604c2b9	0x141cca558	featuredupsellactive
0xc8c33e483c7a12b5	0x141d3e9f8	file
0x30e4981227fe8963	0x141c5d138	filename
0xd825d951c71af51d	0x141c32a18	filmgrain.alpha
0xfbc8639de99259aa	0x141c329f0	filmgrain.colormin
0x0623f30ca8116193	0x141c32a38	filmgrain.size
0x6009ec52745f7cc3	0x141c36258	finaldisplay_cubic_ps
0x743a4b78f1bebb67	0x141c36238	finaldisplay_ps
0xb7be0d58da50fdd5	0x141c362a8	finaldisplay_vr_cubic_ps
0x361b27228c2bf94d	0x141c36280	finaldisplay_vr_ps
0xedb163faac02ec8a	0x141c9d5d8	finalposition
0xefb164f2ac02ec8a	0x141c9d598	finalrotation
0x2fd186915a7d598d	0x141cc9128	finding
0xc8c33e483c7a10b5	0x141cb0130	fine
0xb3e5fca5bb26467b	0x141c9df08	fingerintersecting
0x30e49a1e3af78162	0x141ce0318	finished
0xe32dc7dcd09d57a4	0x1416e29d0	first
0xbe41b9c4d3578d59	0x141c9d8a0	firstactorgs
0xcc1650af78ca0411	0x141c9d858	firstactorname
0x199ac1fa2d1cbc2a	0x141c9d878	firstactornodeid
0xbe43b2d1d24b8f46	0x141cf0f88	firstchannel
0xe266b20be031650c	0x1416e28d0	firstmatch
0x105f1a07473e78bf	0x141c5d2f0	fixedheaderelements
0x774f180ac9eda1c9	0x141cf26b8	flagarrayo
0x6f8b163c91bc972f	0x141cf2698	flagarraysizeo
0x774f180ac9eda1d0	0x141cf2880	flagarrayv
0x2fd1839e5970528c	0x141cc9d98	flagdef
0x9760deffdc3fab05	0x1416fd7e8	flagintents
0x30e1951027fe8963	0x141c9b438	flagname
0xe32dc7dcd58e43bf	0x141cf25c0	flago
0x774f160dcffcadd2	0x141cc9ce8	flagoutput
0x3f23bf67651d3c8d	0x141ccbfe0	flagparam
0x2d637f87372e3585	0x141cf3208	flagparamname
0xb05147f16ce062d8	0x141c9dcc0	flagposition
0xe32dc7dcd58e43a3	0x1416d0ab0	flags
0xe32dc7dcd58e43a6	0x141cf27d0	flagv
0x2fd1839e59625686	0x141cefcb0	flagval
0x3f23bf6165032885	0x141c9b458	flagvalue
0xe37c13ecbc51343b	0x141cdcc68	flaredownsample
0x7c225535193be5db	0x141cdceb0	flattenmasks
0x7f580d19c9ebbdd2	0x141c9b2c0	fliptarget
0x3f2db7736206318c	0x141cdcca8	floodfill
0x834a00029b99f9fb	0x141cdd1f0	floodfilldof_ps
0xa8f43f4ca707dbd7	0x141cdd210	floodfilldof_ps_faronly
0xf8c0cf47c5347484	0x141c31a88	fog.bluramount
0x3c25f6746b033292	0x141c31818	fog.color
0x1add49e9fdfde099	0x141c317f8	fog.color.a
0x1add49e9fdfde09a	0x141c317d8	fog.color.b
0x1add49e9fdfde09f	0x141c317b8	fog.color.g
0x1add49e9fdfde08a	0x141c31798	fog.color.r
0x1ada43ebe1e6ba81	0x141c31aa8	fog.density
0x62a1faf81c481c56	0x141c31a40	fog.endcolor
0xffd8ed2475b05d65	0x141c31a20	fog.endcolor.a
0xffd8ed2475b05d66	0x141c31a00	fog.endcolor.b
0xffd8ed2475b05d63	0x141c319e0	fog.endcolor.g
0xffd8ed2475b05d76	0x141c319c0	fog.endcolor.r
0x62a1faff1654074c	0x141c31878	fog.enddepth
0x4a25e10dcb2ddd60	0x141c318b8	fog.endheight
0x952ec0e5af7eb0e1	0x141c31a60	fog.endintensity
0x3c25f671680e3a93	0x141c31ac8	fog.flags
0xf800e48eea1f2938	0x141c31b08	fog.heightrampassetid
0xbd9847d177c11795	0x141c31838	fog.intensity
0x24ee376b35b578c0	0x141c31ae8	fog.rampassetid
0x70c640dfb33061fe	0x141c31978	fog.startcolor
0x64216185779fd1cd	0x141c31950	fog.startcolor.a
0x64216185779fd1ce	0x141c31928	fog.startcolor.b
0x64216185779fd1cb	0x141c31900	fog.startcolor.g
0x64216185779fd1de	0x141c318d8	fog.startcolor.r
0x70c640d8b92c7ae4	0x141c31858	fog.startdepth
0xcebfef318b066514	0x141c31898	fog.startheight
0x90ce7ae772b06977	0x141c31998	fog.startintensity
0x4cb4e8e9474ef390	0x141cf7568	followcameraouter
0x4704ce67be013d46	0x141cf7608	followcameraposoff_high
0xeb71d8e119ebdc01	0x141cf75e0	followcameraposoff_low
0x6983f397a272f4d2	0x141cf75b8	followcameratgtoff_high
0xc962c95a24547283	0x141cf7590	followcameratgtoff_low
0x93d569cc5e63506f	0x141cc8fd8	followcammode
0x84b9a06506af66fe	0x141dc1be0	font_default
0x6772bbe22a1abe0c	0x141dc1c80	fontresource_footer
0x6772b5e8240abe0c	0x141dc1c58	fontresource_header
0x860f7bea574de60d	0x141c9b3e0	forcecomplete
0x880965e94b5afd0a	0x141cf53d0	forcemissprob
0x30e286142cef8d76	0x141c9c4b8	forcepip
0x64748fcd405343e2	0x1416ff260	forcescalex
0x64748fcd405343e3	0x1416ff290	forcescaley
0x64748fcd405343e0	0x1416ff2c0	forcescalez
0xc8c33e483c7c0cbd	0x141701580	form
0x41d2c132082e060a	0x141cf4948	format
0x2fd1808d4975458e	0x141c5cfd0	forward
0x2fd1808a4a64429e	0x141ccb1d0	foutput
0xc8e8d0b1a896f2f9	0x141c4bc70	fps
0x63c89e5f4a4d705e	0x141cf23d0	framecount
0x41d2c12f1f261d1b	0x141cf03c0	freeze
0x2fd19d965b7a5399	0x1416db530	friends
0x6e1a459fed31f5f5	0x141cccbe8	friendsofmembers
0x870759368c36e204	0x141ccb5a0	frisbeeinowngoal
0xc8c33e483c6111bd	0x1416feba0	from
0x30feab1525f08b6b	0x141c364d8	fs_bloom
0x2f6060f869096af5	0x141c36190	fs_depthdownscale
0x922f45bb8d62d10f	0x141c36490	fs_downsample
0x2bb379d9f71b171a	0x141c36098	fs_filltransparentdepth
0x572f5319f21bca35	0x141c365d8	fs_flaredownscale
0x2fd19ca0586c568b	0x141c36648	fs_fxaa
0xd516d711f18a76b0	0x141c36528	fs_kawaseblur
0xdd1dd588b45badcd	0x141c361f8	fs_lowrescomposite
0x8b5c57610d612a3b	0x141cdcb00	fs_luminancedownsample
0x229a8df34f8ee012	0x141c36458	fs_motionblur
0xad86c4317e992b7c	0x141c36370	fs_outline_edgedetect
0x945d24965dee6135	0x141c36620	fs_tonemapping
0x86d9b0bb36d2568a	0x141c36430	fs_velocityneighbormax
0x88e7ff7ac5193cdb	0x141c363e8	fs_velocitytiles
0x5e95f4116e72586b	0x141cf1520	fsfxcolor4params
0x3c77cae18b4017cb	0x141cf1500	fsfxcolorparams
0xb615e71b5ab93cc5	0x141cf14c0	fsfxflagparams
0x1f2c4d6b665a801f	0x141cf14a0	fsfxintparams
0xb9025a82795deeeb	0x141cf1548	fsfxrangeparams
0xde29dc96ac2c910f	0x141cf14e0	fsfxrealparams
0x8193b2307fd6bf07	0x141cf1568	fsfxsymbolparams
0x30f8981b2bf0807f	0x141c6a4c8	fullbody
0x95508a49600846a8	0x141c6aa20	fullbodyadd
0xf5c851b97baa7294	0x141c5d1f8	fullregenduration
0xbe467be7dcbb8352	0x141c9cbb0	fullscreen
0xd4fbc4cac57cb965	0x141c9e8d8	fullscreentri
0xc8c33e483c660ca9	0x141c9c080	fury
0xc8c33e483c651fbc	0x141c9c440	fval
0x97641ea8bf453e15	0x141cb6270	fx_block_transform
0x2b23b93969003985	0x141c32858	fxaa.mode
0x2b33ad7668062999	0x141c9cd58	fxquality
0x4e16ca9b710aea4a	0x1416cf830	g_menu_load_wait
0xb74af65b7d6a6d1c	0x1416cf880	g_menu_mp_transition
0xa321e9670ae71f5f	0x1416cf858	g_menu_quit_from_game
0x53ddc0e28407fa17	0x1416d5b28	game_frisbee
0x1b10bdc962b47fcc	0x1416e1fd8	game_frisbee_ownerid
0xb2996ad399fdc0ff	0x1416dcc38	game_state
0xb2996ad484f1d1e8	0x1416d68b8	game_timer
0x31ec991224f08063	0x141cca478	gamemode
0x31ec991226e98174	0x141ccd0a8	gameover
0x19769b372c99adef	0x14170d708	gamespace
0x496a1238facbfd43	0x141cf2b80	gamespacename
0x31ec99123de69463	0x1416e28b0	gametype
0x5ebcc318e5c61118	0x141ccd058	gametypeispayload
0x03eacd90c8b3d5ef	0x141ccd080	gametypeispointcapture
0xab9450d285ad86a3	0x141cdcd08	gatherh129
0x196f96212e90fdb9	0x141cdcd48	gatherh33
0x196f96212e90f8bf	0x141cdccc8	gatherh65
0x196f96212e8effbd	0x141cdcd68	gatherv17
0x31ec801f2ced9233	0x141cdcd28	gatherv5
0x196f96212e8ef8bf	0x141cdcce8	gatherv65
0x10cb894b312a0a74	0x141cdcbe8	gaussianblur_h
0x10cb894b312a0a6a	0x141cdcc08	gaussianblur_v
0x2fd08a915b665686	0x141cc0b48	general
0xb75c5ca4be30201d	0x141c35b78	generatemips_cs
0x2fd08a915b665e89	0x141c45938	generic
0x837d9cd73e6851de	0x141c9e0e8	gestureselection
0xe32dc7ddd18057a4	0x1416e0230	ghost
0x31e59b043dc08d6d	0x141c68cf0	ghost_ik
0x31e59b043dfe886a	0x141c9c978	ghostall
0x2fd087904d60528e	0x141ccb280	ghosted
0x09396b60fa0b4904	0x1416e0530	glb_global_standard_fades_script
0xc9fc71fd506bee06	0x1416ccc40	glb_r16_cns_background
0xc93e9b067fa24b9e	0x1416ccbf0	glb_r16_mnu_frontend
0x2a7ef2a5f6501b47	0x1416ccc18	glb_r16_mnu_pause
0xeaab80e467810316	0x1416cccb8	glb_r20_cns_background
0xe2da23bd5bd917b0	0x1416ccc68	glb_r20_mnu_frontend
0xbf39b0caa3ea8487	0x1416ccc90	glb_r20_mnu_pause
0x2019bd260e641b4b	0x141ca3178	global_vars
0xf14a6f0362645482	0x1416d6398	global_xp_multiplier
0xc8c33e483d7c1fbc	0x141cf2138	goal
0x2fd0809e524b5192	0x1416d9d58	goal_fx
0x41d2c0321b2f0e1b	0x141ca3780	goalie
0xb69844bd7fc1ff4c	0x141cf57e0	goalielungecooldown
0xeaf3dfe6cd8552c0	0x141cf5710	goalietubelaunchdist
0xe32dc7ddd68e48a3	0x141cbdb50	goals
0x31e2951b3df68963	0x141ccd398	goaltime
0x01b41a77f4500b1d	0x141cc9c28	goaltypestring
0xc8c33e483d7c12b4	0x141cbdb98	gold
0x345810a04f176523	0x141c39a60	gpuoffsets
0x31ff951525fa8272	0x141c9e110	grableft
0x0a7a9c36359fa6fe	0x141c9e130	grabright
0x0a7a9c302588abf9	0x141c5fcd0	grabtypes
0xe32dc7ddcb8e54b8	0x141720d78	graph
0x31ff950721f68075	0x141c39498	graphids
0x41d2c02f1f260307	0x141cc01b0	greedy
0xe32dc7ddcb8a41be	0x141cf11c8	green
0x2fd09d9a5075538f	0x1416d7840	grenade
0xc8c33e483d6117a0	0x141c9ad28	grip
0x0a728e253f8ca1f8	0x141c4c458	gripactor
0xe32dc7ddcb8051a0	0x141c36f10	group
0x31ff9b0239f6807e	0x141ccc618	groupidx
0x78f04a09e33952fc	0x1416fd5b0	groupindex
0x0a748b343299a3ef	0x141cf0640	groupname
0xed1f492b6ee5a2fb	0x141cf2650	groupsymbolo
0xed1f492b6ee5a2e2	0x141cf2860	groupsymbolv
0x41d2c02e14220a1b	0x141cf2570	gsname
0xe32dc7ddcc8e56b4	0x141cc0590	guard
0x31f895052df68568	0x141cc00d0	guardian
0xaf4585c85063965b	0x141c388e0	gui_color_mask_ps
0x7f3189bab98cd583	0x141c38830	gui_color_mask_stereo_ps
0xafe2063a2dd6f22d	0x141c38908	gui_mcsdf_ps
0x72050c0c7929d373	0x141c38860	gui_mcsdf_stereo_ps
0x41d2c028131c170d	0x141c388c8	gui_ps
0xac6c8c8f6e0853f9	0x141c38810	gui_stereo_ps
0xac6c8c8f6e0855f9	0x141c387f0	gui_stereo_vs
0x9880a6963cbf5805	0x141c38928	gui_truetype_ps
0x091498ebce18db25	0x141c38888	gui_truetype_stereo_ps
0x41d2c028131c110d	0x141c388b0	gui_vs
0xd1d52cf94503a84e	0x141702690	h
0x3eec98112df68975	0x141c40268	halfdims
0xc8c33e48327210b4	0x141c67ff0	hand
0xf168edf8fba8891f	0x141c7ec08	hand_left_gesture_overrides
0x6a2b7523effa0721	0x141c68f58	hand_left_gestures
0xaffab8682f47d332	0x141ca3210	hand_left_gestures_remote_player
0x0960e0923e85daf7	0x141c68fa8	hand_left_grip_plane
0x5118833235bff4dd	0x141c7ec38	hand_right_gesture_overrides
0xe8dcc5ea0100759f	0x141c68f80	hand_right_gestures
0xe010ef6035e07bf8	0x141ca3248	hand_right_gestures_remote_player
0x4438891654dd4b65	0x141c68fd0	hand_right_grip_plane
0x0bc639eacf21bbea	0x141ccd670	handattachedplayerleft
0xe11bb2be00bed89a	0x141ccd698	handattachedplayerright
0xdbf121b17a4b6ce8	0x141ccd620	handattachedstaticleft
0x194b31448d3d83ba	0x141ccd648	handattachedstaticright
0xc8c33e4832720cb4	0x1416c9dc0	hard
0x932e5d137dc6c1a9	0x141cca958	hasbundle
0x034c6acfac54ca67	0x141cc9ac8	hasdamagenumbers
0x6b07e70281e4166a	0x141ccbec8	hasduration
0x6917f41780ff1c60	0x141cca538	hasfeatured
0x3eec871120ed8162	0x141cf2d98	hasfired
0xdf057c38fc4dd8f1	0x141cccab0	hasgrouppresence
0xa4680533f32fcab2	0x141cccad8	hasgrouppresencev2
0xbf28995b3e875ee1	0x141cc9b18	hashumanbodyparts
0x932e560076cedea9	0x141cf1690	hasifelse
0x6317f20296f41060	0x141c9aea8	haslegacyid
0x4a02c4e398a0c416	0x141cc9aa8	haslocalhealth
0x51a47a71841de719	0x141cca518	hasnewunlocks
0x3eec87183ef18174	0x141ccbee8	hasowner
0x932e4f0761c7c3b8	0x141cf1a00	hasparent
0x932e4f0a72dbc8a8	0x141cf19e0	hasplayed
0x4aa7250fe6d78e6d	0x141c9db80	hasreports
0x41d2cf3c09370619	0x141c9d120	hastag
0x932e4b0761c5c8b8	0x141cc9db0	hastarget
0xe32dc7d2d89c5cb6	0x141ccbd48	hasxf
0x808914b21d00e460	0x141cc02b0	hat_tricker
0x93294b147ac1c6bf	0x141cc0500	hattricks
0xc8c33e4832761fb4	0x1416cef88	head
0x41d2cf381b27020c	0x141c36ca8	header
0x2fdf8a9e5a714599	0x141c39998	headers
0xa42db85c279c2578	0x141c48640	headlookadditivelayer
0x09dcb2868be17de8	0x141c48460	headlookleftrightmaxangleoutput
0xcffd88de88cc5bde	0x141c48410	headlookleftrightminangleoutput
0xa6bb7bdf7a81fe2c	0x141c48500	headlookupdownmaxangleinput
0x871aef4d0fb19e48	0x141c485a0	headlookupdownmaxangleoutput
0xf1ce0ee779a5a81e	0x141c484b0	headlookupdownminangleinput
0x413bd5150c9cb87e	0x141c48550	headlookupdownminangleoutput
0x2fdf8a9e5a7b4583	0x141ccd748	headori
0x2fdf8a9e5a645899	0x141c9d388	headpos
0x2fdf8a9e5a66589e	0x141c9d400	headrot
0x2f6a2809a4cb2962	0x141c9c7a0	headsetconnected
0x2fdf8a9e52755a9e	0x141ccc208	healamt
0x41d2cf381b2f020c	0x141ccc220	healer
0xb517c9f6ceb5f6da	0x1416d5b68	healing_assist
0x41d2cf381b2f1316	0x141cf6ef8	health
0xf5c7a05f848fd8c4	0x141cf3120	heavymotor
0x41d2cf3813240f0a	0x1416fee18	height
0xc8c33e48327612b4	0x141cc8c90	held
0x2b1e6b39a5ce785c	0x141cc8ca8	heldbylocal
0x526db5abff8007cb	0x141cc8cc8	heldbyremote
0xe6d0b5569f82c7d3	0x141c9c5b8	heraldtype
0xc8e8d0b1a898e7f2	0x141cf02d0	hex
0x41d2cf341e270210	0x141c9c6e0	hidden
0x41d2cf341e261217	0x141cccf78	hideui
0xcdd7b88e34199c7e	0x141cc03d0	highestspeed
0xc8e8d0b1a898ebfe	0x141ccd4d8	hit
0x9cb080f35a62d40d	0x141c7ccd8	hit_c1_head1
0x93b080fd506cc40d	0x141c7ce00	hit_l1_foot1
0x93b080f35e6dd40d	0x141cb3a68	hit_l1_hand1
0x8db080fd506cc40d	0x141c7cda0	hit_r1_foot1
0x8db080f35e6dd40d	0x141cb3ac8	hit_r1_hand1
0xccb77bec5d3d16c1	0x1416fd228	hlodparentindices
0xddcf94e34fe38622	0x141cc9500	holderscount
0x3ee298132fea8a65	0x141cefc58	holdfunc
0x3ee298133df68963	0x141701ff0	holdtime
0x19e904ed19a7b21a	0x141c47df8	homebaseactor
0x9d2e4b0f7dc6c8b4	0x141cccb68	hostindex
0x3ee280283af78b72	0x141cc05e0	hot_shot
0xc8c33e48327c0ba2	0x141cf0540	hour
0xedb8d462ff0a6f5e	0x141cf05c0	hourslabel
0x3ee282123bf68a61	0x141cf1b38	hovering
0xc8e8d0b1a898f7ee	0x141c9c888	hud
0x873960037ecdd9a9	0x141cb39b0	hud_emote
0x5248d26806e7e872	0x141c9d368	husknodeid
0x3e91187ca6d9f8bd	0x1416dd7b0	iap_failure
0x3e840c76a9c9f9ab	0x1416dc9c0	iap_success
0xc8c33e48337011be	0x141c9c3a0	icon
0x1a163ac32830fe07	0x141c5d378	icontexture
0x313d0759bc6b852e	0x1416d75c8	id
0xc8c33e4833771bb6	0x141ccb248	idef
0xcfa64a547d606800	0x1417026d0	identifier
0xe32dc7d3dd8649a3	0x141c4c218	idims
0xc8c33e48337712b5	0x141c68cd8	idle
0x3fe998122df09172	0x141cc9420	idledout
0xc8e8d0b1a899e6f2	0x141c401b8	idx
0x3fe98c052cf28576	0x141720eb0	idxremap
0x41d2ce3a142c151b	0x141c9c368	ignore
0x499a93432ba6f73a	0x1416fee80	ignoreattachrot
0xab3b3c8f915320c2	0x141c9a720	ignoremaxextent
0xc0701d9ac67da9b5	0x141cf0478	ignorephysics
0xbe6a76472e4658de	0x141ccba10	ignoresfx
0x0edd3fa10988dcf4	0x14170f058	ignoretransout
0x3fe6951920f28d62	0x1416fec38	ikanimid
0xe32dc7d3d48851b9	0x141cd1a10	imgui
0x3fe0930220c09475	0x141cd1b28	imgui_ps
0x3fe0930220c09275	0x141cd1b08	imgui_vs
0xb4697c5122544ac3	0x141cf0e48	immediate
0x0462b7eab03447be	0x141cc07c0	immovable_object
0x41d2ce300a22040a	0x1416d0e28	impact
0xd9dc3b5c265fdbca	0x141c5ce00	impactspeed
0x106e04b2615efb29	0x141c9d968	impactvelocity
0x2fde828f4b78448f	0x141cf0e68	impulse
0x313d0759bc6b8524	0x141cf2e80	in
0x2fde81a04a7d5a8f	0x141ccac70	in_time
0xdeba41ace250e09d	0x141701600	inactivescenesets
0x2fde819d516c5299	0x141c5ce40	inboxes
0x3fe396022bfd8863	0x141ccb298	inbubble
0xfdc885dc9f8d3135	0x141ccc598	includematchinfo
0xb7676b50265050d2	0x141c9b418	increment
0x3dc26e6fa0202226	0x141cb8060	incremented
0xb7607c5239505bd5	0x141dc19b8	indegrees
0xe32dc7d3d78b41a8	0x1416fe748	index
0xf8b8b2325de1a894	0x141cc9a18	index_lookup
0xf885ab3b54efaf97	0x141c2f970	indexbuffers
0x3fe3901231e98574	0x141c9c348	indexvar
0xa0f6c86695e9f6f2	0x141cc0790	infiltrator
0x41d2ce331d220a1b	0x141cc91d0	ingame
0xcfc71f730ffe81c2	0x14171fd58	init_rad14
0xbb250639b2fb048f	0x141c9aa70	initialdelay
0xb76d6d5c2a5946c0	0x141c44ab8	initialxf
0x2fde81964a625286	0x141cb43f0	initvel
0xa421063cb9f00993	0x141c39cd8	initvelangle
0xcfc7366402fed984	0x141c39cb8	initveldir
0xa421062ea7f20092	0x141c39cf8	initvelspeed
0x8132251c3aafdc11	0x141c39c78	innerdimensions
0xb24633dd8de2834d	0x141ccb2d8	inpersonalspace
0xe32dc7d3d79f51a4	0x1416e8050	input
0x41d2ce330a36131f	0x141dc1988	inputA
0x41d2ce330a36131c	0x141dc19a0	inputB
0x3fe384023dfe886a	0x141c9a740	inputall
0xea137c7a1445a3a4	0x141c9a7f0	inputanalogleft
0x0ef9732740ee0730	0x141c9a810	inputanalogright
0xd6c634631cfbdb93	0x141c9a8b8	inputbrake
0x58b0e141a1283cc7	0x141c9a878	inputbumpers
0xb7746c412f544ac7	0x141cefbf8	inputdata
0xf2aa68afdaf4a734	0x141c9a858	inputdetach
0xf2aa68afd8fca739	0x141cf1828	inputdevice
0xb7746c412f5a49c8	0x141cc96c8	inputdown
0x8cf48eca490aa504	0x141c9a760	inputgrableft
0xafb0482ceb8f7b8c	0x141c9a780	inputgrabright
0xbca5855c42414a74	0x141c9a7a0	inputironmanleft
0x200d71793beb506c	0x141c9a7c8	inputironmanright
0xb7746c41255453c3	0x141cf1868	inputname
0x99e38ccd4b1ba602	0x141c9a8d8	inputrecenter
0x41d2ce330a36130d	0x1416fd8d8	inputs
0xb6ab7be74a8cb356	0x141c9a898	inputspeedboost
0xb7746c41384c50c5	0x141c9a838	inputsync
0xb7746c413f4c4ec3	0x141cf2920	inputtype
0x9b580353284f139b	0x141cccb88	insamelobby
0x37f7d2cc6a7182ed	0x141c9e530	insertiontype
0x35ea21773a5b0f2b	0x141ccb2b8	insharedspace
0xb777695d2e475bd5	0x141c5ce58	inspheres
0xb7776d5425565bc2	0x141cccdc0	instanced
0xd5c7216f0dffd992	0x141ccba30	instanceid
0x96d91a362a75ad76	0x141cf0240	instancemodel
0xb7776d5425565bd5	0x1416e6860	instances
0x2fde818c4a75599e	0x141c9c1e0	instant
0x558595ff1d1cc35f	0x141c394d8	instmodelids
0xc8e8d0b1a899ecfe	0x141cf67c0	int
0x3fe380163bed857f	0x141cf29c0	intarray
0xb7707847395447c9	0x141cf2718	intarrayo
0x230cb72707da58b5	0x141cf26f8	intarraysizeo
0xb7707847395447d0	0x141cf28c0	intarrayv
0x41d2ce330e270218	0x141cc9d68	intdef
0xd2d627730feed585	0x141cf1cd0	integrates
0xb7707c5b385c4adf	0x1416ecf30	intensity
0x4dd29d01fecc667b	0x141cc04a0	interceptions
0x4fc8f6e2bcbfe686	0x141cc0260	interceptor
0x94e8a748d55e23a1	0x141c9da00	interrupting
0x5cc29d01f8c1627b	0x141c9b278	interruptobjs
0xb7707c4738505dd2	0x141cf2ec8	intersect
0xd2d632720bf9c485	0x141cf2298	intersects
0xd2d5266e1cf7d182	0x141c9e2c0	intfformat
0x2fde818b58795692	0x141c9e318	intfmax
0x2fde818b58795e84	0x141c9e300	intfmin
0xed10d4b82dfc8c0a	0x141c9e2e0	intfvaluestr
0x3fe3801e27ef9172	0x141cf2960	intinput
0xd2da2e750bf4c485	0x1416fd818	intintents
0x41d2ce330e2e0606	0x141c9e2a8	intmax
0x41d2ce330e2e0e10	0x141c9e290	intmin
0xc8c33e48337d0abf	0x141cf25d8	into
0x9f93c265b9c19e36	0x141cc94e0	intournament
0xb77076403f454bd2	0x141cc9ca8	intoutput
0x3fe3800728ed856b	0x141ccbfa0	intparam
0xb447697e7ce6c8c1	0x141cf31e8	intparamname
0xc8c33e48337d0aa3	0x1416ed080	ints
0x5ed5e6f3bea2e793	0x141ceb010	inttostring
0x5ed5e6fea1a9e698	0x141ceb080	inttosymbol
0xc8c33e48337d0aa6	0x141cf27e8	intv
0x41d2ce330e350612	0x141cc95b8	intval
0x3fe3800128f39163	0x141c9e270	intvalue
0x2fde81895f785e8e	0x141cc8a58	invalid
0xb77270412a5752c3	0x141ccccb8	invitable
0x41d2ce330c2a131b	0x141c45990	invite
0xd0da346401f4dc8f	0x141cccbc8	inviteonly
0xe65191f5f20e7fca	0x141c9d9a8	involvedactor
0xb7726b502d5a4ccf	0x141c4c9a0	invrefori
0xd0c1256701e8d985	0x141c5fc50	invreforis
0x152750c619e6445f	0x141ccd508	invulnerable
0x2fde808a4a64429e	0x141ccb1e8	ioutput
0xbc33e5bcbe614747	0x141c30b50	iris_irradiance
0x6952f3ec0bf8539a	0x141c9e150	ironmanleft
0x9e0ea6615f6f398e	0x141c9e170	ironmanright
0x336dbadd846b430e	0x141c39dd0	irradiancesampleoffset
0xc8c33e4833604cb4	0x141cf03f8	is2d
0x3ffe95143df69263	0x141cc9858	isactive
0xc674dcc0aa5c9815	0x141cc8bb0	isauthority
0xe32dc7d3ca8d4ba4	0x141ccd470	isbot
0x3ffe960227fb8863	0x141ccc4a0	isbundle
0x3e0f7a9384964b94	0x141cccea0	isdedicatedserver
0x41d2ce2e1e260a11	0x141ccac58	isdemo
0xe32dc7d3ca8b41a6	0x141ccac40	isdev
0xa9b0c9c46ce4a6a0	0x141ccc4c0	isfeatured
0x41d2ce2e1c31021b	0x141cca410	isfree
0x2fde9c98567b449e	0x141ccd418	isghost
0x3ffe931b26fd856a	0x141cf0458	isglobal
0x3ab70334642de964	0x141c9b9a0	isgrabpoint
0xa7b0c9d475f3b0b7	0x141cc8bd0	isheadless
0x41d2ce2e122c140a	0x141cccb50	ishost
0x2fde9c9351775686	0x141cccc68	islocal
0xa3bacbd16dffacaa	0x141ccc578	islocation
0xaa68765a3b5c50c1	0x141cf2a80	islooping
0x2bc97a0a1fa355e6	0x141ccd3f8	ismoderator
0x954d563b75ac6c0a	0x141c9dbf8	ismultiplayerapp
0x3ffe841b28e68174	0x141ccd430	isplayer
0xaa747554325c50c1	0x141c9cf00	isplaying
0xbdb0cec076ffadb0	0x1416fea90	isrefpoint
0x3ffe861224f09063	0x141ccd450	isremote
0x3ffe87123be98174	0x141ccce80	isserver
0x2045fe488117936a	0x141ccd3d8	isspectator
0xd2565119e6f64491	0x141cccec8	isspectatorstream
0x3ffe870328eb8d65	0x141cefad8	isstatic
0x3ffe81193bfa8562	0x141cccda0	isunread
0xc8c33e4833671bbd	0x1416e5fd8	item
0x2fde9b9a534b5e84	0x141cc9a50	item_in
0x7a370461fc145eaa	0x141cc99f8	item_index
0x6f42d44e5e1fef90	0x141cc9a88	item_index_in
0xad61746a255453c3	0x141cc99b8	item_name
0x3ff9911a16ec9d6b	0x141cc99d8	item_sym
0x41d2ce291f2e0e1a	0x141c9c6b0	itemid
0x3ff9911a27fe8963	0x141c9c598	itemname
0xd5f5e21d97f681d3	0x141c9c328	itemnametipbody
0x11c12dfcd1e56613	0x141c9c300	itemnametipheading
0xad617445395c5dc3	0x141ccc480	itemprice
0xe32dc7d3cd8a49a3	0x1416e6a68	items
0x3ff9911a3ac48d5b	0x1416d59f8	items[i]
0x3ff9911a3af38b72	0x141cc94a0	itemslot
0xe32dc7d3cd8a56a3	0x141c40110	iters
0xc8c33e4833651fbc	0x141c9c410	ival
0xbb876bde15d9bfe4	0x141c442d8	jck_arm_tool_left
0xd26c009628f8387a	0x141c44300	jck_arm_tool_right
0x2fdd818b50755a8f	0x141c5d460	jntname
0xc8c33e48307c17be	0x1416e0660	join
0x3ce29d1928fd8863	0x141cccb30	joinable
0x41d2cd32132d021a	0x141cc9198	joined
0xee75ad20966f8166	0x141cc92b8	joinerrorbadrequest
0x57562e16becb6d04	0x141cc9290	joinerrorinternal
0x6251acf0decbce98	0x141cc9388	joinerrorlobbyfull
0x1370acd826299aa3	0x141cc9330	joinerrorlobbyincompatible
0x60c615cc2b5e48f6	0x141cc9308	joinerrorlobbyinvalid
0x0dbc37995ddf2200	0x141cc9360	joinerrorlobbylocked
0x8b846e614952bd60	0x141cc93b0	joinerrormissingentitlement
0x907ef1f7ae43a82d	0x141cc93e0	joinerrorpartychange
0x645a58f0e6f69882	0x141cc92e0	joinerrortimeout
0x2fdd8096507d598d	0x141cc9140	joining
0xfaad0480980ee9eb	0x141cc9178	joininglobby
0xd79f749c6bbb4e87	0x141cf0bb0	jointcomponentname
0xe7a60d988505eee1	0x141cf0cc8	jointentries
0xcb861db4ccece67d	0x141c5cf10	jointname
0xa4511d24ccedca07	0x141cf0c20	jointoffsettype
0xcb861db4d6f4fb7d	0x141cf2c18	jointtype
0x2fdd808a4d605298	0x141cc0100	jouster
0xcb9a00b4d1fae476	0x141cc0390	joustswon
0x2fdd9c90507d5392	0x141ccb438	jsonidx
0x446bdf415c663554	0x141cf2df8	justchanged
0x15f343c03582c24c	0x141cf2dd8	justfinished
0x447bc34140753554	0x141cf2db8	juststarted
0xdca39f91649de2fc	0x141c2d0e8	k_alt_fx_map
0x368e7775c842f5d8	0x141c2e008	k_ambient_lightmap_ao0
0x368e7775c842f5d9	0x141c2e030	k_ambient_lightmap_ao1
0xa4a3fcc0edacc407	0x141c2dfe0	k_ambient_lightmaps
0xd34c92341a1c6ea4	0x141c2cf28	k_ambient_occlusion
0x8f72992e7b7f64a7	0x141c30568	k_ambient_spec_boxes
0x82a6aa3356606ba7	0x141c30540	k_ambient_spec_cubemaps
0x8a61fc70a7255341	0x1416cf120	k_ao_volumes
0x338512b99a947f62	0x141c2caa8	k_back_buffer
0x7ba49f29bb6a4c07	0x141c2cb70	k_bloom_downscale
0xe394e7cab73b593e	0x141c2cb08	k_bloom_map
0xe394e7cab7254a2d	0x141c2cb28	k_bloom_src
0xc933f11c391d7aa6	0x141c2cb48	k_bloom_threshold
0xf40d5f842187ffa7	0x141c2cb98	k_bloom_upscale
0x1b713ec7a2214a50	0x141c2cc18	k_blur_map
0x4ae8451061c1d6ec	0x141c304a8	k_bone_cache_curr
0x4ae8451072c6c1e8	0x141c304d0	k_bone_cache_prev
0x4ae8451074d1c7ea	0x141c304f8	k_bone_cache_vect
0x8b15bbb1cef86052	0x1416cf1f0	k_cascade_depth_map
0xc4f553ca4d9ef573	0x1416cf0d0	k_clustered_lights
0xc3b06dd5e03c7028	0x141c2d178	k_color_grading_dbg_map
0xd6c7cb84efacca54	0x141c30c68	k_creep_map
0xd1d0d891efb5ce5c	0x141c35130	k_curve_tex
0x58afb5ca3e73381e	0x141c36808	k_cutting_decal_map
0x6b8ff1012e123e42	0x141c367d8	k_cutting_instance_buffer
0x0703edea69d9977c	0x141c36830	k_cutting_normal_map
0x47a4bf3a6875cc7e	0x141c36858	k_cutting_scorch_map
0xafa546ebfac285c2	0x141c302d8	k_decal_buffer
0x62f0915207a411cd	0x141c36880	k_decal_clr_texture_atlas
0xfde7494a4d0dede3	0x141c302f8	k_decal_clusters
0x0bc60f3c07106c23	0x141c368e0	k_decal_cmp_texture_atlas
0x7be9380ef1cb0b2b	0x141c368b0	k_decal_nml_texture_atlas
0x5457cf31e63a37b0	0x141c2cf08	k_default_depth
0xe55f124c6ec506e2	0x141c2e128	k_diffuse_scatter_map
0xd55ae184c851dec2	0x141c2e058	k_dirlight_occlusion_map
0x098abb28fb1da6fb	0x141c2c918	k_dirlight_shadow_volume
0x9d17f735acb5df40	0x141c30be8	k_dither_fade_pattern_map
0xe32dc7d1e68b4bb6	0x141c2cc38	k_dof
0xd9b2130df65c7526	0x141c2cc70	k_dof_blur_h
0xd9b2130df65c7538	0x141c2cc90	k_dof_blur_v
0x1b4b022e544c365a	0x141c2ccf0	k_dof_bokeh
0xbd143de270b57201	0x141c2cc50	k_dof_downscale
0xb3f0ffb6d0bdba42	0x141c2d458	k_dof_downscale_far
0xff315ad78c440a2c	0x141c2d430	k_dof_downscale_near
0x0955da14c50235ba	0x141c2d4f8	k_dof_flood_fill_far
0x244a000c961aa148	0x141c2d4d0	k_dof_flood_fill_near
0x27945b834a2d24de	0x141c2d4a8	k_dof_gather_far
0x2ff0ba99bc345824	0x141c2d480	k_dof_gather_near
0xbb795ff20b26d08b	0x141c2d520	k_dof_near_mask
0x6b7fef1bac7517c6	0x141c2d540	k_dof_near_mask_temp
0xd0d23af5a5696a11	0x141c2ccb0	k_dof_src
0x1d722dea89294650	0x141c2ccd0	k_dof_temp
0x4d5bd1bbe92f3fb4	0x141c387a0	k_dummy_ui_target
0xc947d039e206f8b4	0x1416cf408	k_exposure_buffer
0xfc62f63e18524634	0x141c2d0c0	k_fg_blur_map2_8
0xde9235c900e8a682	0x141c2d060	k_fg_blur_map_2
0xde9235c900e8a684	0x141c2d080	k_fg_blur_map_4
0xde9235c900e8a688	0x141c2d0a0	k_fg_blur_map_8
0xa450bf6c993e84f2	0x141c2d300	k_flare_input_map
0x4efe638fd5651496	0x141c2d398	k_flare_map
0x03a5b06565d40fd6	0x141c2d348	k_flare_splat_map
0x30fc70b50207a986	0x141c2d2d8	k_flare_threshold_map
0xa72f72599fd25238	0x141c2d328	k_flare_tmp_map
0xef9c0bedf49087da	0x141c2d370	k_flare_tmp_result_map
0x1f722cea992d5f41	0x141c2e0c8	k_fog_data
0x014ab60ec49174d5	0x141c2e0e8	k_fog_g0_data
0x61ed47acccf6530b	0x141c2e108	k_fog_g20_data
0x1f722cea8f2d4650	0x141c30cc8	k_fog_ramp
0x1f6e2dcda2214a50	0x141c2cbd8	k_fsfx_map
0xdf9f80695c88cd9e	0x141c34250	k_fsfx_texture_0
0xdf9f80695c88cd9f	0x141c34278	k_fsfx_texture_1
0xdf9f80695c88cd9c	0x141c342a0	k_fsfx_texture_2
0xdf9f80695c88cd9d	0x141c342c8	k_fsfx_texture_3
0x4b18d3beef88f38d	0x141c34de8	k_gobo_texture
0x8658ef9929afa56a	0x141cd1868	k_gui_font_map
0x00650c08c717f610	0x141c2d2b0	k_hi_res_bloom_blur
0xb3f7b9a7162dac94	0x141c2cac8	k_highres_map
0xf8774b111456cf6c	0x141c2cae8	k_highres_map2
0x7b32664c285f9509	0x141c2be80	k_instancedata
0xa58a2106e4524d4b	0x141c2bef0	k_instancelightuvoffsets
0x1aa9abba156cdb53	0x141c2bec8	k_instancelightuvs
0x7aa993926d1dc241	0x141c2dfb8	k_instcustomdata
0x8c8b94d8fe207e25	0x141c2bf70	k_instdynamicgi
0x230da16d6a4aaf0d	0x141c2bf20	k_instlodfadeamounts
0x2303aa646c41af0d	0x141c2bf48	k_instlodfadeoffsets
0x0963471a43ae1bc7	0x141c2bea0	k_instprevtransforms
0xc1e41cf9a1533448	0x141c30bc0	k_iris_light_map
0x95e367ef8032a632	0x141c2c7c0	k_irradiance_0
0x95e367ef8032a633	0x141c2c7f8	k_irradiance_1
0x95e367ef8032a630	0x141c2c838	k_irradiance_2
0x95e367ef8032a631	0x141c2c878	k_irradiance_3
0xda280dc0de5a9587	0x141c2ca58	k_irradiance_diffuse
0x7881321e30c8f9a8	0x141c30c18	k_jitter_texture_1d_4
0x7881321e30c8f9a4	0x141c30c40	k_jitter_texture_1d_8
0xbf307575be385a5a	0x141c2d3b8	k_lens_dirt_map
0xd871adbce001f88d	0x141c30630	k_level_dir_lights
0x1d41f436c46db57d	0x1416cf0f8	k_light_clusters
0xfd16d428e3befd97	0x141c2c9b0	k_light_shadow_volume
0x6e20161f95e44a85	0x141c2d158	k_low_res_ao
0xd21c713163137d9c	0x141c2d130	k_low_res_opaque_depth
0xed7b369e4e2f26b8	0x141c2cf78	k_lowres_color
0xb63c64dbad8cff62	0x141c2cf98	k_lowres_color0
0xb63c64dbad8cff63	0x141c2cfb8	k_lowres_color1
0xed7b369944333da2	0x141c2cfd8	k_lowres_depth
0xb63c63d1b197e562	0x141c2cff8	k_lowres_depth0
0xb63c63d1b197e563	0x141c2d018	k_lowres_depth1
0x9f87975f6ad9d777	0x141c2cf50	k_lowres_transparents
0xe0f7dbad88fa58e0	0x141cdcb28	k_luminance_reduction_target0
0xe0f7dbad88fa58e1	0x141cdcb58	k_luminance_reduction_target1
0xe0f7dbad88fa58e2	0x141cdcb88	k_luminance_reduction_target2
0xe0f7dbad88fa58e3	0x141cdcbb8	k_luminance_reduction_target3
0x0c206ff8f567d16c	0x141c2cbb8	k_main_pass_map
0x64fc4103c6bd2b42	0x141c2cd10	k_motion_blur
0xb7f744fd764242f1	0x141c2cd30	k_motion_blur_downscale
0xe3b5836c4204373a	0x141c2d408	k_non_msaa_depth
0x9dd54af11cf275f0	0x141c2d590	k_outline_edge_target
0xccd96d6c944066ba	0x141c2d568	k_outline_target
0x0175a2f44d49b6d2	0x141c2d1a0	k_prev_frame_map0
0x0175a2f44d49b6d3	0x141c2d1c8	k_prev_frame_map1
0x0175a2f44d49b6d0	0x141c2d1f0	k_prev_frame_map2
0x0175a2f44d49b6d1	0x141c2d218	k_prev_frame_map3
0x0175a2f44d49b6d6	0x141c2d240	k_prev_frame_map4
0x0175a2f44d49b6d7	0x141c2d268	k_prev_frame_map5
0x20210bb0e297a9fa	0x141c2e088	k_punctual_occlusion_map
0x823fb591db0231ba	0x141c2d038	k_refraction_map
0xc649ae788a1286ae	0x141c2cbf8	k_resolve_map
0x7c228bf12d328aa6	0x1416cf248	k_shadow_depth_map0
0x28c0810fc5b46c2a	0x1416cf1a8	k_shadow_map
0x3412d78718c7c171	0x1416cf1c8	k_shadow_map_cascade
0xae41609843792746	0x141c2e150	k_skin_sh_scatter_map
0x1ba72b844e399f32	0x141c2d3d8	k_solid_transparent_depth
0x4b0787e3de50ea33	0x1416cf218	k_temp_cascade_evsm_texture
0x2027ddba890724c5	0x1416cf270	k_temp_evsm_texture
0x4cf970e215d6a872	0x1416cf298	k_temp_evsm_texture2
0x57881c3bb86e1f92	0x141c2d290	k_tone_mapped
0xe420e80c0243345a	0x141c2cd78	k_velocity_map
0xc21e5db0f715be36	0x141c2ceb8	k_velocity_tile_map_16
0x806e8d741cbcdc08	0x141c2ce30	k_velocity_tile_map_2
0xc21e5db0f715bc32	0x141c2cee0	k_velocity_tile_map_32
0x806e8d741cbcdc0e	0x141c2ce68	k_velocity_tile_map_4
0x806e8d741cbcdc02	0x141c2ce90	k_velocity_tile_map_8
0x9c4eb90ad95b582b	0x141c2cdc0	k_velocity_tiles
0x660e357cca443f8c	0x141c2ca80	k_viewport_target
0x6193d9b14a53dd1f	0x141c2be58	k_visibleindices
0xe86a97ef63551c3c	0x141c2d5b8	k_vr_depth_target
0x5266fc46f59eb40e	0x141c2d108	k_vtx_normals_map
0xead325f296736e17	0x141cd0e70	keepalive
0x7b30f86c4144b5c9	0x141cf0b30	keepoutline
0xc8e8d0b1a89be7f3	0x141cc9d08	key
0x2fdc8a864d75418f	0x141c9bde8	keysave
0xc8c33e48317a1dbb	0x141c6aa40	kick
0x429e19ac0badecd2	0x141c68e68	kick_weight
0x41d2cc341928021a	0x141cc9408	kicked
0xc8c33e48317a12bc	0x14171cb78	kill
0x41d2cc34162f021a	0x141cc9840	killed
0x3de4981b2cfb8d62	0x141ccafc0	killedid
0x3de4981b2ced8d62	0x141ccafa0	killerid
0xdacde8ae707c268e	0x141ccc960	killparticlesatend
0x13bdadcabe7efb57	0x141ccca68	killparticlesondisable
0xe32dc7d1d78050a3	0x141cf71c0	knots
0xd1d52cf94503a84a	0x141702678	l
0xe32dc7d6889945a2	0x141c9c250	l1var
0xe32dc7d68b9945a2	0x141c9c268	l2var
0x3aec9a103cfe8363	0x141cf1770	language
0xe32dc7d6d89c41a2	0x1416cee88	laser
0xc4f63b9e8f2b0b69	0x141c9ddf0	lastactorgamespace
0x71311235c958d664	0x141c9ddd0	lastactornodeid
0xf18bdfbbc0b0ad41	0x141ccadb8	lastdeathtime
0x665797ccc8992b36	0x141ccd350	lastgoaldiscspeed
0x99eef1f5027a8a9b	0x141ccd158	lastgoaltype
0x3d4562e5d7568b9c	0x141cc8ce8	lastheldposition
0x2380274473e42447	0x141ccad98	lasthittime
0x93e0f7f81a6a8c9b	0x141ccae90	lastmagalive
0xc06da8cb19974a30	0x141cc8d10	lastowneralignment
0xdfb88714ee6b1949	0x141ccd0c8	lastpersontoscore
0x667026718608e932	0x141ccd2e0	lastpersontoscoreuserid
0xbbca726c9ab8f296	0x141c9de18	lastradiation
0x662ec18203f53de6	0x141c9dda8	lastscandescription
0x92965332d7246bfe	0x141c9dd88	lastscanlabel
0xe3fcd2ad94eba145	0x141c9dc80	lastscorepoints
0x92984f3bc2236fff	0x141c9dc60	lastscoreteam
0x8971efa14fa9113b	0x141cf4f90	launchspeedaggressive
0x37ba17169ca5929b	0x141cf4fb8	launchspeeddefensive
0xe32dc7d6d89641a2	0x141ceffa0	layer
0x80b08485fb665a7a	0x1416d61f8	layer1_albedo_tint_color
0x8dcc3bfe14149ce8	0x1416d6258	layer1_color_replace_bucket4
0x69466570d92546d2	0x1416d6228	layer2_albedo_tint_color
0x2f0e118582db9c08	0x141c72200	layer2_blend_mask_offset
0x3e40c3591f9d8d01	0x141cf2aa0	layername
0x34e6446d116a9bd4	0x141c9cd98	layoutactor
0x75ef9c42bb282f7c	0x141c9cdb8	layoutcomponent
0x2fdb8e8651614399	0x141c5d0d8	layouts
0x3c56d345058a8116	0x141c9c280	lcountvar
0xbd7726e7aeb102e0	0x141ccc988	leavebehind
0xc8c33e48367618a4	0x141c9d150	left
0x3a5fd274199d8e00	0x141c6a1e8	left_hand
0x2fdb8a994a754587	0x141c47878	leftarm
0x6ffcc5572f51f0eb	0x141c437e8	leftarmbody
0x682a06fbe9c5b2c8	0x141cf3160	leftbuttonmotor
0xcfedd0bb36a823e2	0x141c9de78	leftequipped
0x40f94fae242110b3	0x141c9deb8	leftfingerintersecting
0x3ae8920321fe8a62	0x141c6aa58	lefthand
0xe96c077d1159fe4f	0x141c5fd28	lefthandgripanims
0x2953b7f0e30e81c1	0x141c9d708	lefthandholdingstatic
0xb1c81728449c154e	0x141c9d668	lefthandposition
0x18b6bd14fb53acfc	0x141c9d6b8	lefthandpositionlocal
0xb1d20a22589c1447	0x141ccb320	lefthandpunching
0x3a5fd2421f98851c	0x141c9ab88	leftindex
0xc3f2c1b73eae27ea	0x141c9ac48	leftindexval
0x4444b50468482cd4	0x141c7ebb8	leftoverrideblender
0xdafdc9bf24b722ff	0x141c43828	leftpalmbody
0xfe3db924f63db4b4	0x141c68e28	leftrightboost
0x9a80980b5cb6416b	0x141ccd6c0	leftthrusting
0x3a5fd25f19898d06	0x141c9ab68	leftthumb
0xdef4d0bf24ae27ea	0x141c9ac28	leftthumbval
0x427bd1588c9ea540	0x141c9e4d8	lefttouchmotor
0x6fe9c5532a59f1e0	0x141c9aba8	lefttrigger
0x6aa0961ab54857c4	0x141c4a858	lefttriggeractor
0x371936e1e690d86c	0x141c9ac68	lefttriggerval
0xc8e8d0b1a89ce7ed	0x141ca38b8	leg
0x3ae893162ae68d62	0x141c9aec8	legacyid
0x2ca3b87c779d099f	0x141c4c6c0	legacytransform
0x3a5ec345159d921d	0x141cb0178	legendary
0xc8e8d0b1a89ce7e4	0x141c3fc58	len
0x2fdb8a915f765b8f	0x141ccaeb0	lenable
0x41d2cb3814241316	0x141c5d478	length
0x7e713d543e3b292c	0x141c34048	lensbokeh.depthcutoff
0xadf322f45277ba5c	0x141c34020	lensbokeh.falloff
0xadf822e04d71a65f	0x141c33ff8	lensbokeh.maxsize
0x1037619821ada217	0x141c33fd8	lensbokeh.type
0xa76b53a94a1abaec	0x141c329d0	lensdirt.level
0x0697b67620737069	0x141c329a8	lensdirt.magnitude
0x2c1c1ecfab3cf818	0x141cf0d80	lenseffectcomp
0x05b5bc9650c9221f	0x141c32980	lensflare.magnitude
0xc8a2c67059811484	0x141c32958	lensflare.threshold
0xa2332335b152e5b6	0x141c34098	lensflareasset.assetid
0xa0000d8b1c8e30e4	0x141cea8a8	lerpcolorExpression
0xe32dc7d6dc9941bc	0x1416e2968	level
0x3ae8821225fc856b	0x141cc8ff8	levelcam
0x3a4fc3471f9d8d01	0x141ccb260	levelname
0x41d2cb380c260b0d	0x141ceff40	levels
0x313d0759bc6b802c	0x141c9bbb0	lf
0x313d0759bc6b8022	0x141c9bb80	lh
0x3ae595192df0966f	0x141c9d7e8	lhandori
0x3ae595192def8b75	0x141c9d3a0	lhandpos
0x3ae595192ded8b72	0x141c9d418	lhandrot
0x33c5f31b50f89865	0x141c4ca00	lhinvrefori
0x66aedefb8aab8b2d	0x141c5fc90	lhinvreforis
0x3ae586122ff0966f	0x141c4c9d0	lhrefori
0x374bc34d1e8e8917	0x141c5fc70	lhreforis
0x3ae492123df68963	0x141c5d238	lifetime
0xe32dc7d6d0884ca4	0x141cf02b8	light
0x23848e01f092b1a0	0x141c2e5e8	lighting_debug_intensity100_clr
0xad38c4e52d6bd332	0x141c2e678	lighting_debug_intensity25_clr
0xad38c3e02d6bd332	0x141c2e648	lighting_debug_intensity50_clr
0xad38c1e52d6bd332	0x141c2e618	lighting_debug_intensity75_clr
0x7bae25a9d5693fef	0x1416fd098	lightmasks
0x7bae25a9db6e3bee	0x141cf3140	lightmotor
0x7f1c29174004dc13	0x141c9ccf8	lightquality
0x7bae25b7dc7b32e8	0x141c2eb58	lightshaft
0xc8c33e48367a13b2	0x141c5cfb8	limb
0xc8c33e48367a10b5	0x141d3ea10	line
0xe32dc7d6d08141e1	0x141ccce20	line1
0xe32dc7d6d08141e2	0x141ccce38	line2
0xe32dc7d6d08141e3	0x141ccce50	line3
0xe32dc7d6d08141e4	0x141ccce68	line4
0x41d2cb341426060c	0x1416edce8	linear
0x0b6174d0c74b8c1f	0x141cf1d28	linearvelocity
0xc8c33e48367a10bb	0x1416e3b78	link
0x72ad30a7c07322f9	0x141cc98b8	linkactive
0xc8c33e48367a0da4	0x141702110	list
0x364ad27405859001	0x1416db510	list_type
0x3ae487033de69463	0x1416fece8	listtype
0xbe72e70f130cc18d	0x1416ff8e0	loadingboxes
0x31914a4f4f3ee259	0x1416ff910	loadingspheres
0x2fdb809e5a7b429e	0x1416d5868	loadout
0x370b5e5cdf815567	0x141cc9480	loadoutinstance
0x4118b7610d38eec2	0x141ccd4a0	loadoutnumber
0x3ae2961530fd8b72	0x141cf5bc8	lobbybot
0xb861bcfecc404ab2	0x141cc9158	lobbyjoinqueued
0x30506bba80cc48e1	0x141c5d258	lobbysettingskey
0x305bc45205859001	0x141ccd880	lobbytype
0x106dfb0c67440e7f	0x141cccba8	lobbyunjoinable
0x6add731124c3da1e	0x141ccb568	lobbyversion
0xc8e8d0b1a89cede9	0x141ca3ae8	loc
0xe32dc7d6d68c45bc	0x141c401a0	local
0x3ae2971625fd8b72	0x141ccb018	localbot
0x701ff9e930cb7ddb	0x141c39ac0	localforces
0x228a99392c8f7123	0x1416ff2f0	localforcescale
0x1adeb9ec7a0fc7b2	0x1416feb00	localizedspeaker
0x69d92cfa00c5cbd2	0x141ccd038	locallypaused
0x701fefea23d17dda	0x141ccaff8	localplayer
0x8471e85c170a5c85	0x141cf2510	localspace
0x305ac747079d9217	0x141cccde0	localvars
0xc8c33e48367c1dbb	0x141ccba88	lock
0x41d2cb3219280810	0x141c9c1c8	lockon
0xc0b940c288b24607	0x141ccb608	lockoutcountdownactive
0xfa743a7a7d909b13	0x141ccb680	lockoutcountdownsec
0xbfa65cfeb46bf89c	0x141ccb658	lockoutexpiretimestamp
0xffa35854d22962c5	0x141c2f990	lodchildindices
0xa5951f4aa82083db	0x1416fdf48	loddistance
0x26d8fa7b3c07d82b	0x1416fd0d8	loddistancescales
0x3ae2901a28ec8f75	0x1416fd0b8	lodmasks
0x3ae293102cfb8d68	0x141cccf10	loggedin
0x305ec1421f9b890a	0x141cccef0	loggingin
0xe32dc7d6d6884dbe	0x1416cf5d0	login
0x3ae2931b2ce9816a	0x141cefda0	loglevel
0x3ae29a1016fe966b	0x141cc0230	long_arm
0x3057c17402948f10	0x141cc0040	long_shot
0x7814a28bada0977e	0x141cc0400	longestpossession
0xa4bd59c472312942	0x141c68d10	look_left_right
0x887bdb5f0e1f5c88	0x141c68d70	look_pitch
0x3056cd7403938c08	0x141c68db0	look_roll
0xf12685939b1dd7fc	0x141c68d30	look_up_down
0x8d8143348d2da624	0x141c68d50	look_weight
0x3ae29b1c16e68571	0x141c68d90	look_yaw
0x2b6c49f2fe988db9	0x141cf73e8	lookcamerasensitivity
0xca964f3bbd90102a	0x141cf7438	lookcameraspinacceleration
0x8e59a80fe5ac6e2e	0x141cf7410	lookcameraspinspeed
0x41d2cb321528120e	0x141720d48	lookup
0x3056d6481e898e10	0x141c4bc40	loopcount
0x2fdb80904e7d598d	0x141cf2410	looping
0xc8c33e48367c0cb9	0x141c9c800	lori
0xf63423abf0734462	0x141ccc1b0	loudnessenabled
0xc8c33e48366311a3	0x141c9c7e8	lpos
0x26568decd721b072	0x141cdca00	luminancereduction
0x276843bc6cfc3941	0x141cdcad0	luminancereduction_finalpass
0x277451a46cfc3941	0x141cdca28	luminancereduction_firstpass
0xb1c38fe0acd655c5	0x141cdca58	luminancereduction_firstpass_spheres
0x84949177577e8311	0x141cdca90	luminancereduction_firstpass_spheres_msaa
0xb1428dcbad77dd41	0x141cf5050	lungedistance
0xe2b36d3d024005a8	0x141ccbd60	magazinecomponent
0x3bec931426ea8a72	0x141ccae50	magcount
0x3b529c356a118cc6	0x1416d64e8	main_loop_enter
0xab08d245b707b56b	0x1416e4580	main_loop_update
0x3bec9d1924fa8a73	0x141cc8b90	mainmenu
0x1512eb1d5b071c6a	0x141c9ae68	markerlod
0xcdc8c9afa5cd1757	0x141c9ae88	markerlodrange
0xd1c8deb4b0ca1f5c	0x141c9d2e8	markerposition
0x17f80da593a502dc	0x141c9b3a8	markertarget
0x9d123b1fa99a0ad3	0x141c9d258	markervisible
0x64a208d5b5a55351	0x141cca0a0	marketinglobbyposterstarttexture
0x5b4771f5c79d531b	0x141cca0d8	marketinglobbyposterupselltexture
0xefd88ad528d3fb89	0x141cca030	marketingmenuseasonpanelstarttexture
0xaa7400abd7f810f5	0x141cca068	marketingmenuseasonpanelupselltexture
0x863535914543de07	0x141cca5a0	marketingmenustorepanelstarttexture
0x8b360eb2ece0210f	0x141cca5d8	marketingmenustorepanelupselltexture
0x2044ca67b1a48e16	0x141cf2b00	maskheight
0x3bec871c27fe8963	0x141c9c518	maskname
0xc8c33e4837720da3	0x141c400d8	mass
0x882a71d7684fea07	0x141cc9638	matchcomplete
0x15b199a7fed2f417	0x141cccfb0	matchisarena
0x82367fc86948ff16	0x141cccfd0	matchiscombat
0xcc4db067a61985b1	0x141cccff0	matchisprivate
0xacb5d3f8469b26a0	0x141ccd010	matchissimulation
0x82366fc86743ff0e	0x141cccf90	matchissocial
0x274cca6fb9a88310	0x1416cf5e8	matchmaker
0x62fa3508350653dd	0x141cccf50	matchmakerunavailable
0xf761566a319b9931	0x141c459a8	matchmaking
0x2a63f7f203b94628	0x141ccc6a0	matchmakingduration
0x9ee4a39e5f4a918f	0x141c9c9d0	matchtagdisplay
0x2dab59a542202697	0x141ccb098	matchtimeaverageseconds
0x1514e3105d12036b	0x141cccc30	matchtype
0x9f3c6cc26a4bf307	0x141c3cf80	matchtypename
0x1514e3174504017d	0x1416fedd8	matcolors
0x1514e50a400a1f3f	0x141cf6f70	material1
0x1514e50a400a1f3c	0x141cf6fa8	material2
0x0e382d4d466b2194	0x141ccf0a8	materialfx_amount
0x34e984783c10b867	0x141ccf120	materialfx_material_a
0x34e984783c10b864	0x141ccf148	materialfx_material_b
0x0e38224f5b732e8c	0x141ccf0f8	materialfx_normal
0x4b397330a8e2c8f4	0x141ccf0d0	materialfx_position
0xf4675e4131a79c6f	0x141c2fb88	materialname
0x1514e50a400a1f7d	0x141c36ed0	materials
0xc323b3b4040cc1c8	0x141cc0760	mathematician
0x3bec80052cfe8875	0x1416feda8	matreals
0x00c8f5bd8e6455c7	0x141cf54b8	maxcleartti
0x4bcc269da9eaa3bf	0x141ccabb8	maxearlyquits
0x2a3df6362eb7cdcd	0x141cf5788	maxgoaliecatchchance
0x2fff799efeb6a6cd	0x141cf57b0	maxgoaliecatchreactiontime
0x1518e81d48070766	0x141c5d1b0	maxhealth
0x3bec8c1b2ce9816a	0x141cc9748	maxlevel
0x2fda8e8750755099	0x141c9aad8	maxnags
0x1518ef1e4f18167a	0x141cf2b40	maxoffset
0x3bec8c0728f88175	0x141cf2f20	maxpages
0x0d9aa04f0085487a	0x141cf52c0	maxpassspeed
0x059db054118e4473	0x141c47200	maxpitchanim
0x5c0319a2c70a4323	0x141ccd1f8	maxplayerteams
0x98af517c3b8bb1ff	0x141c5cdd8	maxpressdistance
0x9d881ee382b4df50	0x141c9e010	maxpressdistancepercent
0x5f3af3efb2aa79b9	0x141ccd258	maxrealusers
0x11cbfcb09d7e48c3	0x141c472c0	maxrollanim
0x1518f310400e1f6a	0x141c5d190	maxshield
0x2fda8e874d7d4d8f	0x1416fecc8	maxsize
0xf1eec5164376f6d9	0x141ccd238	maxspectators
0x3bec8c0439fa8162	0x141c5d0b8	maxspeed
0x17c1f1b18f795bcb	0x141ccd218	maxteamsize
0x4902f16f0b15031e	0x141cf5280	maxthrowspeed
0xdf62cdc4bbf35bfa	0x141cf5698	maxtravelwithdiscweight
0x3bec8c023afa9675	0x141ccd278	maxusers
0x5b098129afb29b46	0x141c9bd18	maxvelonehandl
0x5b098129afb29b58	0x141c9bd70	maxvelonehandr
0x40108b29afb29b46	0x141c9bd38	maxveltwohandl
0x40108b29afb29b58	0x141c9bd90	maxveltwohandr
0x2b56c375b9ad8f0f	0x141c47260	maxyawanim
0xe32dc7d7dc8b45bc	0x1416d9d10	medal
0x1104e114470a1e6b	0x141c9c558	medalname
0x84710a7473314034	0x141c4bd38	medalposition
0xe32dc7d7dc8b4db3	0x141cc06e0	medic
0x41d2ca381e2a1213	0x1416c9d88	medium
0x3734104042e98640	0x1416c9da0	medium_hard
0x9a224e22d2fcd9ae	0x141c9e460	mediumhard
0xc8c33e48377610a5	0x141cc90d0	menu
0x276562402b723fc5	0x1416db4c8	menu_active
0x1dbd664c377eb9f3	0x141c441d0	mesh_forearm
0x1113e827410a1d6a	0x141c44178	mesh_hand
0x1113e827410e126a	0x141c68a28	mesh_head
0x1db47c4a3e76a5fb	0x141c444d0	mesh_outline
0x21ed1c2eda912486	0x141c44480	mesh_outline_left
0xad61c2fcd740645e	0x141c444a8	mesh_outline_right
0xc107b99604a38840	0x141c44228	mesh_shoulder
0x41d2ca38092b020d	0x141c2f8f0	meshes
0x31a52b026e5ff813	0x141c2d788	meshparticleargs2_cs
0x024d70b27d5c8cad	0x141c2d7b0	meshparticledrawargs2_cs
0x2cd20086e6498e3f	0x141c2d7e0	meshparticledrawargs2_stereo_cs
0xd9cee78dc3ddfe4d	0x141c2d838	meshparticlegi2_cs
0x0cb705eed54fd389	0x141c2d700	meshparticleinstances2_cs
0x702e4104cbbd0c69	0x141c2d810	meshparticlevis2_cs
0x532d9ef3447e4eeb	0x141c9cd38	meshquality
0x2fda8a8c4d75508f	0x141ccc430	message
0x1113f3194e021d69	0x141ccd860	messaging
0x41d2ca380e2b081a	0x141c9be18	method
0xf79c5a7663126505	0x141c88560	mfx_hazard_base
0x6a94ffe874101357	0x141cf1040	microphone
0xc8e8d0b1a89debe4	0x141c4c1f8	min
0xf962f59842bc2186	0x141c8aed8	min_dist_blend
0x7e34197019e0b19f	0x141cf5520	minblocktime
0xe81e5078b1f909bf	0x141cf5498	mincleartti
0x1cb953a5aacef58d	0x141ccab98	minearlyquits
0x12bb0270ccae5f01	0x141cf5760	mingoaliecatchchance
0x1d0ee81d48070766	0x141cf6f30	minhealth
0xe31d597db7e410b3	0x141cf5240	minholdtime
0x8fba0df828f42127	0x141cf2fd8	minimumcharacters
0x82bde126cad2e4d3	0x141ccab38	minnummatches
0x1d0eef1e4f18167a	0x141cf2b20	minoffset
0x900820fb25baa9ea	0x141cf52a0	minpassspeed
0x980f30e034b1a5e3	0x141c471d0	minpitchanim
0xf91d5975a2e314bb	0x141c47290	minrollanim
0xda1b234b2fef7781	0x141ccab58	minsteadyratio
0x1e7784570831552c	0x141cf5260	minthrowspeed
0x0532cca45d395e08	0x141cf56c0	mintravelcleardiscdist
0xa5b4781b81449348	0x141cf5670	mintravelwithdiscweight
0x41d2ca341436131b	0x141cf0558	minute
0x03239ffa0e747720	0x141cf05e0	minuteslabel
0x679ff1ef7d11145f	0x141c47230	minyawanim
0x1d10e3175c05077d	0x141c39a40	mipcounts
0x3af999b97f787ff4	0x141cf53b0	missfirstshot
0x2fda868c4d7d598d	0x141c2dfa0	missing
0xd18c8a7b434338a5	0x14171c608	missionnodedata
0xb6a34580272f1aa2	0x141cf2bc0	missionnodeid
0xd18c8a7b535b3ca1	0x141cf2be0	missionnodetype
0xb6a3588c312303b2	0x141cf2ba0	missionscript
0xc3e364b00a5840ff	0x141cc9070	mmgametype
0xdf1fc10045459f71	0x141ccabd8	mmlockoutsec
0x191cf30c481f067d	0x1416dc640	mm|status
0x3be39f1e25f38162	0x141ce02d0	mnkilled
0xac360e41e4ede056	0x1416ccaa8	mnu_master
0x4d82118c7c91b6bb	0x1416ccac8	mnu_master_mp_ingame
0x4d8208836e83beba	0x1416de220	mnu_master_mp_paused
0x46cf227cb0475934	0x1416de248	mnu_master_mp_unpaused
0xc8c33e48377c1ab5	0x1416e8038	mode
0xe32dc7d7d68b41bc	0x1416fdbb0	model
0xb7fe8bce6cb2d2af	0x141701640	modelassets
0x1b04e5144504177d	0x1416fd3a8	modellods
0x1b04e514470a1e6b	0x141c5d280	modelname
0x1b04e50a481f166a	0x141ccb508	moderated
0x1b04e819470f1f6b	0x141ccbe48	modhandle
0x3be2901e2ff68174	0x141cc9de8	modifier
0xa18406f04481716b	0x141ccc138	modifiername
0x1b04e91e400e017d	0x141c39510	modifiers
0xcf04b014efcf197c	0x141cf0348	modifyattenuation
0xbbf493de70bbc9ae	0x141cf02e8	modifycolor
0xa19406ec4b82706b	0x141cf0328	modifyenable
0x0b5a0ebce0852ccf	0x141ccc328	modifyenterangle
0x619d6e7647880e01	0x141ccc350	modifyentertime
0x77807f655d860f01	0x141ccc370	modifyexitangle
0xba09de87beff5d55	0x141ccc390	modifyexittime
0x9630c5bde66ac1e5	0x141cf0308	modifyintensity
0x2fda809b4a6d478f	0x141cc9bf0	modtype
0xe32dc7d7d68150b8	0x141cf04b0	month
0x586bcae563a3a64b	0x141c2f928	morphbuffers
0xf5717b019fd340cf	0x141c2f948	morphindexbuffers
0x62f5f55c93d15d88	0x141c31b58	motionblur.amount
0x464f6ab3606b56f1	0x141c31b30	motionblur.flags
0x79abc72c08b57fb6	0x141c31ba8	motionblur.geometrystretchamount
0x0aba55a0565cb79f	0x141c31b80	motionblur.maxvelocity
0xfd0053697bc84aaf	0x141c31be0	motionblur.velocitybluriterations
0x02b48c1b4948e0a5	0x1416e2c68	mp_arena_ai_difficulty
0x12220d7860daffd8	0x141cb6ac8	mp_arena_punch
0xe3b8354d79b3d383	0x1416e23c8	mp_arena_rules_netsettings
0xba21571f64a5a81a	0x141ca3158	mp_echovr_actor
0xf8d40525c88885d8	0x141ca2cf0	mp_equipment
0x1ac4c923218c7be0	0x1416e0568	mp_gbl_player_lock_manager
0xbfd2dfecfe938d28	0x1416e0158	mp_global_actor
0x2fda9fa04e785693	0x1416dd8a0	mp_play
0x11a8523ed4724ca7	0x1416e1fb0	mp_weapon_settings
0x576ed3f8428ebc4b	0x1416d2ec8	mpl_arena_a
0x42670f2bed45703c	0x1416dffe8	mpl_combat_combustion
0x43e2da7914642604	0x1416e0010	mpl_combat_dyson
0xdf5ca7b7dfa383d4	0x1416dff48	mpl_combat_fission
0x43e2da7a0c623a19	0x1416dff70	mpl_combat_gauss
0xdf4aaba6cea689c9	0x1416dff98	mpl_combat_pebbles
0x6daa00a6d33d44b7	0x1416d5ba8	mpl_lobby_b_arena
0x3c8d747c21ea8027	0x1416d4960	mpl_tutorial_arena
0x3c8d74713ced8c3f	0x1416d4988	mpl_tutorial_lobby
0xa46f74bbc1f3ae6a	0x1416cf748	mpl_tutorial_master
0x010cf41145021d6b	0x141ccce00	multiline
0x169c338c1cf09a24	0x141c9b2e0	multiplayer
0x8cb6e8c0a5d0280c	0x141ccc678	multiplayerloadduration
0x3bf8980320ed8175	0x141c9cc08	multires
0x3c0fd5a5df3614b7	0x141cdd268	multiresinnermask_vs
0x0d3fd87b7ba62d09	0x141c36048	multiresmask_ps
0x0d3fd87b7ba62b09	0x141c36028	multiresmask_vs
0xe32dc7d7cc9c4db3	0x141c9ca60	music
0xc8c33e4837660ab5	0x1416e01c8	mute
0x2fda9a8b5b755b86	0x141c9c998	muteall
0x814279de9a5452e9	0x141cc8e88	mutedasenemy
0xc6b9c4674318d318	0x141cc8e68	mutedbyplayer
0xe8ca763643293ec0	0x141cc8e48	mutedbyself
0xfc50b6286fae6dc4	0x141cc8ea8	mutedforanyreason
0xe1fcff210e93446d	0x141c9c9b0	muteenemyteam
0x4199b5340c186d1a	0x141c4ada0	muzzlerefpoint
0xc8e8d0b1a89df4fa	0x1416de7d0	mvp
0xc8c33e4837650ea3	0x141ca35f8	mvps
0x41d2ca240e2b0e1d	0x141cb0198	mythic
0xd1d52cf94503a848	0x141702900	n
0xc8e8d0b1a89eadeb	0x141ce4b90	n/a
0xa0aa551499443cea	0x141c9aa50	nagcondition
0xc8c33e48347213b5	0x1416d0a98	name
0x38ec99123de69463	0x141cf2448	nameType
0x012b8d884f07e9e0	0x1417020e0	namelookup
0xe32dc7d4d88241a3	0x1416fcea8	names
0x2fd98e925b674e87	0x141c9e238	namesym
0xcca0145568770572	0x141c48f30	nametagactor
0x00cca0145a6a6e0f	0x141c9c538	nametagname
0xe0a21622cf33a9e6	0x141c4bd08	nametagposition
0x5b9dcf28fd2ace3d	0x1416ebda0	ncaAbility
0x99bd0b5c4214c649	0x1416ec148	ncaActorAlias
0xd37a6c1586407890	0x1416d13b8	ncaActorJuggler
0x3bbdc05d3aa43b24	0x1416ed528	ncaActorSelection
0x8459bc252c90f074	0x1416ee280	ncaAnimation
0xddeff89088bbd8a0	0x1416f0630	ncaCameraMan
0x61e7de27e6a833c2	0x1416f0ad8	ncaCameraTarget
0xb7bc2280de20b23a	0x1416eedc0	ncaCharacterAnimation
0xd3efed8d87b3d7ba	0x1416d0cd8	ncaComponent
0x056c0235054524ea	0x1416f27f0	ncaDialogue2
0x0cd0ca62e9ce8751	0x1416d13d8	ncaDialogueScene
0xea3f8a1b7fed73ab	0x1416f2810	ncaDialogueUI
0x38ee95123ffa8a72	0x1416f02b8	ncaEvent
0x28a7d748e0565286	0x1416f2878	ncaForceField
0x38ee951e27ef9172	0x1416ec0e8	ncaInput
0x00e4426e03ac93a4	0x1416ec128	ncaInputDriver
0xc07fc91028ae493b	0x1416f2918	ncaLensEffects
0x38ee951b20f88c72	0x1416f2938	ncaLight
0x38ee951a26fb816a	0x1416d0d78	ncaModel
0x741299b67d142a8f	0x141c6e538	ncaModel_backpack
0x7a2c98af6c162c96	0x141c6e4e8	ncaModel_l_bracer
0x642c98af6c162c96	0x141c6e510	ncaModel_r_bracer
0x91b574a3fa74f027	0x1416f2b18	ncaParticleSystem
0x5b8cc538e22ad937	0x1416d0d98	ncaPhysics
0x6aea9ae1a1aaa3c2	0x1416f2be0	ncaPlayer
0xd4d228ad12863bf0	0x1416d75a0	ncaPositionSelection
0x6aea99eeb2bab6c4	0x1416d7fe8	ncaScript
0x38ee950421fe9463	0x1416ed850	ncaShape
0x7ee192a0a617da96	0x141ce18d0	ncaShapeComponent
0x4d3c72f8d4c77bcd	0x1416ed0c8	ncaSimpleFullBody
0x38ee950426ea8a62	0x1416f27b0	ncaSound
0x2fd98c9e4d6d5989	0x1416f3220	ncaSync
0x6aea9eecb2b4a3c4	0x1416f0ab8	ncaTarget
0xbcec7f02842d1214	0x1416f3238	ncaTestModel
0xabfe651c8d260515	0x1416d0d58	ncaTransform
0xc8c33e4834761fa2	0x141c9db68	near
0x28effd427908ac4b	0x141c5d2a0	neardamageradius
0x48061e29b0bd547e	0x141cc9b68	nearestdamageposition
0xfe3c47b82a44414c	0x141cc9bd0	nearesthitactor
0x93fd34941d39b673	0x141cdd1a0	nearmaskblur_h_ps
0x93fd34940339b673	0x141cdd1c8	nearmaskblur_v_ps
0x24d8a5b86dd5d98d	0x141cc9270	needsupdate
0x8bd541a7f8565a03	0x1416d6948	netBlueTeamChargeProgress
0xba4a488efd29847b	0x1416d6978	netOrangeTeamChargeProgress
0x8902e3cee2b6f75b	0x141cf5d40	net_catapult_time
0x994659a65cfa75d3	0x1416e51f0	net_game_pause_time
0x02fe0aa4f2637309	0x1416e5148	net_game_paused_state
0x5d531942e174d0cb	0x141c6dc38	net_goalie_ping_advantage
0xb65b57b5c0642223	0x141c6dc68	net_goalie_ping_window
0xe71395ce7a461593	0x1416e5170	net_pause_requested_team
0x70d86d49e4541bb0	0x1416e51c8	net_paused_for_timer
0x34f3a75dbb96c0b3	0x1416d6890	net_point_claim_state
0xea1c33dcbcc7b49f	0x1416e17d0	net_self_goaling
0x29e261a1df774dd3	0x141cb3420	net_standard_chassis
0x9042518ade2d74b2	0x1416e50a8	net_total_round_count
0x80edf3877b6ae9c9	0x1416e51a0	net_unpaused_team
0x41d2c9380e2b121a	0x141c9c940	nethud
0x38e8800728ea9763	0x141c9c958	netpause
0x2fd98a8b497b4581	0x141ccbf08	network
0x814bd491e1a3f225	0x141c46ff0	neutralanim
0x38e882123bfb8d63	0x141cf6f10	neverdie
0xeda0b961071c5d9e	0x141cf2428	neverfinish
0x8a53cf84f1752e2b	0x1416e2000	nevt_blue_cleared_disc
0xe357a3c8b3756f36	0x1416e20d0	nevt_blue_gains_possession
0x8c76f540270e08f4	0x1416e2080	nevt_blue_intercepted
0x70f8cfcd41c4de99	0x1416e5b18	nevt_blue_team_ready
0xf28924a09729c910	0x1416e5b68	nevt_blue_team_request_restart
0x696c57f3aeebd994	0x1416e2058	nevt_disc_stolen
0x521f717a2cb80aa9	0x1416e17f8	nevt_enable_scoring
0xcd874f73cab75974	0x1416e2198	nevt_game_really_restart
0x82a3255e056b12c2	0x141ca33a0	nevt_increment_blue_punched_count
0x88e03652257408f4	0x141ca3368	nevt_increment_orange_punched_count
0x233e476989bb1bdb	0x1416e2200	nevt_increment_score_blue
0x83f24604303bc30a	0x1416e2230	nevt_increment_score_red
0x5911e469b61ed523	0x1416e2028	nevt_orange_cleared_disc
0xc886dfdb1fcf6c30	0x1416e2100	nevt_orange_gains_possession
0x98bd4197b2a24474	0x1416e20a8	nevt_orange_intercepted
0xe29204794d3dc819	0x1416e5ac8	nevt_pause_game_blue
0x013790bff1abf487	0x1416e5af0	nevt_pause_game_orange
0x3a8e3b81ac31a250	0x1416e2260	nevt_player_punched
0x99a1a8a07021080d	0x1416e2288	nevt_player_save
0x97a1b19592167a80	0x1416dc798	nevt_post_score_update_received
0x1d108d26ada8c1dd	0x1416e5b40	nevt_red_team_ready
0x9f27d43c604dc4e8	0x1416e5b98	nevt_red_team_request_restart
0x8fea3716c99b8122	0x1416e2130	nevt_round_start
0xe9b56fa5a4b8d8e5	0x141cf0f38	newactivezonecomponentname
0x6cfc8be3a3bba9c2	0x141cf1358	newanchor
0xb64910cb2c5cb454	0x141cf0f68	newchannel
0xb64910cf2159b45c	0x141cf1190	newchecked
0xc0e4973a5f85d1f9	0x141ccc038	newconangle
0xb64917c4365bbc5d	0x141ccc058	newcontime
0xa50e1781b3fcff09	0x141c9b958	newcontrolvalue
0x83bcf04e87f24e98	0x141c9b978	newcontrolvaluestr
0x315f8fcbfe0dd286	0x141c9b368	newdescription
0x915f15cedab76a0d	0x141ccc3b0	newenterangle
0x648156d22b88f599	0x141ccc3d0	newentertime
0x729c47c13186f499	0x141ccc3f0	newexitangle
0xc6f3902f458bd0f9	0x141ccc410	newexittime
0xcae5902f508cdaf0	0x141ccc018	newinitangl
0xd2e11764f52edcb4	0x141c9b7d0	newintformatformat
0xfd8977c5183ea988	0x141c9b818	newintformatmax
0xfd8977c5183ea19e	0x141c9b7f8	newintformatmin
0x6cfc83e3b4bea7c8	0x141c9b7b0	newintmax
0x6cfc83e3b4beafde	0x141c9b790	newintmin
0xeec79de476c89ece	0x141ccc078	newjntoffset
0x41d2c9380d2f0210	0x141ccc000	newlen
0xd852de84f32b6d0d	0x141c9b908	newnamedflagvalue
0x1939675acbfb08d0	0x141c9b930	newnamedflagvaluestr
0xd3ea9e3e5f83d0f9	0x141c9c230	newpagename
0x38e8830720e98b72	0x141cf1318	newpivot
0xd3e48a32458bd2f2	0x141cf12a8	newposition
0x85b2350e79a896f0	0x141c9b8e8	newrealformat
0xb6581dcb2e5fb040	0x141c9b8a8	newrealmax
0xb6581dcb2e5fb856	0x141c9b888	newrealmin
0xd1ee98374296d8ec	0x141c9b8c8	newrealstep
0xc8c33e48347609a3	0x1416dfef0	news
0x2fd98a884d7d4d8f	0x141cf12e0	newsize
0x2fd98a884d79448d	0x141cc8b78	newsmsg
0x38e883043dfe9063	0x141c9c630	newstate
0xed85b176b385cc08	0x141c9b838	newstringarrayidx
0x370c8054820366b5	0x141c9b860	newstringarrayvalue
0x6cfc9ee8a1beafd4	0x141ccba50	newteamid
0x38e8830320eb8863	0x141c9b388	newtitle
0xe32dc7d4dc9851a0	0x141cf15f0	newup
0x41d2c9380d350612	0x141ccbe68	newval
0x38e88c032cfb8363	0x141cf41b0	nextedge
0x6cf39ef9b2b2a5db	0x141c4a6b8	nexttrack
0xc8c33e48347c1ab5	0x141702190	node
0xa93467e343c903ce	0x141dc1918	nodeauthor
0x7973b2228b2f3198	0x141c9b228	nodecaninterrupt
0x41d2c9321e260e1a	0x141703320	nodeid
0xb2243001e9e19ca4	0x1417020b0	nodeidlookup
0x2fd9809b5b7d5399	0x1416fce90	nodeids
0xa9346af958ca19cc	0x1416fd208	nodelookup
0x38e2901227fe8963	0x141cf2180	nodename
0xe32dc7d4d68b41a3	0x1416fd1f0	nodes
0xa93e71f85bce0dd8	0x141ccb4b0	nodownload
0x38e2921125f68a63	0x141cccc98	noffline
0xa86308e33beb939f	0x1416cef68	non-specific
0xc8c33e48347c10b5	0x141cf5be8	none
0x2fd98091527d598f	0x141cccc80	nonline
0xa32468ff51ce1ed1	0x141cf0388	nonuniform
0x66f98ffeb4b2b4c4	0x14170f018	norestart
0x41d2c932082e0612	0x141cf2168	normal
0xc404bd974c1d52c3	0x141ccaad0	normalprice
0x66f987ecaca0adc5	0x141ccaa90	normalsku
0xf3001f3b2cd48ff8	0x141cbb6b0	notdedicated
0x66ff8ff5b4a6b4d5	0x141ccb4d0	notexture
0x38e2801b26fc856a	0x141cbb650	notlocal
0xa438ea30b0a519eb	0x141c9e0c8	notpressedpos
0xc8e8d0b1a89ef2e9	0x141c9bfc8	npc
0xc8e8d0b1a89ef2ef	0x141ccb1a0	npe
0xa6261ad3a9f7facf	0x1416cf5a8	nstestclientlobby
0x7ce6b5f9b9a3a3c3	0x141cc9918	num_types
0x1d71875a3ad0c0e9	0x141cf23b0	numanimdefs
0x41d2c9281721020c	0x141cc9560	number
0x19da78eda52a8afd	0x141c9c498	numbername
0x1a3186abd30ed985	0x141ccd298	numberofrealusers
0x0da8c59241e2b99f	0x141ccd2c0	numberofusers
0x19738b5a3bdbd2e9	0x141c9bac0	numelements
0x19dd73ebb92282eb	0x141c90738	numentries
0x1912a126df0372a5	0x141cf3000	numleadingzeros
0x2fd99a92527b5099	0x141cf2c58	numlogs
0xd1fafbb1c17294e9	0x141cca4f8	numnewunlocks
0x7ce69ae2afbfa3d4	0x1416fcee8	numpooled
0x19ca78e8aa3983eb	0x141cca378	numrewards
0xc22b25f75557d1f5	0x141c9d308	numsecondaries
0x38f8990425f09075	0x141c9d498	numslots
0x4b42c73c21d04d57	0x141ccb6d0	numsteadyearlyquits
0xe935cbb8004a8739	0x141ccb6a8	numsteadymatches
0x38f899032cfe8975	0x1416e2b48	numteams
0x38f8990320fa9675	0x141cca1a0	numtiers
0x2fd99a8c5d755b8f	0x141cf03a8	nuscale
0x41d2c92b14220a1b	0x141ccb380	nvname
0xc8e8d0b1a89fe0e8	0x1416fd3d8	obb
0x40b8a9bdec2d23bf	0x141c9beb8	objective
0xef8696a4f065e9c9	0x141c73f90	objective_menu_physics
0xe3d8dca5f37f6737	0x1416db4a0	objective_tablet_canvas
0xfc5b83c4e7beae88	0x141c9b300	objectiveid
0x18b4267729d36e35	0x141c9a508	objectivename
0x39d92f062a0657bc	0x141ccbd28	objectivenumber
0x18b4267733db6e35	0x141ccbc50	objectivetime
0x18b4267733cb7335	0x141c9ae48	objectivetype
0xfc5b83d9e8aba28d	0x141cf22b8	objecttypea
0xfc5b83d9e8aba28e	0x141cf22d8	objecttypeb
0x39ee971b3cfb8162	0x141ccd578	occluded
0x2fd88c9a5f7a5e8b	0x141cd3508	oceania
0x41d2c83e0f2f120d	0x141cc8df8	oculus
0x7d26113ea35540a3	0x141cc8bf0	offlinemode
0x44b4bfbbf9373ab4	0x141cc9e90	offseason
0x41d2c83b1c30020a	0x1416ecf18	offset
0xc1d42ab0d2693266	0x141cf01b8	offsetcenter
0xcf92b6776b862a40	0x141cf0198	offsethigh
0x44b4bfbbec283aad	0x141cf0158	offsetlow
0x44b4bfbbec293cbe	0x141cf0178	offsetmid
0x2fd889994d714399	0x1416ebc28	offsets
0x2fd889994d714392	0x1416feeb0	offsetx
0x2fd889994d714393	0x1416feed0	offsety
0x2fd889994d714390	0x1416feef0	offsetz
0x313d0759bc6b8324	0x141cf0e30	on
0x4cb1a3b0ec2536ae	0x141ccb8d0	oncontact
0x4cb6adb3f92330be	0x141cb3ed8	ondamaged
0x8c88c106b7fa9d25	0x141cc04d0	onepointgoals
0xb25f74dd2d61f5ae	0x141cf1b58	onexithover
0x862128f6111af703	0x141cb46e8	onexplosiondamage
0x41d2c8331d31061c	0x141ccb8b8	ongrab
0x39e39f1e25f38162	0x141cb3e80	onkilled
0xf17a5c2e774f860a	0x141c9b180	onlyshowifincomputer
0x2fd8818f5f61448f	0x1416cf7b0	onpause
0x4ca2bebbeb3730be	0x141cf1ad8	onpressed
0x814d8dfca620b31c	0x141cf1af8	onreleased
0xefbf60b04ad47a47	0x141cf1b18	onstarthovering
0x4ca7a2aef93126bf	0x1416cf7c8	onunpause
0x41d2c82f1b2d001b	0x1416e1f48	orange
0xb546f3aceb9c95ab	0x1416d5eb0	orangeGameScore
0xb600c6f84d030a45	0x141ca32c8	orange_base
0xd24c7bffdd6bf343	0x141cf63a8	orange_base_gp_l1
0xd24c7bffdd6bed43	0x141cf6358	orange_base_gp_r1
0xd24c7bffdd6bed40	0x141cf6380	orange_base_gp_r2
0xbd7c9d709eec6747	0x141ca3280	orange_base_pods
0xb600c6f8480d184c	0x1416d78f0	orange_goal
0x875cadeded196d98	0x1416d7998	orange_goal_ai_nav
0xd5fc00b1ec025bee	0x1416e4960	orange_team_restart_request
0x161a003b2cbe3fc0	0x141cf49d8	orange_tube1_ai_nav
0x94721d696057f4b5	0x141cf4a78	orange_tube1_ai_navpt1
0x94721d696057f4b6	0x141cf4aa0	orange_tube1_ai_navpt2
0x94721d696057f4b7	0x141cf4ac8	orange_tube1_ai_navpt3
0x94721d696057f4b0	0x141cf4af0	orange_tube1_ai_navpt4
0x94721d696057f4b1	0x141cf4b18	orange_tube1_ai_navpt5
0xe85c4442191f7ba2	0x141cf4c08	orange_tube1_exit
0x151a003b2cbe3fc0	0x141cf4a00	orange_tube2_ai_nav
0xa1c196ed1bfc3e13	0x141cf4b40	orange_tube2_ai_navpt1
0xa1c196ed1bfc3e10	0x141cf4b68	orange_tube2_ai_navpt2
0xa1c196ed1bfc3e11	0x141cf4b90	orange_tube2_ai_navpt3
0xa1c196ed1bfc3e16	0x141cf4bb8	orange_tube2_ai_navpt4
0xa1c196ed1bfc3e17	0x141cf4be0	orange_tube2_ai_navpt5
0xe85c4742191f7ba2	0x141cf4c30	orange_tube2_exit
0xe85c4642191f7ba2	0x141cf4c58	orange_tube3_exit
0xe85c4142191f7ba2	0x141cf4c80	orange_tube4_exit
0xe85c4042191f7ba2	0x141cf4ca8	orange_tube5_exit
0xde5335759037cde4	0x141ccd1d8	orangebotcount
0x7933f47c87470aa4	0x141ccd198	orangeteamcount
0xc859207b9123cef5	0x141ccd138	orangeteamname
0xc8e8d0b1a89ff0e3	0x141c402a0	ori
0x41d2c82f1326090a	0x141c40250	orient
0xe7c0e55c9fb78d1e	0x141c2eb18	orientation
0x9be29f81f6da1072	0x141ccb9c8	orientationeuleroffset
0x0194cd235bbcefa2	0x141cf2530	orienttarget
0x41d2c82f13240e10	0x141c402b8	origin
0xd870461589a44246	0x141ccf340	originaltf
0x39ff9d1d26f68a72	0x141cf08f8	orijoint
0x50bbbbbbf1233dae	0x141c9e5b0	oriweight
0x72fe757e15b0e8a4	0x141cefb90	otheractornodeid
0x8dd45b036d8abcc2	0x141cefbb8	othercomponent
0xf4106c3aef1bb016	0x141cf21c0	out_current
0x0c74af9b8a4f6fb1	0x141cf21e0	out_velocity
0xed9088dff694afa5	0x141c39c98	outerdimensions
0x2fd89a8b527d598f	0x141c309e0	outline
0xb3b8948a6f4c12da	0x141c32be0	outline.channel0
0xf8cc1d3fb3256697	0x141c32bb8	outline.channel0.a
0xf8cc1d3fb3256694	0x141c32b90	outline.channel0.b
0xf8cc1d3fb3256691	0x141c32b68	outline.channel0.g
0xf8cc1d3fb3256684	0x141c32b40	outline.channel0.r
0x301beeec1e9c2951	0x141c32f20	outline.channel0fade
0x061434c60b70a365	0x141c32fc0	outline.channel0fadealpha
0x97f3e561d2a1bee5	0x141c33080	outline.channel0fadethickness
0xec391b5f3133a803	0x141c32e60	outline.channel0thickness
0xb3b8948a6f4c12db	0x141c32ca8	outline.channel1
0xf8cc1d3fb3246697	0x141c32c80	outline.channel1.a
0xf8cc1d3fb3246694	0x141c32c58	outline.channel1.b
0xf8cc1d3fb3246691	0x141c32c30	outline.channel1.g
0xf8cc1d3fb3246684	0x141c32c08	outline.channel1.r
0x301beeed1e9c2951	0x141c32f48	outline.channel1fade
0x1334f59aa3158acb	0x141c32ff0	outline.channel1fadealpha
0x7de2e7e3fe9958db	0x141c330b0	outline.channel1fadethickness
0xf919da03995681ad	0x141c32e90	outline.channel1thickness
0xb3b8948a6f4c12d8	0x141c32d70	outline.channel2
0xf8cc1d3fb3276697	0x141c32d48	outline.channel2.a
0xf8cc1d3fb3276694	0x141c32d20	outline.channel2.b
0xf8cc1d3fb3276691	0x141c32cf8	outline.channel2.g
0xf8cc1d3fb3276684	0x141c32cd0	outline.channel2.r
0x301beeee1e9c2951	0x141c32f70	outline.channel2fade
0x2c55b67f5bbaf039	0x141c33020	outline.channel2fadealpha
0x1096e98f4e6d4647	0x141c330e0	outline.channel2fadethickness
0xc67899e661f9fb5f	0x141c32ec0	outline.channel2thickness
0xb3b8948a6f4c12d9	0x141c32e38	outline.channel3
0xf8cc1d3fb3266697	0x141c32e10	outline.channel3.a
0xf8cc1d3fb3266694	0x141c32de8	outline.channel3.b
0xf8cc1d3fb3266691	0x141c32dc0	outline.channel3.g
0xf8cc1d3fb3266684	0x141c32d98	outline.channel3.r
0x301beeef1e9c2951	0x141c32f98	outline.channel3fade
0x39757723f3dfd997	0x141c33050	outline.channel3fadealpha
0xfa87eb0d6255a079	0x141c33110	outline.channel3fadethickness
0xd35858bac99cd2f1	0x141c32ef0	outline.channel3thickness
0x34091f78a624b8bd	0x141c32a58	outline.enablechannel0fade
0x34091f79a624b8bd	0x141c32a88	outline.enablechannel1fade
0x34091f7aa624b8bd	0x141c32ab8	outline.enablechannel2fade
0x34091f7ba624b8bd	0x141c32ae8	outline.enablechannel3fade
0xbd341354167e78a3	0x141c32b18	outline.intensity
0x030ee3c513c2cbe9	0x141c33168	outline.shadowangle
0x6abbf430cffe7997	0x141c33190	outline.shadowdistance
0xd1118cc55f83c9af	0x141c33140	outline.shadowintensity
0x41d2c8280e33080d	0x141c9d840	outpos
0x41d2c8280e33120a	0x141c81778	output
0x2fd89a8b4e6143d8	0x141cf1758	output2
0xdb066d29fe0ab110	0x141701b90	outputactor
0xdb066d29ef0cbf1b	0x141cf2a00	outputarray
0xb75f4ca68b665189	0x141c9c380	outputvarname
0x0384743be8547f0b	0x141ccbe80	outscriptvarname
0x41d2c8280e30130c	0x141cf2468	outstr
0x3e2eebb98f700973	0x1416d5888	overriddenitem
0x935ac5dbd2b96937	0x141c9cee0	overridesitem
0x3e2ffab69463096a	0x141c4bca8	overridetarget
0xf946a6c331bb2e44	0x141ccc850	overridetint
0x5faf3c373f5a7771	0x1416d68d8	overtime_active
0x9d89a48a426ba48f	0x1416d68f8	overtime_progress
0xe32dc7d5ce8141a2	0x141c405f8	owner
0x001c9c769d430774	0x141cc8c48	owneralignment
0x2fd898915b665e8e	0x141cc8c30	ownerid
0xd1d52cf94503a856	0x141c3fc28	p
0x313d0759bc6b9c7a	0x141c3ed18	p0
0x313d0759bc6b9c7b	0x141c3ed30	p1
0x313d0759bc6b9c78	0x141c3fc10	p2
0x313d0759bc6b9c79	0x141c3fc40	p3
0x2fc78e9c5575508f	0x141cd3838	package
0x2e43328961b6f734	0x141cd3818	packagemanifest
0x444254bf5429cb41	0x141ccb450	packagename
0x9a513c651bec1ff9	0x141c39a08	packeddata
0x5c47af88639e3fe3	0x141c9ce68	packetlossratio
0x2fc78e9c557d598d	0x141c39b50	packing
0x2fc78e9b5a7d598d	0x1416fe730	padding
0x26ec931216f6807e	0x141cb8040	page_idx
0x2fc78e985b7d5392	0x141c9b5a0	pageidx
0x476dae7984bee131	0x141c5d438	pancameratransforms
0x2fc78e915b785e8e	0x141ccc448	panelid
0x7c680da530066d59	0x141ccd8f0	panelname
0x7c680da52a1e7059	0x141ccd910	paneltype
0x7c6807bb3f0a695f	0x141cf15b0	panoramic
0xebb92814b3e93450	0x141c73748	param_back_text
0xd0852fd985d27197	0x1416ccb58	param_entry
0x91eae70b7f4001c6	0x141c737b8	param_footer_text
0x7c156cc51dab08cc	0x141c736f8	param_header_text
0x8b5b345e16ee04f6	0x141c737e0	param_icon
0xc23c6ba5f2e62a4a	0x141c73720	param_message_text
0x8afad31e9b02cc17	0x1416ccba8	param_resource
0xd0852fca8aca768b	0x1416ccbc8	param_value
0x41d2d73c08220a0d	0x141c394f8	params
0x41d2d73c0826090a	0x141721208	parent
0x254966fd26aaad51	0x141c9be70	parentactorname
0x4a04d48593c5c78d	0x141c9be90	parentcomponentname
0x94026b1a7a1ea91c	0x141c9c4d8	parentelement
0x649e972642a2fc97	0x141c9bf68	parentphysicsname
0x2fc78e8d5b7a4399	0x1416fcf18	parents
0x72822616e038adb7	0x141c9bf40	parenttransformname
0x8b5f37750bf41bfd	0x1416fdb60	parenttype
0x6a3dc02e18272165	0x141c2d6d8	particledispatchargs_cs
0x7df4d2ea9e8e3927	0x141c39ba8	particlelife
0x5dc6ed0715f676ab	0x1416ff010	particlelifescale
0xb27847af3618fa38	0x1416ff1d0	particlescalex
0xb27847af3618fa39	0x1416ff200	particlescaley
0xb27847af3618fa3a	0x1416ff230	particlescalez
0x7b115e0ed5c02a5a	0x141c39bf0	particlespermeter
0x3e837332444be9ea	0x141c39bc8	particlespersecond
0x2fc78e8d4a6d5e8e	0x141ccccd8	partyid
0xb05bef1ea305ed83	0x141cf51b8	passaccuracy
0x64e278c21c249d71	0x141cf5808	passbackdistance
0x41d2d73c0930020d	0x141cc0440	passes
0x8a49366719fe0eec	0x141cf51d8	passoffset
0xaf2c8d09759e422d	0x141cf5560	passtoplayeraccuracy
0xc8c33e482a720ab8	0x141cf4960	path
0x7b5bf740f59b93c8	0x141c7ce98	pathingBoostCooldown
0xc575c1002d2f1358	0x141c7cf98	pathingLevelPivotCooldown
0x0c79201640de5d70	0x141c7cf10	pathingPlayerGrabCooldown
0x0b7f3c1b46dd4f7a	0x141c7ce40	pathingPlayerGrabDisabled
0x0277370954d44f7a	0x141c7cf40	pathingPlayerGrabMaxSpeed
0xb934414ed28692d4	0x141c7ce70	pathingPushoffSpeed
0xfc495f2ea135caa9	0x141c7cf70	pathingWallPushOffDelay
0x2fc78e8b4a714584	0x1416d9ce0	pattern
0x247e714839415db5	0x1416e5cf8	pattern_body
0x19f7bd5fef66c280	0x141c6e3f0	pattern_tint_0
0x1c73d6d8e28c446e	0x141c6e410	pattern_tint_100
0x6dc73c716ed1cb98	0x1416cf7e8	pause_finished
0x1202dc7605219f81	0x1416cf770	pause_ready
0xb24c4239e89e103e	0x1416e5268	pause_requested
0x41d2d73c0f30021a	0x1416e5248	paused
0x378c00532394f1f9	0x141c9ace8	pausemodeoverride
0xf02b9595e0121da9	0x141cb5d30	payload|payload_speed_max_mps
0xd8db94c35f52eebb	0x141cb5d60	payload|payload_speed_multi_attacker_1
0xd8db94c35f52eeb8	0x141cb5d98	payload|payload_speed_multi_attacker_2
0xd8db94c35f52eeb9	0x141cb5dd0	payload|payload_speed_multi_attacker_3
0xd8db94c35f52eebe	0x141cb5e08	payload|payload_speed_multi_attacker_4
0x41d2d73e0f21024f	0x141cb3ae8	pcube1
0xc8c33e482a761ba2	0x141cc8d50	peer
0xace3fcc4d90a463e	0x141ccab78	penaltylevel
0x367f32eba98427d2	0x141cdcc88	pentagongather
0x2fc78a8d5d71599e	0x141cf2ee8	percent
0xc7d72251b4ba3914	0x141c9df30	percentagealongpath
0x9e17de10bcdf549b	0x141cf50b0	perceptionfreq
0x262da93f69b64844	0x141c5d418	persistent
0x1f4fb9cffc924b29	0x141c9caf8	personalbubblemode
0x6594cfd2d61f1213	0x141c9cad0	personalbubbleradius
0x357070296de890bb	0x141c9c920	personalspace
0xe57eed0aefb99ef1	0x141c9cb20	personalspacemode
0xc8e8d0b1a880eae3	0x141cf2e50	phi
0x2fc787864d7d5499	0x141c87c58	physics
0x5bc81671c9560e6c	0x141cf13d8	physicscomponent
0xa3d25d2359bef721	0x141c3e7a0	physics|cphbody
0x92119a1c0d0d9d0c	0x141c3f6f8	physics|cphcompound
0x2547d8af05d95db2	0x141c3fa00	physics|cphconstraintevent
0xe42e8b77441d9ac8	0x141c3e750	physics|cphcontact
0xad35a4002c73281b	0x141c3faf0	physics|cphdistanceconstraints
0x9e31cc82ef9e1814	0x141c3f7e0	physics|cphforcefield
0x24d2742dc77d048b	0x141c3fc78	physics|cphinternalconstraints
0xa3d25d2352a5f635	0x141c3e720	physics|cphitem
0x5d1042fdfbe846bd	0x141c3f748	physics|cphkinematicbody
0x0c7f3dd6a3525a1c	0x141c3fa88	physics|cphpinconstraint
0x75188fcc6b3cd213	0x141c3fb58	physics|cphpressureconstraints
0x5f895914757419f8	0x141c3f7a8	physics|cphregionevent
0xe60e162591f6a2e4	0x141c3fa60	physics|cphscript
0xb005999f8e6b0dcd	0x141c3fb20	physics|cphshapeconstraints
0x82159200070c9c06	0x141c3f808	physics|cphskeleton
0xa3d25d2341befd3d	0x141c3ed98	physics|cphzone
0xc8c33e482a7a1aa8	0x141c9c218	pidx
0xc8c33e482a7a10b7	0x141c9ce30	ping
0xe32dc7cad08143a3	0x141c3b2b0	pings
0xc8e8d0b1a880ebfa	0x1416d9d70	pip
0xe32dc7cad09b47b8	0x141c9c8b8	pitch
0xe32dc7cad0994ba4	0x141c39d58	pivot
0x41d2d73402260b0d	0x1416fe7f0	pixels
0x26e195032ff0966b	0x141cc8d68	platform
0xd02bc9f178fc40b8	0x141c39b68	playbackspeed
0xe2209edf1739aa97	0x141c9b250	playdependencies
0x716711ac33087459	0x141ccb9f0	playemote
0x41d2d7311b3a020c	0x141c83a08	player
0x118d53732e37ff19	0x141c9e768	player_arena
0x504b5d267c772070	0x1416d6a48	player_checkin
0x13983255ee1dbcbe	0x141c9e788	player_combat
0x44b7b1f7de884179	0x141cab778	player_pos
0x44b7b1f7de8e4b66	0x141cab758	player_vel
0xcc9cfa7bdce0f25a	0x141c9c458	playeractor
0x44b7b1f7ef99436f	0x141cc96a8	playername
0xe1ec296d3f59d73d	0x1416e2b68	players_per_team
0x76fd8b75a82b3452	0x141c9a608	playertargetposition
0xcfc00d56f9973cc6	0x141cf16f0	playheadanimation
0x2fc7839e477d598d	0x141c9d9c8	playing
0xe223821162e4c4bb	0x141cf17e0	playingdialogue
0x8d3f1bbd8aa4f765	0x141c9b1a8	playrequiresdependencies
0x7d7d266c7233c04a	0x141c9b200	playrequiresexpression
0xe5c88065e14ceecd	0x141c9b1d8	playrequiresnode
0xcc8afc7bcbfdf246	0x141cc8dc0	playstation
0x2fc7838a597d5999	0x141c5cd60	plugins
0x2fc782935f765286	0x141cf05a8	pmlabel
0x41d2d7321e2a1213	0x141cbc268	podium
0xc8e8d0b1a880ede3	0x141c4a508	poi
0xe32dc7cad6864aa4	0x141c853e8	point
0xe9192a0ccdccf498	0x1416e1f28	pointPossession
0x56edca9065f29296	0x1416e45a8	point_score_enter
0x1b21d50569c8f9c4	0x141ca3308	point_score_replay_enter
0xb365282d7c80da2b	0x141ca3338	point_score_replay_update
0x75c7a4739d7a1739	0x1416e45d8	point_score_update
0xbe259806f7e80ef9	0x141c5faf8	pointactors
0xf6a67664259fe0ad	0x141cf1b78	pointerdelta
0x9be23aa26a1c07ff	0x141cf1c38	pointerdistance
0xb99b3ab8d2fd57a1	0x141cf1a88	pointerinrangeofcanvas
0x988927e2aa3a5aae	0x141cf1ab0	pointerinrangeofelement
0x8fe43abf7f1b0bf4	0x141cf1bb8	pointerposition
0x421279ae4bca6379	0x141cf1c08	pointerprojectedpositioncanvas
0x7161b4707bb12874	0x141cf1bd8	pointerprojectedpositionworld
0xf6a676733096f1a8	0x141cf1b98	pointerspeed
0x726f06bd320e7348	0x1417013a0	pointlist
0x41d2d732132d130d	0x141c39a28	points
0xe8384b9ebe5a3460	0x141c9dce0	pointzonebarrierintersectionpoint
0xbcf496c6b2e6b954	0x141c9dd18	pointzonebarrierintersectionrotation
0x737cdf3fea54e4f4	0x141c9dd50	pointzonebarrierintersectionteamid
0x41d2d732162a0407	0x141cccc50	policy
0x41d2d732152f021a	0x141cf17c8	pooled
0x2fc7808d4a755b99	0x1416fd688	portals
0xc8e8d0b1a880edf9	0x141c2eb00	pos
0x26e2871e3df68b68	0x141c2f868	position
0x727501bd37086e5d	0x141cf22f8	positiona
0x727501bd37086e5e	0x141cf2318	positionb
0x8fd17db1deb8760e	0x141cf2ac0	positionhelper
0x8fd17ab2d4bb7608	0x141ccb9a8	positionoffset
0x8fd166b7ddba7618	0x141cc8af0	positionscored
0xcc8b0311198ede65	0x141cf09c8	positiontype
0x2b56db031b29f4da	0x141ccc1e8	possession
0x9567032e22cdc734	0x1416e4688	post_match_celebration_enter
0x344d080ea700b7ea	0x1416e46f8	post_match_celebration_personal_stats_enter
0x3eda28aae966fa2d	0x1416e4738	post_match_celebration_personal_stats_update
0xf83fcdbb25ba6f07	0x1416e46c8	post_match_celebration_update
0x9d3569956c5e79a0	0x1416e4880	post_sudden_death_enter
0xf09c446f72b86057	0x1416e48c0	post_sudden_death_update
0x72751fac37006848	0x141c9e590	posweight
0x41d2d7320c200613	0x141cc8fc0	povcam
0xe32dc7cad69841a2	0x141c9b400	power
0xce081ba34f948797	0x1416d5b88	practice_disc
0x502022a87c2989ef	0x141ccb160	practiceai
0x37756d8877ed5768	0x1416d5bd0	pre_launch_enter
0x7b54c48fed3ecd93	0x1416e4550	pre_launch_update
0x6c19a96227539fac	0x1416e4490	pre_match_enter
0x3979ba686488ba64	0x1416e44c0	pre_match_wait_for_ready_enter
0xd69cc3ed9f1e31bf	0x1416e44f0	pre_match_wait_for_ready_update
0xe1c684082c60875c	0x1416e47a8	pre_sudden_death_enter
0xfc23497054cbcbcf	0x1416e47e8	pre_sudden_death_update
0x6f630ba02d0e6f52	0x141cf2fb8	precision
0x6f630ea83c0e644f	0x1416fcec8	prefabids
0x9855e72c5c3bee8e	0x141cf5588	preferpasstoplayer
0x41d2d72f1f250e06	0x141dc19d8	prefix
0x26ff91113af69e63	0x141cf2070	prefsize
0x542e3fb4723f83f3	0x141cca3d8	premiumsku
0x33097a763c027498	0x141cca208	premiumunlocked
0x2fc79d9a4e754499	0x141c30988	prepass
0x6f631bba38126e5f	0x141cefc18	pressfunc
0xfe9ac0dfe54a55e5	0x141c9e0a8	pressingarm
0x246c2c17acc3c292	0x141c9e088	pressmovement
0x3f66361da2cfd89f	0x141c9e068	pressvelocity
0xfb80ccc6f65257ed	0x141ccbae0	previewtype
0x12ec46b67ea573d7	0x141c5d350	previewtypeoverride
0x3e75a1594e967b09	0x141ccb748	prevnumsteadyearlyquits
0x80253dc16dda352d	0x141ccb720	prevnumsteadymatches
0x6f631eba2a067459	0x141c9ce88	prevstate
0x72ba37b82f81b720	0x141ccb6f8	prevsteadyplayerlevel
0xe32dc7cacb8647b5	0x141cc9e58	price
0xe57065bdb1ca3bf7	0x141cca160	pricepremium
0x6f6f0bac2a0e654e	0x141cca180	pricetier
0x171b71164cac8315	0x1416ee158	prim_sphere
0x2fc79d9653754593	0x141cf07b0	primary
0x406d89caa402d1c4	0x141c9cf60	primarycolor
0x406d89c0a50adbce	0x141c9d328	primaryindex
0xfe2863f32d3c3d45	0x141cf0ea0	printdebuginfo
0x26ff9d183bf6907f	0x1416fd638	priority
0x6f6f1ea82a026155	0x141ccb180	privateai
0x26ff9b103bfa9775	0x141c9cf20	progress
0xe6e0b2fe84d1f562	0x141cb01b0	progression
0xc8c33e482a6111a0	0x141c9bfb0	prop
0x6f6918a8300e6d4f	0x141c5fd78	propanims
0x7890cdf97bcac66f	0x141cf0298	propertyname
0xe32dc7cacb8054a3	0x141701a30	props
0xc8e8d0b1a880f0fc	0x141ccb0f0	prv
0xf8aeab45ed0af669	0x141c39b88	psusagetable
0xc8e8d0b1a880f6f9	0x1417026a8	pts
0x7e8663a5dfe52104	0x141c689c8	pty_jck_body_first_person
0x428e729efae7edc1	0x141c68f28	pty_jck_body_hand_gestures
0xf90960aea8b4b50b	0x141c69868	pty_jck_body_hand_gestures~hand_left_base
0x82ea2b085ba8dd31	0x141c698b0	pty_jck_body_hand_gestures~hand_left_base_no_thumb_stick
0x6de30f537620b843	0x141c699a0	pty_jck_body_hand_gestures~hand_left_index_button_pose
0x0c653943e14bcae3	0x141c699f0	pty_jck_body_hand_gestures~hand_left_index_button_press_pose
0x178c4738454e88a3	0x141c69950	pty_jck_body_hand_gestures~hand_left_index_point_pose
0xcaba41bb30134267	0x141c69900	pty_jck_body_hand_gestures~hand_left_middle_button_press_pose
0x80e14e564aed012f	0x141c69a40	pty_jck_body_hand_gestures~hand_left_thumb_stick_pose
0x07de732fccfab0cb	0x141c69a90	pty_jck_body_hand_gestures~hand_left_thumb_x_button_pose
0xc43353fac1511df7	0x141c69ae0	pty_jck_body_hand_gestures~hand_left_thumb_y_button_pose
0xbf599049272900cf	0x141c69e68	pty_jck_body_hand_gestures~hand_right_base
0x8d968cb019ef2d41	0x141c69eb0	pty_jck_body_hand_gestures~hand_right_base_no_thumb_stick
0x7052f3468a3ad59f	0x141c69fa0	pty_jck_body_hand_gestures~hand_right_index_button_pose
0x24515375fe303043	0x141c69ff0	pty_jck_body_hand_gestures~hand_right_index_button_press_pose
0x01dfb2748ee89a93	0x141c69f50	pty_jck_body_hand_gestures~hand_right_index_point_pose
0xcf3d8f559da71477	0x141c69f00	pty_jck_body_hand_gestures~hand_right_middle_button_press_pose
0xa0466f3219b4b55f	0x141c6a090	pty_jck_body_hand_gestures~hand_right_thumb_a_button_pose
0x960e7b46c04cbb71	0x141c6a0e0	pty_jck_body_hand_gestures~hand_right_thumb_b_button_pose
0x96b2bb1a814b131f	0x141c6a040	pty_jck_body_hand_gestures~hand_right_thumb_stick_pose
0xc3f09ee9cb512b41	0x141c69b30	pty_jck_body_hand_gestures~hands_contact_plane
0x4609c833c1d435d5	0x141c68cb0	pty_jck_body_idle
0x4609c833c5df2fd5	0x141c6a9f8	pty_jck_body_move
0xea49cde332aa536f	0x1416dffc0	pty_mpl_combat_pebbles
0xc8e8d0b1a880f7e8	0x141ccb0d8	pub
0x26f8961b20fc856f	0x141ccb140	publicai
0x4e7ad1ab473b3b3c	0x141dc3688	publickeyencrypted.premastersecret
0x263609d44d9512dd	0x141ccb528	publisherlock
0x11080c41d05dcbba	0x141ccd528	punchedfromlefthand
0x8e4b9cee1b9ed322	0x141ccd550	punchedfromrighthand
0x68740ba13f146558	0x141cc9e70	purchased
0x0e76664ce336528a	0x141c2eb78	qualitylevel
0xe32dc7cbcc8a57a4	0x141c9d0f0	quest
0xdc501f5c717426ba	0x1416db580	quest_combat_unlocked
0x41d2d6281f36021a	0x141ccb0c0	queued
0xdafa9a460fe10167	0x141cc0200	quick_reflexes
0xd1d52cf94503a854	0x14170ee80	r
0x3f9915d3001dc28e	0x1416cf720	r14_glb_global_mp
0x43934c379cf1e366	0x1416cf6d0	r14_glb_global_root
0xe24c89df8235dd7a	0x1416cf6f8	r14_glb_global_tutorial
0x162686e49c72419e	0x141c840d8	r14_objective_marker
0xc6bc8607972268c9	0x1416d2c58	r14gamedata
0xd5ebbf55f4b5fda1	0x141ca3ac8	r15_ord_arc
0x5b370a0a8f236fe0	0x141ca3b58	r15_ord_burst
0xd5ebbf55f4b0eab6	0x141ca3a70	r15_ord_det
0xd5ebbf55f4b0e0b6	0x141ca3b38	r15_ord_dot
0x5b370a0c883e72f1	0x141ca3b90	r15_ord_drone
0xd5ebbf55f4b8e0a1	0x141ca3b00	r15_ord_loc
0xa2ca32a57a66308c	0x141ca3aa8	r15_ord_stun
0x683ef9786227a478	0x141ca3a08	r15_player_mp_booster
0x7a8154038e31439a	0x1416d8e60	r15player
0x41d2d53c1e2a0612	0x1417195f0	radial
0x2ad04d0e9b214986	0x1416cedf0	radiation
0xe32dc7c8d88b4db9	0x141c5fd10	radii
0x41d2d53c1e2a120d	0x1416fe080	radius
0xb708b4cd5d245db7	0x141721228	radsources
0xb70dbeca5c2e57aa	0x141ccb548	radversion
0x2fc58e985a7b5b86	0x141c9c0d0	ragdoll
0x41d2d53c14270813	0x1416e29b8	random
0xd809eabe575305e7	0x141cf32c8	rangeparamname
0xbd1cbece4e2b4da1	0x141cf32e8	rangevalue
0x41d2d53c082a1307	0x141c5d338	rarity
0x2ac64d1b963b529a	0x141cca318	raritystr
0xc8c33e4828720ab5	0x141c4bc88	rate
0xc8c33e4828771bb6	0x141ccb200	rdef
0x44e52535ad375e83	0x141cf1060	readstorage
0xe32dc7c8dc8e40a9	0x141ccc600	ready
0x41d2d5381b2f5511	0x141cf2608	real2o
0xeba43b133c837da5	0x141ceafd0	real2tostring
0x41d2d5381b2f5508	0x141cf2818	real2v
0x24e8951b7be9856a	0x141cefcc8	real2val
0x1f7370832c750009	0x141702540	real2value
0x41d2d5381b2f5411	0x141cf2620	real3o
0x41d2d5381b2f540d	0x1416ed068	real3s
0xc0fd1d406414eecf	0x141ceaff0	real3tostring
0x41d2d5381b2f5408	0x141cf2830	real3v
0x24e8951b7ae9856a	0x141cefce8	real3val
0x1f7371832c750009	0x141715ae8	real3value
0x41d2d5381b2f5311	0x141cf2638	real4o
0x41d2d5381b2f5308	0x141cf2848	real4v
0x24e8951b7de9856a	0x141cefde0	real4val
0x1f7376832c750009	0x141715b08	real4value
0x2ed5480e9d3a4791	0x141cf29e0	realarray
0x1f7323873f780c03	0x141cf2758	realarrayo
0x503570a9ba2eb8b1	0x141cf2738	realarraysizeo
0x1f7323873f780c1a	0x141cf28e0	realarrayv
0x2fc58a9e5270528c	0x141cc9d50	realdef
0xd2cd15bcb95a841c	0x141dc17d0	realexpblend
0x2ed548068138539c	0x141cf2980	realinput
0x4cff3f2eba384d95	0x1416fd848	realintents
0x2fc58a9e52795692	0x141c9e3b0	realmax
0x2fc58a9e52795e84	0x141c9e398	realmin
0xd9da0cb0a15a9808	0x141cd76a0	realnointerp
0xe32dc7c8dc8e48bf	0x141cf25f0	realo
0x1f732d8039690018	0x141cc9c88	realoutput
0x2ed5481f8e3a4785	0x141ccbf80	realparam
0x7e42f17ab44082f3	0x141cf3228	realparamname
0xe32dc7c8dc8e48a3	0x1416ed050	reals
0x24e8951b3aeb8176	0x141c9e3c8	realstep
0xc3da16aaa756841f	0x141ceafb0	realtostring
0xe32dc7c8dc8e48a6	0x141cf2800	realv
0x2fc58a9e52625686	0x141c9e380	realval
0x2ed548198e24538d	0x141715ac8	realvalue
0x41d2d5381b300810	0x141c9a918	reason
0x24e8971220e98162	0x141cccd28	received
0x24e8971220e98174	0x141cc9030	receiver
0x24e8971227eb8174	0x141c9e1f8	recenter
0xe171e5d8145c9c6b	0x141c2d6b0	reclaimparticles_cs
0x24e897183bfb8162	0x141cc9708	recorded
0x2ed74b1d8b21488f	0x141cc96e8	recording
0x1952788e0f1b7357	0x141cefbd8	recoverable
0x2ed7511d9c21508d	0x141cefed8	recursive
0xc8e8d0b1a882e7ee	0x141cf11b0	red
0xe32dc7c8dc8b7bb1	0x141c689f8	red_a
0xf7dfd2d55b871001	0x1416e5060	red_round_score
0x2ed07b1c8c27548d	0x1416e23a8	red_score
0x2fc58a9b4a715687	0x141ccc178	redteam
0x926d717bb7e7ca2a	0x141c49530	reflectactor
0x41d2d5381c2c1517	0x141c4c980	refori
0x2fc58a9951665e99	0x141c5fc38	reforis
0x24e8920726f68a72	0x141c47e90	refpoint
0x6a02fc736702d2a7	0x141cf0bd8	refpointcomponentname
0xda58a58c95692865	0x141cf0c00	refpointname
0x3b1a9ff6dbcc0faf	0x141cf0c40	refpointoffsettype
0x2ed254008626529b	0x141c5fbd0	refpoints
0x186d278625701b0b	0x141cccd48	refreshing
0x867cce8d37d9b589	0x141c9d648	refvelocity
0x2ed341019d29528d	0x141c9adc0	regenrate
0x02d9130adfe4ec0b	0x141c5d1d0	regenstartdelaytime
0xb233f0d47e4e3cfd	0x141cc90e8	registering
0xa921e6d5694b33e3	0x141cf5198	regrabdelay
0xe32dc7c8dc8345a9	0x141ccb8a0	relay
0x9903afbb47561217	0x141cefc38	releasefunc
0x311c216e8cdb3e73	0x1416dca58	remote_log_connection_stats|delay
0xae88e9cdc15ae59e	0x1416dca20	remote_log_connection_stats|enabled
0xef05dd95418c9973	0x141c9e7a8	remoteplayer_arena
0x9e65216fb71012f2	0x141c9e7d0	remoteplayer_combat
0x13703690386a101e	0x141ccb038	remoteuser
0x2ed94b198a294a84	0x141ccbb00	removeall
0x2fc58a915f765b8f	0x141ccaec8	renable
0x1174d63e4b494b03	0x141c2dde8	renderbillboardsprites2_emissive_flowmap_ps
0x70cdb6c0d4078421	0x141c2ddb0	renderbillboardsprites2_emissive_ps
0x7f2d2fdb5f1fa2ed	0x141c2dd78	renderbillboardsprites2_flowmap_ps
0x7f2d2fdb5f1fa4ed	0x141c2db18	renderbillboardsprites2_flowmap_vs
0x538fbc734a12decf	0x141c2dd48	renderbillboardsprites2_ps
0x96beaba74365d6b1	0x141c2ded0	renderbillboardsprites2_spec_emissive_flowmap_ps
0xe1d124d01dfb6b17	0x141c2de90	renderbillboardsprites2_spec_emissive_ps
0xa8a3f462b8baeca3	0x141c2de58	renderbillboardsprites2_spec_flowmap_ps
0xa8a3f462b8baeaa3	0x141c2db80	renderbillboardsprites2_spec_flowmap_vs
0xf7a22b17d15eb70b	0x141c2de28	renderbillboardsprites2_spec_ps
0xf7a22b17d15eb10b	0x141c2db50	renderbillboardsprites2_spec_vs
0xf7a53e01c15ea30b	0x141c2dce0	renderbillboardsprites2_tess_ds
0x861578b9c3d73817	0x141c2dd10	renderbillboardsprites2_tess_flowmap_ds
0x861578b9c3d73417	0x141c2dca8	renderbillboardsprites2_tess_flowmap_hs
0x861578b9c3d72a17	0x141c2dbe8	renderbillboardsprites2_tess_flowmap_vs
0xf7a53e01c15eaf0b	0x141c2dc78	renderbillboardsprites2_tess_hs
0xf7a53e01c15eb10b	0x141c2dbb8	renderbillboardsprites2_tess_vs
0x538fbc734a12d8cf	0x141c2dae8	renderbillboardsprites2_vs
0x1f7f325ed14bfa2f	0x141c2df40	renderribbon2_flowmap_ps
0x1f7f325ed14bfc2f	0x141c2dc48	renderribbon2_flowmap_vs
0x48704126eb4b1d85	0x141c2df18	renderribbon2_ps
0x48704126eb4b1b85	0x141c2dc20	renderribbon2_vs
0x24e89a122efe8063	0x141cc0730	renegade
0x41d2d5380a220e0c	0x1416d77e0	repair
0x41d2d5380a2f1e4f	0x141cf1da8	reply1
0x41d2d5380a2f1e4c	0x141cf1dc0	reply2
0x41d2d5380a2f1e4d	0x141cf1dd8	reply3
0x41d2d5380a2f1e4a	0x141cf1df0	reply4
0x41d2d5380a2f1e4b	0x141cf1e08	reply5
0x24e8841b30f68037	0x141cf1e20	replyid1
0x24e8841b30f68034	0x141cf1e40	replyid2
0x24e8841b30f68035	0x141cf1e60	replyid3
0x24e8841b30f68032	0x141cf1e80	replyid4
0x24e8841b30f68033	0x141cf1ea0	replyid5
0x0e733b812474105d	0x141cf1ec0	replytime1
0x0e733b812474105e	0x141cf1ee0	replytime2
0x0e733b812474105f	0x141cf1f00	replytime3
0x0e733b8124741058	0x141cf1f20	replytime4
0x0e733b8124741059	0x141cf1f40	replytime5
0x2404f6d2471f22bd	0x141cf1f60	replytotaltime1
0x2404f6d2471f22be	0x141cf1f80	replytotaltime2
0x2404f6d2471f22bf	0x141cf1fa0	replytotaltime3
0x2404f6d2471f22b8	0x141cf1fc0	replytotaltime4
0x2404f6d2471f22b9	0x141cf1fe0	replytotaltime5
0x2fc58a8f516643db	0x141c9da58	report1
0x2fc58a8f516643d8	0x141c9da70	report2
0x2fc58a8f516643d9	0x141c9da88	report3
0x2fc58a8f516643de	0x141c9daa0	report4
0x2ec44b1d9b2142d9	0x141c9dab8	reportid1
0x2ec44b1d9b2142da	0x141c9dad8	reportid2
0x2ec44b1d9b2142db	0x141c9daf8	reportid3
0x2ec44b1d9b2142dc	0x141c9db18	reportid4
0x2fc58a8f51664399	0x141c5cd78	reports
0x6e89b17f9ed90c17	0x141cf5030	repunchdelay
0x472fb66fbca0e1fd	0x141c9af88	requireactive
0x20032c3327b4f168	0x141c9af08	requirecompleteexpression
0x08882cd90f2fc7ab	0x141c9af60	requirecompletenode
0x53533804c6374a8f	0x141c9af38	requiredependencies
0x3c9795f7091d7769	0x141c5cdb0	requiredpressdistance
0xe2122f193d13be3a	0x141c9e038	requiredpressdistancepercent
0x82c817e4d6360909	0x141c9aaf0	requiretimesincedialogue
0xe32dc7c8dc9c41a4	0x141ccc278	reset
0x0d702e8039701a02	0x1416ff790	resolution
0x59429d297d75736a	0x141cf1a60	resolutionheight
0x13913b89ef15bffd	0x141c9cc78	resolutionscale
0x13913b8de510a7f0	0x141cf1a40	resolutionwidth
0xf490458d7fff4856	0x1416ccb78	resource_ammount_obtained
0xc2174640cbd270a9	0x1416ccb30	resource_scan_complete
0x0d6f238223701b0b	0x141ccadf0	respawning
0x24e8870726f19763	0x141c9c3d8	response
0x76b988983ae3ed9b	0x141c470b0	restbk45anim
0x76b9859d3ae3ed9b	0x141c470e0	restbk90anim
0x72b688983ae3ed9b	0x141c47050	restfd45anim
0x72b6859d3ae3ed9b	0x141c47080	restfd90anim
0x78a688983ae3ed9b	0x141c47110	restlt45anim
0x78a6859d3ae3ed9b	0x141c47140	restlt90anim
0xd28af85dc51acb39	0x141c47020	restneutralanim
0x2fc58a8c4a7b458f	0x141cf0140	restore
0x7c451514df5f2ac3	0x141cf0b00	restoremostrecentlevelsettings
0x66a688983ae3ed9b	0x141c47170	restrt45anim
0x66a6859d3ae3ed9b	0x141c471a0	restrt90anim
0x41d2d53809360b0a	0x1416e8068	result
0x41d2d53809360a1b	0x141ceffb8	resume
0x0d6a2f902c771c01	0x14170eff8	resumeanim
0x41d2d5380c26151c	0x1416fd5d0	reverb
0xc378838a461ec073	0x141cf0808	reversesynconcomplete
0x087a3086247b1909	0x141c9aee8	reversible
0x24e883163bfb8d62	0x141ccaa50	rewardid
0x2ec3451d8b214290	0x141cca440	rewardidx
0x097e309123781809	0x141ccaa70	rewardname
0x313d0759bc6b9e2c	0x141c9bbc8	rf
0x313d0759bc6b9e22	0x141c9bb98	rh
0x24e595192df0966f	0x141c9d808	rhandori
0x24e595192def8b75	0x141c9d3c0	rhandpos
0x24e595192ded8b72	0x141c9d438	rhandrot
0xe65a63cac111d442	0x141cab798	ribbon_kill
0xd1a55fecd53a0ec9	0x141c2d9b0	ribbonparticleargs2_cs
0x584f262aa23adb51	0x141c2d9d8	ribbonparticleargs2_stereo_cs
0x33468305ea6edd8f	0x141c2da08	ribbonparticleverts2_cs
0x2fc5869d5c7b5999	0x141c39b00	ribbons
0xc8c33e48287a18a4	0x141c9d0c0	rift
0xe32dc7c8d08950a3	0x141c9d0d8	rifts
0xe32dc7c8d0884ca4	0x141c9d168	right
0xeeda9d7d839acdf0	0x141c6a208	right_hand
0x24e4931f3dfe966b	0x141c47898	rightarm
0xcdc5d97c918c823d	0x141c43808	rightarmbody
0x12bc5636718f0046	0x141cf3180	rightbuttonmotor
0x67f4546403ce0b76	0x141c9de98	rightequipped
0x88fa0ccf8b328961	0x141c9dee0	rightfingerintersecting
0x22d34c1b8729488c	0x141c6aa78	righthand
0x72572bc32c74bf3b	0x141c5fd50	righthandgripanims
0x8480f7ddc106dcc5	0x141c9d730	righthandholdingstatic
0x231c9f04c5d2a7aa	0x141c9d690	righthandposition
0xb565fd39d95bf1f8	0x141c9d6e0	righthandpositionlocal
0x2306820ed9d2a6a3	0x141ccb2f8	righthandpunching
0xeeda9d4b859fc6ec	0x141c9abe8	rightindex
0x6beb45680bc80f7e	0x141c9aca8	rightindexval
0xcdd3c1d8a758bc16	0x141c7ebe0	rightoverrideblender
0x72e44d6011d10a6b	0x141c43848	rightpalmbody
0x1e7a9663a719967b	0x141ccd6e0	rightthrusting
0xeeda9d56838ecef6	0x141c9abc8	rightthumb
0x76ed546011c80f7e	0x141c9ac88	rightthumbval
0xb98209420ade4de8	0x141c9e4f8	righttouchmotor
0xcdd0d97894848336	0x141c9ac08	righttrigger
0xf8741e363406e520	0x141c4a898	righttriggeractor
0xcce0eefb60d030c4	0x141c9acc8	righttriggerval
0x22da430e8c3c499a	0x141c4c568	ringactor
0xe7d588419f94d1e7	0x141c5fb18	ringactors
0x41d2d5321928020a	0x1416d6a00	rocket
0xc8c33e48287c12b5	0x141cf5c00	role
0xc8c33e48287c12bc	0x141c9c8d0	roll
0xc8c33e48287c11a4	0x1416d0c98	root
0x1d1055a259e4a185	0x141c46fc0	rootikanim
0xe32dc7c8d68050a3	0x141720d90	roots
0xc8c33e48287c0cb9	0x141c9c830	rori
0xc8e8d0b1a882edfe	0x1416ff390	rot
0x24e280163df68b68	0x141701380	rotation
0x57a3ba88a63b04cf	0x141cf0830	rotationfirstblendtime
0x9b0649623687dc29	0x141cefe20	rotationmode
0x24c0451b86274887	0x141cf2778	rotationo
0x24c0451b8627489e	0x141cf2900	rotationv
0xfe9e75bc37cfe210	0x141cefe40	rotationval
0xc8c33e48287c0aa8	0x1416fef10	rotx
0xc8c33e48287c0aa9	0x1416fef30	roty
0xc8c33e48287c0aaa	0x1416fef50	rotz
0x4eb3e1b152a1ba7a	0x1416e2580	round_counter
0xccea96e48128f05e	0x1416d6508	round_over_enter
0x67e1e232f03be11d	0x1416e4610	round_over_update
0xdad765f3754f6262	0x1416e4520	round_start
0x810366b6b900baad	0x1416d6920	round_timers|overtime
0xc5c2fc48ab2603d7	0x1416e2600	round_winning_team
0x2fc5808a4a64429e	0x141ccb1b8	routput
0xc8c33e48286311a3	0x141c9c818	rpos
0xc8c33e4828601ba4	0x141cf5ca0	rset
0x41d2d5290a200e1a	0x141cf0d28	rtpcid
0x24f9841427fe8963	0x1416fdf98	rtpcname
0x3fc447198e24538d	0x141cf0438	rtpcvalue
0xe32dc7c8cc8341a3	0x1416e3b60	rules
0xc8c33e4828651fbc	0x141c9c428	rval
0x84615a707af5ce20	0x141ca30b8	rwd_booster_default
0x65535200cf6ec196	0x141ca30e0	rwd_bracer_default
0xca4cc178f3707385	0x141ca3090	rwd_chassis_body_s11_a
0xd1d52cf94503a855	0x141c2eb98	s
0x866d53af6807684a	0x141c48d60	saccadeanimation
0x1e0eb2060c2a3136	0x141c48d30	saccadeanimset
0x88b3146ca0516e28	0x141c48da0	saccadelayer
0xab2b7681e9437c0f	0x141ccc190	samplename
0x2fc48e924e785299	0x141701510	samples
0xb22e6885f34b7e04	0x141cf0220	saturation
0xe32dc7c9d89941a3	0x141cbdb80	saves
0xe32dc7c9da8e48b5	0x1416ff3a8	scale
0x0a525ef819ffc4f0	0x141cab7b8	scale_adjust
0x25ee951b2cf2857e	0x1416fe7c0	scalemax
0x25ee951b2cf28d68	0x1416fe790	scalemin
0x41d2d43e1b2f0206	0x1416fef70	scalex
0x41d2d43e1b2f0207	0x1416fef90	scaley
0x41d2d43e1b2f0204	0x1416fefb0	scalez
0x038c6c52d6bdd9e7	0x141c9c040	scannable
0x999ab2853210fa8e	0x1416d5b48	scanner_assist
0xc4112dfa3a9deec0	0x141c73f68	scanner_tab_left
0xc693de139d9cfe5c	0x141c73fe0	scanner_tab_right
0x999aa7972315ec8e	0x141c73f48	scanner_tablet
0x57d61d5db6cafe3c	0x141c9c060	scanningtool
0x25ee911928ed8d69	0x141ccc870	scenario
0x03886c59d9bed8e7	0x141c8b0b8	scenename
0x41d2d43e1f2d020d	0x141cd7688	scenes
0x03886c59c3a6c5e7	0x141cf1670	scenetype
0xc86d66fd3b3b4035	0x141cf74e8	scopecamerasensitivity
0x734b844482f0cca4	0x141cf7538	scopecameraspinacceleration
0x0d168b5338e90ff0	0x141cf7510	scopecameraspinspeed
0xe32dc7c9da8056b5	0x1416de7b8	score
0x136699a65e479cb4	0x141c9dca0	scorezoneindex
0xe32dc7c9da8051a4	0x1416d69e8	scout
0xbd5b9e664faab76c	0x141c31ee8	screentint.colorinversion
0x140297d56b6c342b	0x141c32150	screentint.enablecolorgrading
0xff6729e7ffa9c888	0x141c32510	screentint.gain
0xa4ed790c8d10dad8	0x141c324e8	screentint.gain.b
0xa4ed790c8d10dadd	0x141c324c0	screentint.gain.g
0xa4ed790c8d10dac8	0x141c32498	screentint.gain.r
0x490334f91330dc47	0x141c32470	screentint.gamma
0x87aa760328f0018a	0x141c32448	screentint.gamma.b
0x87aa760328f0018f	0x141c32420	screentint.gamma.g
0x87aa760328f0019a	0x141c323f8	screentint.gamma.r
0x3310c88afc99e1ab	0x141c32338	screentint.highlights
0x9a81bbecebbf2b3c	0x141c32310	screentint.highlights.b
0x9a81bbecebbf2b39	0x141c322e8	screentint.highlights.g
0x9a81bbecebbf2b2c	0x141c322c0	screentint.highlights.r
0xff6729e7f4a1c792	0x141c323d8	screentint.lift
0xa4ed7204820adad8	0x141c323b0	screentint.lift.b
0xa4ed7204820adadd	0x141c32388	screentint.lift.g
0xa4ed7204820adac8	0x141c32360	screentint.lift.r
0xdc62d0253e6ec065	0x141c32298	screentint.midtones
0x5af629f0afe4a7c6	0x141c32270	screentint.midtones.b
0x5af629f0afe4a7c3	0x141c32248	screentint.midtones.g
0x5af629f0afe4a7d6	0x141c32220	screentint.midtones.r
0xa4ed710b820d91ce	0x141c325a8	screentint.offset
0xde6dd22234748b74	0x141c32580	screentint.offset.b
0xde6dd22234748b71	0x141c32558	screentint.offset.g
0xde6dd22234748b64	0x141c32530	screentint.offset.r
0x9f983ac909d9ce22	0x141c32128	screentint.offsetcenter
0xf8f66071bd6eded6	0x141c320d0	screentint.offsethigh
0x9f9831c500c58532	0x141c320a8	screentint.offsethigh.b
0x9f9831c500c58537	0x141c32080	screentint.offsethigh.g
0x9f9831c500c58522	0x141c32058	screentint.offsethigh.r
0x03851d0a8450d07b	0x141c31f90	screentint.offsetlow
0x08c5510759d43f52	0x141c31f68	screentint.offsetlow.b
0x08c5510759d43f57	0x141c31f40	screentint.offsetlow.g
0x08c5510759d43f42	0x141c31f18	screentint.offsetlow.r
0x03851d0a8451d668	0x141c32030	screentint.offsetmid
0x08c551065fc73f52	0x141c32008	screentint.offsetmid.b
0x08c551065fc73f57	0x141c31fe0	screentint.offsetmid.g
0x08c551065fc73f42	0x141c31fb8	screentint.offsetmid.r
0xb1f9c83622781d3b	0x141c320f8	screentint.preserveluminance
0x6debe1bbef59ab56	0x141c325f8	screentint.rangehigh
0xc36ada36346cca61	0x141c325d0	screentint.rangelow
0x854abe8325a38a92	0x141c31e00	screentint.saturation
0x47c51fa18394c1c1	0x141c31eb8	screentint.saturationlevels
0xdef73ab54476625c	0x141c31e88	screentint.saturationlevels.b
0xdef73ab544766259	0x141c31e58	screentint.saturationlevels.g
0xdef73ab54476624c	0x141c31e28	screentint.saturationlevels.r
0x87be7f0f21fe589b	0x141c321f8	screentint.shadows
0x4fbdc4e2a8d47136	0x141c321d0	screentint.shadows.b
0x4fbdc4e2a8d47133	0x141c321a8	screentint.shadows.g
0x4fbdc4e2a8d47126	0x141c32180	screentint.shadows.r
0xff6729e7eca1cf92	0x141c31db8	screentint.tint
0xa4ed6a048a0adad8	0x141c31d90	screentint.tint.b
0xa4ed6a048a0adadd	0x141c31d68	screentint.tint.g
0xa4ed6a048a0adac8	0x141c31d40	screentint.tint.r
0x8539eddff5b650fe	0x141c31dd8	screentint.tintscalar
0x41d2d43e082a170a	0x141cf0b50	script
0x9602b050b2aa1e02	0x1416e0128	script_mp_menu_controller
0xc76a0de0a3b3f566	0x141cefd80	scriptactor
0x039f6b4cc3b6dbe5	0x1416cef10	scripting
0xf52d346e7022efde	0x141c9c688	scrollablebehavior
0x676209337e9913b7	0x141c9c668	scrollablename
0xe2863a2e427447db	0x141cf10b8	scrolltype
0xc8c33e4829771bb6	0x141ccb230	sdef
0x41f023aa87f93bf2	0x141cc9ed0	seasonnumber
0x7737b685fd598aeb	0x141cca110	seasonnumbersym
0x41d2d438192c091a	0x1417029a0	second
0xb58d1f1073d11563	0x141c9d908	secondactorgs
0x7e46b07ab505c63f	0x141c9d8c0	secondactorname
0xcb1efa915ecb44e2	0x141c9d8e0	secondactornodeid
0x7916249326954f50	0x141c9cf80	secondarycolor
0x79162499279d455a	0x141c9d348	secondaryindex
0xb58f140572cd177c	0x141cf0fa8	secondchannel
0x0a24ff1ad58f2d35	0x1416e5cb0	secondemote
0x2fc48a9c517a5399	0x141c9e518	seconds
0xb59f080b68ca1f75	0x141ceb060	secondstotime
0x0f58e6ca8a0932b6	0x1417212c8	sedgecount
0x41d2d4381e24020d	0x141720e40	sedges
0xd61fd291401f9ff8	0x141cc8f60	selectedteamid
0x009a762f9f3470da	0x141cc8f80	selectedteamslot
0x36ff74b22c06eca3	0x141ccd930	selectionmode
0xc8c33e48297612b6	0x141715778	self
0x0581645dd4abdaf0	0x141cc9878	selfactor
0x227eb15d7a792279	0x141cc8a90	selfandallpeers
0xc22d1b5ab0ee7ee0	0x141ccb5c8	selfgoalenabled
0x0ace406868d574c2	0x141ccb5e8	selfgoalscored
0x05816456d8b6dbf6	0x141cf0660	selfjoint
0x897c3f2f94df5462	0x141cf0708	selfpercent
0xa13c12f108b6df49	0x141cf0770	selfpercents
0xa33c06e202b1c54e	0x141cf0680	selfrefpoint
0x05806352c3b6d6f1	0x141c399b0	semantics
0x41d2d4381427020c	0x141cc9018	sender
0x055be6db951939b0	0x141cc8ab0	senderpeer
0xc8d8dbfee94fb7d6	0x141cc8ad0	senderuserid
0x41d2d4381430080c	0x1416d77c8	sensor
0x25e89a033df68963	0x141ccccf0	senttime
0x059d674ed6abdaf0	0x141cf0500	seperator
0x1a4ae6c7861935a6	0x141cf0fc8	sequenceid
0x41d2d4380835020c	0x141cbb6d0	server
0x25e886012ced8064	0x1416cf628	serverdb
0xb3b8315d81ac89fc	0x141ccc6c8	serverloadduration
0x25e8860120fc8175	0x1416dfea8	services
0x60cd6eac73bda9e3	0x141cc8b30	servicesavailable
0x8de8bb7c1a638ffd	0x141cc8b58	servicesmsg
0x0599635fd4bad9ee	0x141c9bc88	setaccell
0x0599635fd4bad9f0	0x141c9bcf8	setaccelr
0x1f5eedce90103db0	0x141c9bc00	setangular
0x6338629ede10e088	0x141ccc290	setcooldown
0x263715b55cda9c9d	0x141ccbbc8	setcurrentobjectivedistance
0x8c690596d9b5f1e8	0x141ccbbf8	setcurrentobjectivepercent
0x05996e55d9bad4f0	0x141c9bbe0	setlinear
0xbb484eee807c2c84	0x141c9bc38	setmaxvelonehandl
0xbb484eee807c2c9a	0x141c9bca8	setmaxvelonehandr
0xa05144ee807c2c84	0x141c9bc60	setmaxveltwohandl
0xa05144ee807c2c9a	0x141c9bcd0	setmaxveltwohandr
0x2fc48a8b50755a8f	0x141ceff10	setname
0x69e89f38986e977c	0x141ccbc28	setobjectivenumber
0x9d7ec92e4685a0e9	0x141ccbb40	setobjectivetime
0x9f05b8b5cd336c35	0x141cf0410	setonallemitters
0x05997255cfbad9f1	0x141cf1398	setpixels
0x25e880042afe8863	0x141cf1378	setscale
0x2fc48a8b4a7d598d	0x141cf2f60	setting
0x743e6395e516f39e	0x141cb8020	setting_idx
0x9bf83720cdc747ad	0x141cb8000	setting_name
0x9bf8371cccd344bc	0x141c9e218	settingcount
0x1f4beac7821538ba	0x141c9b5b8	settingidx
0x25e8800320f18375	0x141c39940	settings
0x9bf8370ccdc747ad	0x141c9e3e8	settingsname
0x91b6a01098869633	0x141ccbb68	settotalmapobjectivedistance
0x273e1198d4059214	0x141ccbb98	settotalmapobjectivepercent
0xc8e8d0b1a883e4f2	0x141c9ca78	sfx
0x01bc8bf07fbfc184	0x1416d9090	shading_basecolormap
0x4d7007614a1cb659	0x141c32738	shadow.autofitcascades
0xbefc5d73ec3a569d	0x141c32760	shadow.autofitcascadesxy
0x482bac0ba580a392	0x141c32648	shadow.cascadebackupamt
0x99d37c3ea436684b	0x141c32620	shadow.cascadedistance
0x8d1b73214d4417c9	0x141c32670	shadow.cascadesplits
0x14ade20a534b4c71	0x141c32698	shadow.fadedistance
0xc17485adbfb7963d	0x141c32718	shadow.flags
0xeb24eee608e037e5	0x141c32790	shadow.masking
0xbb685ed64b317f13	0x141c327b0	shadow.masking.enableautofitcascades
0x5b4af4165c2d680b	0x141c327e8	shadow.masking.enableautofitcascadesxy
0x068acd8adf64533f	0x141c32820	shadow.masking.enablemaxshadowcascades
0xf4668492255494d5	0x141c326f0	shadow.maxaovolumes
0xe33c64ef6f736da9	0x141c326c0	shadow.maxshadowcascades
0x2559259b8c22c693	0x141c9ccd8	shadowquality
0xd9172b6d90832d8f	0x141c5cce0	shakeamptable
0x088c6959d3bec1e3	0x141c9b560	shakedata
0xe32dc7c9d18e54b5	0x141702068	shape
0x088c7259d9bed8e7	0x141c9c848	shapename
0xd6bb6b437a647c31	0x141cf2370	shapenamea
0xd6bb6b437a647c32	0x141cf2390	shapenameb
0xd6b97e4875607737	0x141c9ccb8	sharpening
0x41d2d43513260b1a	0x141c9c120	shield
0x30b02001acb07ece	0x141cc0700	shock_trooper
0x89fb1908e492c3bd	0x141cf4f00	shotaccuracy
0xd8bf614b7d7a7c24	0x141cf4f20	shotoffset
0x2afca8a04d9ef31c	0x141ca3688	shotsongoal
0xc8c33e48297b11a7	0x141cefec0	show
0xa6c22fa74c9a7077	0x141c9b068	showdependencies
0xa691588392285b21	0x141ccb630	showearlyquitwarning
0x4f9371dc0bddeb3f	0x141cf30a0	showhundredths
0xc50892cf16c5d7de	0x141c9ade0	showincomputer
0xd8bc634c69627c22	0x141c9b320	showmarker
0xb7cb113bba8d973c	0x141c9b158	showmarkerbydefault
0x29e2aea05f85f703	0x141cf3040	showminutes
0xe32dc7c9d18053be	0x141c9d240	shown
0x29fca2ad459ff603	0x141cf3060	showseconds
0xd8bc7a48757d7123	0x141cf3080	showtenths
0xd5c1289923662a0c	0x141c9b040	showwhendependantshown
0x00954efdcc04d603	0x141c9aff0	showwhendependencies
0xe21b75e61124711f	0x141c9afd0	showwhennode
0x127ccd8a6173e636	0x141c9b018	showwhenparentshown
0xc8c33e48297a1aa8	0x141c9c3f8	sidx
0x41d2d4341635020c	0x141cbdbc0	silver
0xc8c33e48297a04b5	0x1416d53a8	size
0x41d2d43400260a4f	0x141cf1790	sizem1
0xe32dc7c9d09541a3	0x141c399f0	sizes
0xc8c33e48297817be	0x141c40288	skin
0x4287416058b5eb6c	0x141cdc898	skinningcs_i1_w4
0xcebb337e6039e3f0	0x141cdc938	skinningcs_i1_w4_chained
0x4287416058b5eb60	0x141cdc8c0	skinningcs_i1_w8
0x391698a9c6db3508	0x141cdc968	skinningcs_i1_w8_chained
0x428741605bb5eb6c	0x141cdc8e8	skinningcs_i2_w4
0x25bba7456ab1c0d2	0x141cdc998	skinningcs_i2_w4_chained
0x428741605bb5eb60	0x141cdc910	skinningcs_i2_w8
0xd2160c92cc53162a	0x141cdc9c8	skinningcs_i2_w8_chained
0xb09a13793ea96409	0x1416e10d8	skip_combat_entitlement_checks
0xc8e8d0b1a883e9ff	0x141cc9e40	sku
0xde819bb3bc45b344	0x141c9dfa0	sliderposition
0xa2d596d7d7772cc6	0x141c49bd0	slidertransformactor
0xc8c33e48297f11a4	0x141c9be00	slot
0x2fc483904a7d5392	0x141c9ba88	slotidx
0x0c827655d9bbd0fa	0x141c9d4d8	slotindex
0xc06dd247109aff8c	0x141cc9898	slotposition
0xad1599e57527547c	0x141c48700	smoothpursuitanimation
0x5a2207275f7cb1fa	0x141c486c0	smoothpursuitanimset
0x1b26deb3846fa488	0x141c48740	smoothpursuitblenderleftright
0x7c8b2884d5707658	0x141c48790	smoothpursuitblenderupdown
0xd2f2f0159c9fe3c9	0x141c48820	smoothpursuitblendtime
0xdb13b3e162b6dfa8	0x141c487e0	smoothpursuitlayer
0xc3c2fb567eb809d0	0x141c488c0	smoothpursuitleftrightmaxangleinput
0xc5ca87ea3b990b4a	0x141c48980	smoothpursuitleftrightmaxangleoutput
0x94b78e6e7d9c5fe2	0x141c48860	smoothpursuitleftrightminangleinput
0x03ebbdb238b42d7c	0x141c48920	smoothpursuitleftrightminangleoutput
0x40dc9566391264ac	0x141c48a40	smoothpursuitupdownmaxangleinput
0x0adcf4f4338577f4	0x141c48b00	smoothpursuitupdownmaxangleoutput
0x17a9e05e3a36329e	0x141c489e0	smoothpursuitupdownminangleinput
0xccfdceac30a851c2	0x141c48aa0	smoothpursuitupdownminangleoutput
0x0d826d48dfaddaf6	0x141c9c8e8	smoothrot
0x06454ec6d2919810	0x141c9caa8	smoothrotationspeed
0x5e99c55b55a9aaf7	0x141cf2218	smoothtime
0x41d2d4331333020c	0x141cc06a0	sniper
0x41d2d432192a0612	0x141cbd078	social
0x042d9cf9cfddcf76	0x1416d8d48	social_2.0
0x163956e6e431e617	0x1416e3060	social_2.0_npe
0x305d6e37c1589c45	0x1416e3038	social_2.0_private
0x2e7917a3cb34f30b	0x141ccc658	socialgroupkey
0x9e356d3acbdfe7f9	0x141c9c000	socketableitem
0x82fc78bceecb64da	0x141c9a948	socketactor
0x8c6b9b38109e8ae9	0x141ccbd88	socketactorname
0xd6c0c883a1b5af2c	0x141c9a968	socketcomponent
0x1da1d04dcc652d34	0x141c9a988	socketplugactor
0xb17fc2d216b13528	0x141c9a9a8	socketplugcomponent
0xe32dc7c9d6834db4	0x141cf1258	solid
0xa4225618c32b932f	0x141c2d860	sortmeshparticles_firstpass_a_asc_cs
0x488074592ccaaa9b	0x141c2d898	sortmeshparticles_firstpass_a_desc_cs
0xa7225618c32b932f	0x141c2d8d0	sortmeshparticles_firstpass_b_asc_cs
0x356b1eacc5721f25	0x141c2d908	sortmeshparticles_firstpass_b_desc_cs
0x83dea83fc6ac31e9	0x141c2d940	sortmeshparticles_iteration_asc_cs
0x0fd56a8f327cf9cd	0x141c2d978	sortmeshparticles_iteration_desc_cs
0x944c6d17fe3aa455	0x141c2da30	sortribbons_firstpass_a_cs
0x944c6d17fd3aa455	0x141c2da60	sortribbons_firstpass_b_cs
0x74541888e77290e1	0x141c2da90	sortribbons_iteration_cs
0xe32dc7c9d69a4ab4	0x1417025e8	sound
0xc9b9dd60a3de2011	0x141cf2d58	soundactive
0x0f986c58d9bed8e7	0x141cf0d60	soundname
0x73ae496e9257f551	0x1416fe988	soundtransform
0xd5bed962b4c33906	0x141c9b4a8	sourceactor
0xaad70d244e290c7e	0x141c9b4c8	sourcecomponent
0x12369ef0f88a8022	0x141720f20	sourcehead
0x791bffce8112f4a4	0x141cf1928	sourcejointorrefpoint
0xd5bed96fb2d63007	0x141720e70	sourceleafs
0xd5bed96eb8d33318	0x141cf1908	sourcemodel
0x12369ef0e4969123	0x141cf1998	sourcetype
0x2fc4808a4a64429e	0x141cc9dd0	soutput
0xe32dc7c9c98e47b5	0x141cf0978	space
0x39e737e33abcdcc1	0x141ccca28	spawnalpha
0x48115aaea77b81b8	0x141ccca08	spawncolorb
0x48115aaea77b81bd	0x141ccc9e8	spawncolorg
0x48115aaea77b81a8	0x141ccc9c8	spawncolorr
0x2fc49f9e497a528e	0x1416dc5d0	spawned
0x39e737f239a5dad4	0x141c9a548	spawnpoint
0x0cfd3581e337795c	0x141cc8b10	spawnposition
0x2fc49f9a5f7f5298	0x141cf2d40	speaker
0x3df330e33aa5c7d4	0x141cc0640	specialist
0xfdf3c1bf84fbba78	0x141ccc5c0	specifyactor
0xf172c6f5dc39db00	0x141ccbac0	specifyuser
0xe532c6849e656ca5	0x141cc8c10	spectatormode
0xe1f9d9ac93e6bb7e	0x141c39d90	speculartint
0xe32dc7c9c98a41b4	0x141701ca8	speed
0x6e02c89eea29bc68	0x141cf55f8	speedclampdiscradiusmax
0x6e02c89eea29b47e	0x141cf55d0	speedclampdiscradiusmin
0x10886758c4abd0f0	0x141cc0150	speedster
0x108b6d4ec0bec7e6	0x141ccd840	spforward
0x2b9d4869344b9492	0x141c4c3f8	sphereactor
0x2b9d486e22519893	0x141c5d038	spherefuncs
0x30f52be73aa5c7d4	0x141701400	spherelist
0x2fc49f975b665299	0x1416fe5b0	spheres
0x41d2d42d162a091b	0x1416fdf78	spline
0x34f937e73aa5c7d4	0x141701450	splinelist
0x8ae5d133540dc32d	0x141cf2d78	splinevalue
0xe32dc7c9c98056b5	0x1416cedd8	spore
0x28ff2aeb22a5dbce	0x141ccd820	spposition
0x41d2d42d0826061a	0x141c5d178	spread
0x2af92de738add9c5	0x141cf0ce8	spritename
0x2fc49f8d57605299	0x141720d60	sprites
0x5443fca26f600aba	0x14171e7c8	srcnodegraph
0x90a4526e10614cbf	0x141c31c80	ssao.ambientscale
0x8409fd9a14ddf189	0x141c31d18	ssao.bluriterations
0x288966a3c5ae9a63	0x141c31ca8	ssao.diffusescale
0x8db2ad8c9297a681	0x141c31cf0	ssao.fadedistance
0x944a9a9499269ea2	0x141c31cd0	ssao.fadestart
0x44141d11d315666d	0x141c31c18	ssao.flags
0x6f30084557d2fc5b	0x141c31c38	ssao.radius
0xcc8f61aa80ac7fe5	0x141c31c58	ssao.rejectradius
0xe32dc7c9cd8e56a4	0x141c2ebe0	start
0x106aeca4cff5a1e8	0x141cf16b0	startcondition
0x68215c7630afb57e	0x141cf31a8	startdisabled
0x25f995053df68a61	0x141cc91b0	starting
0x6526487437afbc69	0x141c5ce90	startingcells
0x32d16881567eb37b	0x141ccb788	startradius
0x148c7048c3b6d8e7	0x141cc9e08	starttime
0x73747b33cd626d40	0x141cca670	starttimestamp
0x9486b4bb46f3977b	0x141c49308	starttrans
0xc8c33e4829671fa4	0x141cc95f0	stat
0xe32dc7c9cd8e50b5	0x141c5fbf0	state
0x148c7659d9bed8e7	0x141cf0e80	statename
0x9480a5a155ff9c7b	0x141cf1000	statenames
0x41d2d4291b37020d	0x1416d58b0	states
0x34c069995f75a964	0x141ccbda8	statesymbol
0x148c765bc5b0c0f2	0x141ccac20	statgroup
0x100c19ceda6c8507	0x141c5d2c8	statheaderelements
0x2fc49b9e4a7d5499	0x141c9ad60	statics
0x25f9950327fe8963	0x141cc95d0	statname
0x41d2d4291b37120d	0x141702040	status
0x2fc49b9e4a625686	0x141cc9690	statval
0x5d2236b17e9a8697	0x141c5fc08	statvalueelements
0xaeb104a1140e1cda	0x141ccab10	steadyplayerlevel
0x86fc9f08f666c87e	0x141cf5450	stealdiscprob
0x41d2d4291f220b0d	0x141cc0360	steals
0xe32dc7c9cd8a45bd	0x141cc8da8	steam
0xc8c33e4829671ba0	0x141cf2e98	step
0xe32dc7c9cd8648bc	0x141cb5e88	still
0xebdeb98c6d139270	0x141cf0e08	stopeffectonexit
0x9a84afa151ea907c	0x141cf0010	stoponexit
0xe32dc7c9cd8056b5	0x141cbc440	store
0x93dfa2e144b45348	0x141cbc1c8	store_panel
0x14827059c4b3daf6	0x141ccc4e0	storeslot
0x5721af7886c0cb3e	0x141ccc8f8	storeslotfeatured
0x5e32ab7e81dbca3f	0x141ccc8d0	storeslotoverride
0x41d2d429082a0919	0x141cf20d0	string
0x0eed1646391259ca	0x141c9e330	stringarraycuridx
0x5db1c27f3575e6f1	0x141c9e358	stringarrayvalue
0x8b13b104c2c8fd11	0x141ccc890	stringeventdata
0x25f9861e27f88d62	0x141cf0620	stringid
0xe1b2725433b42973	0x141cf0520	stringtable
0x49ab176564ace792	0x141ceb0a0	stringtosymbol
0x149f6b52d0a9d4ee	0x141cefe00	stringval
0x149f6d49c3afc0f6	0x141ccb418	stroutput
0x41d2d42908350612	0x141ccc560	strval
0xc8c33e4829670bbe	0x141ca3a90	stun
0x809aacaa5af58d60	0x141ccc308	stunlength
0x2fc49b8a507a528e	0x141ccd4f0	stunned
0x2fc49b8a507a5298	0x141ccc2f0	stunner
0x0013c96ae0278629	0x141cf5430	stunpunchdelay
0xe32dc7c9cd9a4aa3	0x141cc02e0	stuns
0x25f981193df68963	0x141cf5410	stuntime
0xc3ed5e2039fe9ca3	0x14171c628	submissiondata
0x6bb365a7890e5331	0x141c4a920	subsystemtargetpage
0xd79504cd6d5e816c	0x141cf0050	subtitleactor
0x5c07c52516b93576	0x141cf2c38	subtitleson
0x2fc49a9c5d714499	0x141ccb4f0	success
0xb0e1b68558dba498	0x1416e4810	sudden_death_new_round_enter
0x939313b41be27085	0x1416e4850	sudden_death_new_round_update
0xaec894c31f710b10	0x141cc0530	super_star
0x41d2d4280a26151c	0x141cb0148	superb
0xfb9db7199bc109d9	0x141cf20e8	surfacearea
0x25fa9d032af78175	0x1416fd5f8	switches
0x516e03f87c6b52da	0x141cf03d8	switchgroup
0x516e03e96f6852cf	0x14170ef10	switchvalue
0x190f2a30d2746c51	0x141cf29a0	symbolarray
0xcb28412e613e6ff5	0x141cf26d8	symbolarrayo
0x1938d7a6be9d6b79	0x141cf2670	symbolarraysizeo
0xcb28412e613e6fec	0x141cf28a0	symbolarrayv
0xaeba21646b63383f	0x141ccc8b0	symboleventdata
0x190f2a38ce76785c	0x141cf2940	symbolinput
0x75b1d7727951af1d	0x1416fd878	symbolintents
0x2fc496925c7b5b85	0x141cf25a8	symbolo
0xcb284f29672f63ee	0x141cc9cc8	symboloutput
0x190f2a21c1746c45	0x141ccbfc0	symbolparam
0x8a02f456d2d3c959	0x141cf3308	symbolparamname
0x2fc496925c7b5b99	0x1416ed098	symbols
0x75acd6677f4bb41c	0x141ceb0c0	symboltoactor
0x2fc496925c7b5b9c	0x141cf27b8	symbolv
0x19806053dba9d4ee	0x141cefc90	symbolval
0x190f2a27c16a784d	0x141cf3328	symbolvalue
0x41d2d42417270218	0x141cc9d80	symdef
0x19806d49c3afc0f6	0x141ccb3f8	symoutput
0x41d2d42417350612	0x141ccc548	symval
0xc8c33e48296a10b3	0x141c9e1b0	sync
0x47632521a58ed2ee	0x141c438c0	synchJoint
0xc213318bc70e906c	0x141cf07e8	syncrotation
0x25f49a143df68963	0x141c5ce20	synctime
0xbe7bd2b05bbc5586	0x141cf07c8	synctranslation
0x65fd43c83cd3dde5	0x141c5fcb0	syncvolumes
0xb362d04410898587	0x141c39a80	sysparamdata
0x2fc4968c4a715a99	0x141c39480	systems
0xd1d52cf94503a852	0x14170ee68	t
0x22ec961b2cc48d5b	0x1416fcf30	table[i]
0xc8e8d0b1a884e3ed	0x1416d9cc8	tag
0x2fc38e9850755a8f	0x141c9d138	tagname
0xc8c33e482e7219a3	0x1416ff850	tags
0x31a94e0f7496ba7c	0x141cc9af0	takesdamageafterdeath
0xc8c33e482e7210bb	0x141cc06c0	tank
0x41d2d33c0824020a	0x141c8f4b8	target
0xe6cf90a738f3822c	0x141cc98f8	targetactivated
0x8e17df8e7ad25cba	0x1416fe3e0	targetactor
0xeaa9bc87a415c057	0x141c9a5a8	targetactorgs
0xe6cf96a337e68a2d	0x141cf0b68	targetactorname
0x1a5340a78e58ff5f	0x141c5fb58	targetactors
0x1a5343ab9e5ee85f	0x141ccc238	targetbodies
0xbc64c51886cdafe8	0x141715b28	targetcomponent
0x5803f1473ec57c61	0x141cf11e0	targetcomponentname
0x8e17df8c76d35dbc	0x141cc9b90	targetcount
0x1f004949fa97ef51	0x141c9c158	targetgamespace
0xf4871f54eeeb3f2e	0x141720f00	targethead
0x8e17df8576cf5dbc	0x141c9a5c8	targetjoint
0xcdf0cfca1ae2a4c3	0x141cf18e8	targetjointname
0x478ce2994d471114	0x141cf1970	targetjointorrefpoint
0x8e17df837cc755bb	0x141720e90	targetleafs
0xeaa4b090aa13c856	0x141cf0918	targetlocator
0x8e17df8276c256a4	0x141cf1950	targetmodel
0xf4871f54e8ef332f	0x141cf2480	targetname
0xba3c9c950b9ff737	0x141c9de58	targetoffsetls
0xd11096e148563ffd	0x141cf0958	targetori
0xeab8ba81a802c950	0x141cf0728	targetpercent
0xa53f88850b85ef37	0x141cf0790	targetpercents
0x1a5351a89b4ee85e	0x141c9a5e8	targetplayer
0x8e17df9f76cf5dbc	0x141c9c138	targetpoint
0xd11096e1484922e7	0x1416d5a18	targetpos
0xa535898f1a82f42a	0x141c9bb00	targetposition
0xa73f9c960182f530	0x141cf06a0	targetrefpoint
0xd11096e1484b22e0	0x141cf0938	targetrot
0xa7358e871a82f42a	0x141c9bb20	targetrotation
0xc4754d898c587d47	0x141cf06c0	targettransform
0xf4871f54f2f72e2f	0x141c9c1f8	targettype
0x22ec86102ceb9375	0x141c9de38	targetws
0xa03f53f544c01ffb	0x141cd1220	tcpmessage
0xc8c33e482e761fbd	0x141ccace8	team
0xe32dc7cedc8e49e0	0x141cc9768	team0
0xe32dc7cedc8e49e1	0x141cc9780	team1
0xe32dc7cedc8e49e2	0x141cc9798	team2
0xe32dc7cedc8e49e3	0x141cc97b0	team3
0xe32dc7cedc8e49e4	0x141cc97c8	team4
0x338ef762e11de076	0x141cc00a0	team_player
0xe1c16321def4cc6c	0x1416e4638	team_room_wait_enter
0xfbc46082c080fbcf	0x1416e4660	team_room_wait_update
0x2da9a74462e9da6e	0x141cf5ef0	team_slot_00
0x2da9a74462e9da6f	0x141cf5f10	team_slot_01
0x2da9a74462e9da6c	0x141cf5f30	team_slot_02
0x2da9a74462e9da6d	0x141cf5f50	team_slot_03
0x2da9a74462e9da6a	0x141cf5f70	team_slot_04
0x2da9a74462e9db6e	0x141cf5f90	team_slot_10
0x2da9a74462e9db6f	0x141cf5fb0	team_slot_11
0x2da9a74462e9db6c	0x141cf5fd0	team_slot_12
0x2da9a74462e9db6d	0x141cf5ff0	team_slot_13
0x2da9a74462e9db6a	0x141cf6010	team_slot_14
0x7edb43b8bb4eb36a	0x141ccaca8	teamalignment
0x22e8951a2bf39163	0x141c9c0b0	teamblue
0xd5039ce7534c23e0	0x141cc9670	teamcount
0x41d2d3381b2e0e1a	0x141c5ce78	teamid
0x2fc38a9e537d5392	0x141cc8f28	teamidx
0x22e8951a27fe8963	0x141ccac88	teamname
0x2fc38a9e5366528e	0x141c9c098	teamred
0xe32dc7cedc8e49a3	0x141ccd8c0	teams
0x4ae9900888b57096	0x141ccad00	teamselect
0x22e8951a3af38b72	0x141cc8f40	teamslot
0x4fe3860e8ba57d96	0x1417212e8	tedgecount
0x41d2d3381e24020d	0x141720e58	tedges
0x5fa4fb70b8d98c7a	0x141ccb978	teleportactorsholdingontoself
0xafe9c38fb62a9d7f	0x141ccb958	teleportobjects
0xc4fce68fb711817f	0x141ccb930	teleportremoteplayers
0xaff2ce84b03d867e	0x141ccb910	teleporttoactor
0x46f48c1f85bc7283	0x141c9cbe8	temporalaa
0x22e899073af78b71	0x141c9ba50	tempshow
0x59e98a0385a47686	0x141cc9208	terminated
0xf2c2d24c01eaa50e	0x141c9cfa0	tertiarycolor
0x60c0a0ab8db72349	0x141c328a0	tesselation.displacemaxdistance
0x22081afaea2c0c1c	0x141c32930	tesselation.endfadedist
0x965a51ce9b39b2b1	0x141c328d0	tesselation.pixelspertriangle
0x76ae35e5315b014b	0x141c32878	tesselation.smoothalpha
0x2d02d58d1b61dc9e	0x141c32900	tesselation.startfadedist
0x76ccb4c7946957a7	0x141c88580	test_vr_scan_data_creep_active
0xf45430dc658dfe39	0x141c885b0	test_vr_scan_data_creep_aggressive
0x3f9825f1005e4668	0x141c885e8	test_vr_scan_data_creep_dormant
0x41d2d33809370e1a	0x141cf0990	testid
0x2fc38a8c4a7d598d	0x1416d81b8	testing
0x58f0910897a57f96	0x141cf09a8	testresult
0xbd641ec8dbf546ab	0x141c38430	texcompress_bc1
0x523aed09fee59072	0x141c2e5b8	texel_debug_1024x1024_clr
0xd51a9deb535238e4	0x141c39b18	texlookup
0xd51a9ee25a4a28e0	0x141c39e18	texoffset
0x22e88c042afe8863	0x141c39df8	texscale
0x22e88c0425f09075	0x141c39978	texslots
0xc8c33e482e7606a4	0x141c73368	text
0x2fc38a874a61458f	0x1416fe878	texture
0x53f0961f81b97791	0x141c394b8	textureids
0x1665079c33cd0994	0x141ccc5e0	textureindex
0xeea68497fb57d6fb	0x141c9a588	texturename
0x0f326496372eebd7	0x141c9cd18	texturequality
0x22e88c033ced8175	0x141c5d3f8	textures
0x586ff822a781b756	0x141cf1d68	tfcomponent
0xe32dc7ced18a50b1	0x141cf2e38	theta
0xd80b92ef525c3ee7	0x141c400f0	thickness
0xe32dc7ced18641b6	0x141cc0080	thief
0xbec54ec6a104c27b	0x141cc0300	threepointgoals
0xd81094f7545621f0	0x141c401e8	threshold
0x35b711c9b72274b0	0x141c9d1a0	thrownactor
0x016141b005b024f5	0x141c9d518	thrownactorgs
0x980fefb95b2845a4	0x141c9d538	throwncomponent
0x851f198775cb3a09	0x141c9d1c0	thrownonly
0xb0840f15014c2063	0x141c5d058	thumbnailassets
0xc241b6840ef49dc8	0x141c9df58	tickamountalongpath
0xd9019ae7534c23e0	0x141c9df80	tickcount
0xc8c33e482e7a1ba2	0x141c9c650	tier
0xd90783e0595539f5	0x141ccc798	tierdelta
0x2fc3869a4c7d5392	0x141cca428	tieridx
0xd90783f44e502ef1	0x141ccc7b8	tierprice
0x2fc3869a4c675c9f	0x141cca3f8	tiersku
0xd90783f748583fe0	0x141ccc778	tierstart
0xc8c33e482e7a13b5	0x141cf10a0	time
0xf7973f5125a2a9aa	0x141c9aab0	timebetweengrowth
0x974c538681b90add	0x141c9aa90	timebetweennags
0x22e499122df09172	0x141cc9440	timedout
0xb14c2ed5305fa46e	0x141cf0570	timeformat
0x1da822cf7ab7ed4b	0x141cf1800	timelastdialogue
0xe32dc7ced08241a2	0x141cf1640	timer
0x5e96745c3dad53c5	0x141cca1c0	timeremaining
0x5c276434b37c8d3e	0x141cca1e0	timeremainingstr
0xd90f94f755572ef1	0x141c9ce48	timesince
0x23ec3e918739a49f	0x141c9ab20	timesincedialogue
0xa41433b08457e696	0x141ccd7c8	timesincelastblockedpunch
0x2be42c89803bbd9e	0x141cc8c68	timesincelastheld
0xd90f94f7485820e4	0x141c9d4b8	timestamp
0xc8c33e482e7a10a4	0x1416d9d28	tint
0x3eb6637167b65ca7	0x1416e0aa0	tint_alignment_a
0x3eb6637167b65ca4	0x1416e0ac8	tint_alignment_b
0xd90c85db5e5629ed	0x1416e5d68	tint_body
0xf96f4b7be7f7cf23	0x141c438e0	tint_primary
0xa3c29aaa186ecea3	0x141c43900	tint_secondary
0x78c6232ade4dcecc	0x141c43920	tint_secondary2
0xe32dc7ced08150b2	0x141cf0208	tintb
0xe32dc7ced08150b7	0x141cf01f0	tintg
0xe32dc7ced08150a2	0x141cf01d8	tintr
0xc8e8d0b1a884ebfa	0x141c9c6f8	tip
0xd91298e95b4f2ce6	0x141c9c2a0	tipimgvar
0x41d2d3340a33080d	0x141cf2150	tippos
0xe32dc7ced09b48b5	0x1416d9cf8	title
0xd9169de1525820f1	0x141c9c578	titlename
0x1b96619978e71b92	0x141c4bd68	titleposition
0x313d0759bc6b9825	0x1416febc0	to
0x39b0a42717b8e53d	0x141c31498	tonemapping.linearangle
0xf4efb6fc68df391a	0x141c31468	tonemapping.linearstrength
0xe375594e160b956e	0x141c31438	tonemapping.shoulderstrength
0xc8df9e58d5c95cd0	0x141c314c0	tonemapping.toestrength
0x458f0669385ff75f	0x141c31410	tonemapping.type
0x4f11648931649bb6	0x141c314e8	tonemapping.whitepoint
0xc8c33e482e7c11bc	0x141c9a4d8	tool
0xdf0d86ea594b24f0	0x141ccb8f0	toownerid
0x578ff130e826dc15	0x141ca3898	topplayers
0xe32dc7ced69d57bf	0x141ca38d0	torso
0x4649a33494517a7a	0x141c6e3a0	torso_pattern_color_0
0x4649a33494517a78	0x141c6e3c8	torso_pattern_color_2
0xe32dc7ced69b45bc	0x141c9da20	total
0xdf1690e8635738f9	0x141cc9998	total_num
0x80c1a9e86ae44ded	0x141c9cfe0	totalcolors
0x80c1acf567e65aed	0x141cf2a60	totalframes
0x99fcb4d93e1ed169	0x141ccbc70	totalmapobjectivedistance
0x5e4f34a35c814eda	0x141ccbca0	totalmapobjectivepercent
0x2fc3808a5d7c5299	0x141c9ad78	touches
0x22e2811421ed857f	0x141c9c0e8	touchray
0x528df330fc26c012	0x141ccb108	tournament
0x2ffa1e81853bb226	0x141c4c2f0	trackactor
0xee3ee02bbe52703a	0x141c9c7c8	trackercount
0x16648acc661c3568	0x1416cf608	transaction
0x2ac97abe5d332fb9	0x141c9a528	transferrate
0xc2039ff75a563ff9	0x1416fe848	transform
0xae2f0a15565561b4	0x141cf09e8	transformcomp
0x4e34fdd8a87c4cf3	0x141cf0b88	transformcomponentname
0xae2f0a1559537fb0	0x1417013d0	transformlist
0x49a211ed1597891f	0x1416fd078	transformnames
0x1f49023dc3e280ad	0x14170ee40	transformoffsettype
0x2ff70686893db027	0x141c5d078	transforms
0x0d47e841a9f20a46	0x141cd76c0	transfqnointerp
0xf37c23866a6472d0	0x141cd76e0	transfqsnointerp
0x43d742042238b7a6	0x141ccc718	transitionduration
0xbb2d1717415265aa	0x14170f078	transsmoothin
0x7810c9dcaf25717a	0x14170f098	transsmoothout
0xac29ee956d4432fe	0x1416ff6f0	traveldirection
0xc20b90ea5b5528e7	0x141c40160	triangles
0x45b9bc47bea8af32	0x141c9c868	triggerhand
0x45b9bc47b8a8ac33	0x141cf2e18	triggername
0xf8936a8943252795	0x141cf51f8	ttgtodisableblocking
0xa4fd167d412a79f7	0x141cf5220	ttgtogetdisc
0x22f880183bf6856a	0x141c9dbd8	tutorial
0xc8c33e482e651fbc	0x141c9d828	tval
0xc8e8d0b1a884fafe	0x141c9c6c8	txt
0xc8c33e482e6a0eb5	0x1416eb908	type
0x1a0cdd562cd3e5e3	0x141c38be8	type##Array
0x2fc3968f5b4b5e84	0x141cc9a38	type_in
0x19de72e6a52f96c2	0x141cc9978	type_index
0x75089a8be4482ad4	0x141cc9a68	type_index_in
0xc91294db525820f1	0x141cc9938	type_name
0x22f4841216ec9d6b	0x141cc9958	type_sym
0xe32dc7cec09f41a3	0x141720da8	types
0x2fc3968f5b674398	0x141cca300	typestr
0xff4ea5b610c7b190	0x141cf23f0	uduration
0x41764831f0954bf7	0x1416d2b58	ui_font_huge
0x8b588371fc2dbc8f	0x1416d2b38	ui_font_large
0xd332013b5d7f0483	0x1416d2b18	ui_font_medium
0x8b58836ef03eb786	0x1416d2af8	ui_font_small
0xfe6631bc7a52b869	0x1416db178	ui_name_text_static
0x6a03c3fb262735e1	0x1416d9120	ui_number_array
0x2fc2869e5d605898	0x141c9cdd8	uiactor
0xad280b7e1521bfb0	0x141c9cdf0	uicomponent
0x0d27d109bb433dc4	0x141c9be50	uidescription
0xf25ebbb209cbb08a	0x141c9ce10	uielement
0xeda83417e02a0c7b	0x141ccc638	uielementname
0x23e49c1228fb8174	0x141c9be30	uiheader
0xf205c2e206dfc761	0x141cca010	uiicontexture
0xa07dec8b843681d1	0x141ccbb20	uiitemname
0xd16d8d118e08d2f4	0x141cc9f80	uioffseasonstartdatetext
0x5e6c9137f74d97b0	0x141cc9fe0	uioffseasontierunlockedtext
0xe1d48a4553a6a5a2	0x141cc9fb0	uioffseasontimetonextseasontext
0xb97be089983e98cd	0x141c9ae28	uipriority
0xf7f0e9986127aba6	0x141cc9f50	uiseasonprogressionupselltext
0x7a310d5ecf31eeec	0x141cc9ef0	uiseasontrackheaderstarttext
0xdf613bb62098f7b6	0x141cc9f20	uiseasontrackheaderupselltext
0x2fc2868c4a75438f	0x141cc8fa8	uistate
0x48c409527ff54f42	0x141cca610	uistorepanelheaderstarttext
0xa261d4fece9d2482	0x141cca640	uistorepanelheaderupselltext
0x23e4821e2ce88162	0x141c9d2a8	uiviewed
0xf24dbea40dccb29b	0x141c9d2c8	uivisible
0x78f5093706df71c6	0x141cbc468	unassigned
0xf558bbb60dc3bb9a	0x141cb5e68	unclaimed
0x2fc28196587d528e	0x1416d61e0	unified
0x976fe0cb9ecbd496	0x141cc90b0	uninitialized
0x70f70f3b12dd7bd6	0x141ccaa10	uniqueslot
0x23e39d0f3df68963	0x141dc17f0	unixtime
0x2fc28194507b4084	0x141cbd110	unknown
0x41d2d233162a0915	0x141c9a930	unlink
0x209503ddc7357c84	0x1416ccaf0	unlock_echo_combat
0x23e398182af48162	0x141cc94c0	unlocked
0xf557b8b40fc7ba86	0x141cca498	unlockidx
0x443224bb2d3fb20c	0x1416cf808	unpause_finished
0xb2d820e74957d4b5	0x1416cf790	unpause_ready
0x23e384163cec8162	0x1416e5218	unpaused
0x79593ddddf6f5549	0x141cc0120	unrelenting
0x9b58ffa8dd53cd67	0x141ccb848	unsocketplugangularvelocityangle
0x65a0081e0bc682bb	0x141ccb818	unsocketplugangularvelocityaxis
0x3cfd61ba9617147d	0x141ccb7e8	unsocketplugworldvelocity
0x43030e9092f3c421	0x141cc0180	unstoppable
0xf1b15ea8c6c5fcce	0x141721288	unusedsedgeidx
0xf6b15ea8c6c5fcce	0x1417212a8	unusedtedgeidx
0x313d0759bc6b993a	0x141c9d618	up
0x23fd90163dfa9675	0x1416fe198	updaters
0xf992d3e99a94702b	0x14171c648	updatingnodedata
0xa8723ee9c180e28e	0x141c68e48	updownboost
0xeb4bb2a507cfad9b	0x141cf3020	uppercase
0xdeff290de1fdadf3	0x141cc9eb0	upsellactive
0xe32dc7cfc99941b3	0x1416fe428	upvec
0xc8e8d0b1a885f0e3	0x141c3d328	uri
0x2f83f78162cf06fc	0x141cd3450	us_central
0x2fc29ca05b75449e	0x141cd3470	us_east
0x2fc29ca04971449e	0x141cd3438	us_west
0xe67de9a24dcd4997	0x141c9a6f0	useadditiveheadanimations
0xe85eb6b907c6b18c	0x141cf1338	useanchor
0x6bc19b3fd872de5c	0x141cf2b60	usearclength
0x6fc7853bd17cc453	0x141c9d578	useaveraging
0xe85eb5bb0dc0b58d	0x141c9a6d0	useblinks
0xc8c33e482f601bb4	0x1416d59e0	used
0xb7445b5c63be1b11	0x141c9d1e0	usedynamics
0xbb58545962b81709	0x141c9a630	useheadlook
0x06d44b619a87178e	0x141c9b298	uselastcheckpoint
0x158de29f77c814f5	0x141c9dc40	usemppause
0x23fe910720eb876e	0x141cf24b8	usepitch
0x23fe910720e98b72	0x141cf12f8	usepivot
0xa35246547abe170c	0x141cf1288	useposition
0x1590e79c7ed212e4	0x141cf0858	usepushout
0x8eb296febfb74c59	0x1416e5a28	user_indices
0x1592f38b7fdc09e3	0x141cf00e8	useradians
0x1592f39675dc14e4	0x141c9d180	useraycast
0x23fe91052dfe9067	0x141cf00a0	userdata
0x41d2d22e1f310e1a	0x141cc8d38	userid
0x2fc29c9a4c7d5392	0x141cc8ef0	useridx
0x23fe910527fe8963	0x141ccd3b8	username
0x2fc29c9a4c7b5b86	0x141cf24d8	useroll
0x23fe91053af38b72	0x141cc8f08	userslot
0x23fe91053de69463	0x141cc8e28	usertype
0x656e3b9bdb5696dc	0x141c9a680	usesaccademovement
0x2fc29c9a4d7d4d8f	0x141cf12c8	usesize
0x9824270d6b844314	0x141c9a650	usesmoothpursuitmovement
0x7cd0407579c94cf5	0x141cf19b8	usesquaredistance
0x1593e68e62d404e3	0x141c9d200	usestatics
0x1593eb8274d20be3	0x141cf0aa0	usesymbols
0xb725ed52fd8b0163	0x141cf06e0	usetargettransform
0x586c430263ca303b	0x141ccc9a8	usetransform
0xa64d43586da31710	0x141cf2550	useupvector
0xba0ba15dedac1232	0x141c9a6a8	usevergencemovement
0x41d2d22e1f3a0609	0x141cf24a0	useyaw
0x2dc06f3516a99867	0x141c9dc20	usinglowspec
0x41d2d22b0926130d	0x141c39960	uvsets
0x20bf9b023def9172	0x141ccb398	v2output
0xe32dc7cc8b9945bc	0x141ccc500	v2val
0x20be9b023def9172	0x141ccb3b8	v3output
0xe32dc7cc8a9945bc	0x141ccc518	v3val
0x20b99b023def9172	0x141ccb3d8	v4output
0xe32dc7cc8d9945bc	0x141ccc530	v4val
0xc5f3ce3fadb6a604	0x141c6e4c8	v_scroll_speed
0xc8e8d0b1a886e3e6	0x141701268	val
0xe32dc7ccd8834db4	0x141c9cec8	valid
0x30d0183bf105ca66	0x141cc9bb0	validhitactor
0x2fc18e934a6d478f	0x141cefc78	valtype
0xe32dc7ccd88351b5	0x1416eb858	value
0x20ec98022cc08d68	0x141cf2f98	value_in
0x2fc18e934b716886	0x141cf2000	value_l
0x87bcc847d2791e34	0x141ccca90	value_out
0x2fc18e934b716898	0x141cf2018	value_r
0xae4741d443530df3	0x141cf1718	valueexists
0x87bcc847e3770625	0x141cefdc0	valuename
0x20ec98022cec9074	0x141cf2f78	valuestr
0x87bcc847f96f1b25	0x141cf1738	valuetype
0xf2a5b2fd7094d259	0x141cf0d08	variablename
0x87a2d443ef7a0e33	0x141c399d0	variables
0x2fc18e8d50755a8f	0x141ccb368	varname
0x2fc18a9c0d70528c	0x141cc9d38	vec3def
0x62f60ea1c06a35ca	0x141cc9c68	vec3output
0x83b38e52ec640a2d	0x141ccbf60	vec3param
0x2fc18a9c0a70528c	0x141cc9d20	vec4def
0x62f10ea1c06a35ca	0x141cc9c48	vec4output
0x83b38952ec640a2d	0x141ccbf40	vec4param
0x41d2d1381937080c	0x141cf2108	vector
0xc7734c5783a4cebf	0x1416fd8a8	vectorintents
0x20e898182af6907f	0x141c309c0	velocity
0x3ae5fc38cf7d5161	0x141c39d18	velocityinheritance
0x2fc18a8d5c7b448f	0x141dc1938	verbose
0xdade7f093d0dc170	0x141c48bd0	vergenceanimation
0xfcc07f8daa2443fa	0x141c48ba0	vergenceanimset
0xfcc37d81a93343fc	0x141c48c10	vergenceblender
0xa6c71eb5165c3034	0x141c48c40	vergencelayer
0xa2cd619027047803	0x141c48cb0	vergencemaxdistance
0x4a1bc4551899247b	0x141c48c70	vergencemindistance
0xe9da413f7a52cde5	0x141c2f908	vertexbuffers
0xe32dc7ccdc9d50a3	0x14171f008	verts
0x83a2c47de8771839	0x1416c9d30	very_easy
0x83a2c47de5771924	0x1416c9dd8	very_hard
0x20e8860e2cfe977f	0x141c9e420	veryeasy
0x20e8860e21fe9662	0x141c9e480	veryhard
0x2fc1879e50705b8f	0x141cf4198	vhandle
0x2fc1869a4970589e	0x141c9db38	viewdot
0x41d2d1341f34021a	0x141c9b3c8	viewed
0x608a7451636fd4ea	0x141cf24f0	vieworiented
0x7f976f40607ac2e5	0x141ccca48	viewportmask
0xb661ddc2472241c9	0x141c340c0	vignette.curve
0x67530b5826491486	0x141c340e0	vignette.exposureoffset
0x41d2d13409210806	0x141c39530	visbox
0x2fc1868c57765b8f	0x141c9db50	visible
0xc8c33e482c7c17a0	0x141c9ca90	voip
0x20e29d0724f08063	0x141c9cb48	voipmode
0x24c55d088c148716	0x141c9cb68	voipmodeffect
0x41d2d13216360a1b	0x141702088	volume
0x2fc180934b7952db	0x1416fd450	volume1
0x48e2d461459ad508	0x1416fd4c0	volume13dtransition
0x3005784fffa25cca	0x1416fd470	volume1ambienttransition
0x2fc180934b7952d8	0x1416fd500	volume2
0x7eaac0159c62db26	0x1416fd570	volume23dtransition
0xb4ed791eeba9882e	0x1416fd520	volume2ambienttransition
0x5d46f5438f1b76de	0x141c30948	volumelight
0x2fc180934b795299	0x1416fddc0	volumes
0x5d46f55b94157dd9	0x141c9cc28	volumetrics
0x948fde43e0731921	0x141c438a0	vr_camera
0x94b5d343ef7a0e24	0x141c9dba0	vrenabled
0xd1d52cf94503a851	0x14170eef8	w
0xc8c33e482d7217a4	0x141ccba70	wait
0xd0f55faa0c444adc	0x141cf0de8	waitforend
0xfc6140cc02f9c63d	0x1416e4778	waiting_to_return_to_lobby
0xa840ba69063f3183	0x141ceff78	waitonactiveonly
0xd0ea5b58679a53eb	0x141c9b478	waitoninactivegamespaces
0xd0f556ab124e45dc	0x141ceff58	waitonload
0xc8c33e482d720ca0	0x141c9aa38	warp
0x41d2d03c0833021a	0x141cf1cf0	warped
0x41d2d0381b330810	0x1416d7798	weapon
0x1912abc44d5520d4	0x141c9c780	wearingheadset
0xa8ecf01dacf69144	0x141cca4d8	weeklywin
0xe32dc7cdd18647b8	0x141cccd68	which
0x41d2d0341e24020a	0x141c4ca60	widget
0xe32dc7cdd08b50b8	0x141c5cfe8	width
0xc8e8d0b1a887ebe4	0x141cc9658	win
0xc8c33e482d7a10a3	0x141ca3518	wins
0x21e2861b2def8b75	0x141c9d758	worldpos
0x6af2bac7198db7f1	0x14170f038	worldspace
0x41d2d02f1b2a1316	0x1416d7810	wraith
0xc8a7f18acec4951b	0x141cf1080	writestorage
0xd1d52cf94503a85e	0x14170ee98	x
0xc8c33e48227111a8	0x141cc8de0	xbox
0x313d0759bc6b942c	0x14171d8b8	xf
0x313d0759bc6b943a	0x141cc9608	xp
0x060b03c001362b93	0x1416d6328	xp_bonus_amount_first_game_of_the_day
0x583b7c55a6718f01	0x1416d6360	xp_bonus_amount_first_win_of_the_week
0x0d0d3cd563b099d6	0x1416d9c50	xp_boost_individual
0x7702615a6a13d763	0x1416d9c78	xp_boost_party
0x2efd951a26ea8a72	0x141cca398	xpamount
0x982e1bea06e554b4	0x141cca3b8	xpamounttotal
0x53041fc047ff1f2e	0x141cca240	xpindividualmultiplier
0x193874e723ec02b6	0x141cc8d88	xplatformid
0x41d2df2d162c140d	0x141cca148	xploss
0xd45688bec39c16e4	0x141cca268	xppartymultiplier
0x2efd801827fa9c72	0x141cc9728	xptonext
0x2fcf9f8b51605686	0x141cca228	xptotal
0xe32dc7c2c9984dbe	0x141cca130	xpwin
0x35ae3434ffb6fa14	0x141cf0898	xrangemax
0x35ae3434ffb6f202	0x141cf0878	xrangemin
0x2fcf969d517b449e	0x141c68df8	xyboost
0x313d0759bc6b9430	0x141cf3108	xz
0xd1d52cf94503a85f	0x14170eeb0	y
0xc8e8d0b1a889e3fd	0x141c9c8a0	yaw
0x41d2de3f152c140a	0x141c68e10	yboost
0xc8c33e4823761fa2	0x141cf04c8	year
0xd1d52cf94503a85c	0x14170eec8	z
0x740f799f449dd3cc	0x141c68a70	zeroJoint
0x740f799f449dd3cc	0x141708de0	zerojoint
0x49ab4139204d5203	0x141cf0ee8	zonecomponentname
0xe32dc7c0d68141a3	0x1416feb70	zones
0x631c78924e99dcc0	0x141cf08d8	zrangemax
0x631c78924e99d4d6	0x141cf08b8	zrangemin
